OBJECTID,GEOID,Tract Label,Tract Name,Community Reporting Area Name,Community Reporting Area ID,Year,Community Reporting Area Vacancy Rate,Year over Year Vacancy Rate Change,PROPERTIES,UNIT_COUNT,CONCERN,Shape__Area,Shape__Length
1,53033001201,12.01,Census Tract 12.01,Northgate/Maple Leaf,8.1,2001,0.071,0.026,21,1209,,10851861.641449,15899.7733430541
2,53033000404,4.04,Census Tract 4.04,Broadview/Bitter Lake,9.1,2001,0.064,0.027,7,454,,6791652.7237854,12962.5584131713
3,53033004901,49.01,Census Tract 49.01,Fremont,11.1,2001,0.059,0.015,106,977,,5350888.21542358,9379.65576684679
4,53033003601,36.01,Census Tract 36.01,Green Lake,9.4,2001,0.068,-0.032,34,412,,7255879.06799316,11894.2888948854
5,53033002800,28,Census Tract 28,Greenwood/Phinney Ridge,9.3,2001,0.052,0.021,31,290,,10637151.8217773,13201.311297987
6,53033003100,31,Census Tract 31,Sunset Hill/Loyal Heights,10.3,2001,0.047,0.019,14,107,Medium,23137464.0452271,24704.5678017235
7,53033006400,64,Census Tract 64,Miller Park,6.4,2001,0.049,0.01,5,103,Medium,9726351.90356445,13186.7701844683
8,53033004301,43.01,Census Tract 43.01,Ravenna/Bryant,7.3,2001,0.043,0.014,8,69,Medium,10539780.5728455,17192.703749828
9,53033002500,25,Census Tract 25,Ravenna/Bryant,7.3,2001,0,0,0,0,,10594634.2979736,16442.9685869958
10,53033002200,22,Census Tract 22,Wedgwood/View Ridge,7.4,2001,0.027,0,5,73,High,30127208.0188904,28505.8067930163
11,53033004000,40,Census Tract 40,Laurelhurst/Sand Point,7.5,2001,0.019,0,2,54,High,26374983.680542,27560.0138429836
12,53033005804,58.04,Census Tract 58.04,Interbay,12.2,2001,0.112,0.076,34,572,,25124062.7388306,48668.2722430527
13,53033006800,68,Census Tract 68,Queen Anne,12.3,2001,0.051,0.017,23,234,,7729250.27154541,11275.3773479613
14,53033008102,81.02,Census Tract 81.02,Downtown Commercial Core,13.2,2001,0.081,0.023,5,173,,5987812.08642578,14339.9950294181
15,53033008101,81.01,Census Tract 81.01,Downtown Commercial Core,13.2,2001,0.037,0.02,5,885,Medium,2992165.47857666,11427.1467556707
16,53033007902,79.02,Census Tract 79.02,Central Area/Squire Park,5.3,2001,0.045,0.017,13,176,Medium,4641637.80010986,9715.12087740264
17,53033007302,73.02,Census Tract 73.02,Cascade/Eastlake,11.3,2001,0.208,0.151,4,663,,3368769.26522827,7802.42635391176
18,53033007101,71.01,Census Tract 71.01,Queen Anne,12.3,2001,0.073,0.016,13,370,,5328474.60678101,9004.94722654019
19,53033009300,93,Census Tract 93,Duwamish/SODO,3.3,2001,0.057,0.019,10,261,,102171584.839813,53946.3734519274
20,53033010502,105.02,Census Tract 105.02,West Seattle Junction/Genesee Hill,1.3,2001,0.103,0.019,22,379,,10504351.3417664,14546.1362419116
21,53033010001,100.01,Census Tract 100.01,North Beacon Hill/Jefferson Park,3.6,2001,0.056,0.016,16,198,,25052474.6053925,25628.9245317132
22,53033009801,98.01,Census Tract 98.01,West Seattle Junction/Genesee Hill,1.3,2001,0.059,0.017,19,219,,10814248.9397583,13291.5490832838
23,53033008900,89,Census Tract 89,Madrona/Leschi,5.1,2001,0.047,0.021,15,234,Medium,13690717.169342,19328.7463975703
24,53033026300,263,Census Tract 263,Rainier Beach,4.1,2001,0,0,0,0,,30724.63331604,954.048024444965
25,53033012000,120,Census Tract 120,Arbor Heights,1.1,2001,0,0,0,0,,15560990.4431915,16787.974281693
26,53033011101,111.01,Census Tract 111.01,Columbia City,4.2,2001,0.053,0.018,13,170,,12236718.0846863,15552.0743493747
27,53033011001,110.01,Census Tract 110.01,South Beacon Hill/NewHolly,3.4,2001,0,0,0,0,,11629041.0737,16287.3553131872
28,53033010800,108,Census Tract 108,Riverview,2.3,2001,0,0,0,0,,44087445.2204437,39019.3474976913
29,53033000800,8,Census Tract 8,Cedar Park/Meadowbrook,8.3,2001,0,0,0,0,,12290810.0239868,15312.0874645944
30,53033003400,34,Census Tract 34,Greenwood/Phinney Ridge,9.3,2001,0.043,0.011,9,93,Medium,8472471.71472168,12629.322933575
31,53033005306,53.06,Census Tract 53.06,University District,7.2,2001,0.039,-0.001,16,435,Medium,2157906.05789185,5954.87262312138
32,53033004302,43.02,Census Tract 43.02,Ravenna/Bryant,7.3,2001,0.057,0.016,60,981,,3564115.6701355,7987.27441919544
33,53033002400,24,Census Tract 24,Wedgwood/View Ridge,7.4,2001,0,0,0,0,,10359919.7832642,13151.7125244876
34,53033004102,41.02,Census Tract 41.02,Laurelhurst/Sand Point,7.5,2001,0.045,0.009,7,224,Medium,17933927.2689209,23350.8002922279
35,53033005600,56,Census Tract 56,Magnolia,12.1,2001,0,0,0,0,,32045056.1363831,29943.5055294428
36,53033006703,67.03,Census Tract 67.03,Queen Anne,12.3,2001,0.073,0.021,36,614,,6427171.88375854,10846.4930444777
37,53033006100,61,Census Tract 61,Montlake/Portage Bay,7.1,2001,0.083,0.015,80,990,,11959193.7410278,21477.2648301767
38,53033005700,57,Census Tract 57,Magnolia,12.1,2001,0.063,0.015,28,352,,53305584.4251709,44506.5655358236
39,53033005901,59.01,Census Tract 59.01,Queen Anne,12.3,2001,0.057,0.011,29,389,,8449086.71850586,19075.2924234318
40,53033008401,84.01,Census Tract 84.01,Capitol Hill,6.2,2001,0.066,0.015,18,783,,2700766.60922241,9275.81826751285
41,53033008300,83,Census Tract 83,First Hill,6.1,2001,0.053,0.018,12,867,,2561276.49777222,8632.13489440587
42,53033007501,75.01,Census Tract 75.01,Capitol Hill,6.2,2001,0.052,0.014,82,1454,,3210519.93661499,7219.62364175991
43,53033009702,97.02,Census Tract 97.02,West Seattle Junction/Genesee Hill,1.3,2001,0.048,0.019,7,105,Medium,23899907.4262695,28258.7625684306
44,53033008800,88,Census Tract 88,Central Area/Squire Park,5.3,2001,0.052,0.013,27,230,,10210038.8581238,13202.5268569703
45,53033008500,85,Census Tract 85,First Hill,6.1,2001,0.074,0.017,18,884,,4854121.3192749,9025.58161466663
46,53033026500,265,Census Tract 265,Highland Park,2.5,2001,0,0,0,0,,4617675.48258972,11234.9647811896
47,53033011601,116.01,Census Tract 116.01,Fauntleroy/Seaview,1.2,2001,0.038,0.013,6,80,Medium,16710842.8944397,20011.9659924997
48,53033011300,113,Census Tract 113,Highland Park,2.5,2001,0.055,0.025,16,328,,37260682.9683075,27184.1613850878
49,53033011500,115,Census Tract 115,Roxhill/Westwood,2.4,2001,0.1,0.02,12,250,,16558652.7529297,19887.3089363241
50,53033010601,106.01,Census Tract 106.01,Fauntleroy/Seaview,1.2,2001,0.04,0.011,24,375,Medium,11724162.319458,14458.8370353337
51,53033001202,12.02,Census Tract 12.02,Northgate/Maple Leaf,8.1,2001,0.073,0.021,9,422,,8841145.88363647,13324.9900925288
52,53033000102,1.02,Census Tract 1.02,Cedar Park/Meadowbrook,8.3,2001,0.066,0.025,13,320,,15446821.4830017,19552.3623304664
53,53033004701,47.01,Census Tract 47.01,Ballard,10.4,2001,0.051,0.014,48,624,,6036028.32614136,13539.0476262898
54,53033004500,45,Census Tract 45,Wallingford,11.2,2001,0,0,0,0,,7222109.8883667,11018.3020934985
55,53033002900,29,Census Tract 29,Greenwood/Phinney Ridge,9.3,2001,0.062,0.021,23,241,,10614791.1058044,13366.3196709081
56,53033004201,42.01,Census Tract 42.01,Ravenna/Bryant,7.3,2001,0.051,0.017,10,178,,13390664.2680969,18286.1439211159
57,53033007403,74.03,Census Tract 74.03,Capitol Hill,6.2,2001,0.046,0.013,49,1007,Medium,1276089.0690918,5227.49528678734
58,53033007002,70.02,Census Tract 70.02,Queen Anne,12.3,2001,0.06,0.019,76,1561,,4746869.84552002,9490.79905735624
59,53033005803,58.03,Census Tract 58.03,Interbay,12.2,2001,0.059,0.019,29,323,,8956173.42456055,17129.1988103483
60,53033005902,59.02,Census Tract 59.02,Queen Anne,12.3,2001,0.068,0.019,10,103,,11010649.894989,15184.2205727179
61,53033004902,49.02,Census Tract 49.02,Fremont,11.1,2001,0.057,0.023,64,733,,6448262.3397522,10801.7314915315
62,53033005801,58.01,Census Tract 58.01,Interbay,12.2,2001,0.078,0.036,43,1036,,19618424.2433472,25500.0139546944
63,53033007406,74.06,Census Tract 74.06,Capitol Hill,6.2,2001,0.05,0.015,41,1078,Medium,1623443.82748413,6764.47724113477
64,53033007405,74.05,Census Tract 74.05,Capitol Hill,6.2,2001,0.058,0.015,46,1203,,1418974.04168701,5012.79869002574
65,53033009701,97.01,Census Tract 97.01,Alki/Admiral,1.4,2001,0.063,0.017,35,395,,19291172.1184692,29764.000341636
66,53033009600,96,Census Tract 96,Alki/Admiral,1.4,2001,0.072,0.019,32,432,,19741501.6534882,20745.4059998832
67,53033008700,87,Census Tract 87,Central Area/Squire Park,5.3,2001,0.07,0.016,39,485,,7883013.1696167,11432.3842123557
68,53033011402,114.02,Census Tract 114.02,Roxhill/Westwood,2.4,2001,0.057,0.017,23,405,,12779277.8645477,17351.055007292
69,53033011200,112,Census Tract 112,South Park,3.1,2001,0.08,0.017,15,175,,26463890.0310974,27002.3375751905
70,53033010900,109,Census Tract 109,Georgetown,3.2,2001,0.058,0.014,13,137,,51677122.7107849,44978.7538438156
71,53033011002,110.02,Census Tract 110.02,South Beacon Hill/NewHolly,3.4,2001,0,0,0,0,,18508908.4571838,22511.1267649617
72,53033011102,111.02,Census Tract 111.02,Seward Park,4.3,2001,0.031,0.013,22,450,Medium,13970026.6890106,20411.1700649139
73,53033010702,107.02,Census Tract 107.02,High Point,2.2,2001,0,0,0,0,,8396926.79307556,14935.9302412484
74,53033001100,11,Census Tract 11,Olympic Hills/Victory Heights,8.2,2001,0.112,0.022,11,188,,11416399.5888062,14159.1273465597
75,53033000700,7,Census Tract 7,Olympic Hills/Victory Heights,8.2,2001,0.056,0.027,53,755,,13932242.3934631,16134.0299149422
76,53033000202,2.02,Census Tract 2.02,Olympic Hills/Victory Heights,8.2,2001,0.064,0.021,6,187,,15930118.4908752,17285.8273694368
77,53033000101,1.01,Census Tract 1.01,Cedar Park/Meadowbrook,8.3,2001,0.079,0.034,33,948,,4465058.88146973,8662.07421505589
78,53033003301,33.01,Census Tract 33.01,Whittier Heights,10.2,2001,0.046,0.017,58,525,Medium,7202858.49346924,11177.1813262219
79,53033003602,36.02,Census Tract 36.02,Green Lake,9.4,2001,0.068,0.016,42,558,,5621886.08477783,11471.0943824279
80,53033001900,19,Census Tract 19,Northgate/Maple Leaf,8.1,2001,0.062,0.023,8,129,,17945171.5240173,18948.4812689278
81,53033001702,17.02,Census Tract 17.02,Greenwood/Phinney Ridge,9.3,2001,0,0,0,0,,13779275.7612915,17476.4075143324
82,53033006500,65,Census Tract 65,North Capitol Hill,6.3,2001,0.051,0.014,74,950,,12352257.7561951,17921.5013322026
83,53033006200,62,Census Tract 62,Montlake/Portage Bay,7.1,2001,0,0,0,0,,24610619.7424011,40010.5992573485
84,53033005305,53.05,Census Tract 53.05,University District,7.2,2001,0.068,0.012,46,1174,,2292236.61618042,6048.60922233999
85,53033002600,26,Census Tract 26,Ravenna/Bryant,7.3,2001,0.052,0.021,5,191,,13398040.1758728,15933.937900155
86,53033002000,20,Census Tract 20,Northgate/Maple Leaf,8.1,2001,0.039,0.015,9,206,Medium,12183878.8231506,15509.5457092747
87,53033006300,63,Census Tract 63,Madison Park,6.5,2001,0.031,0.014,20,578,Medium,27750333.3955383,36285.8489218384
88,53033006600,66,Census Tract 66,Cascade/Eastlake,11.3,2001,0.091,0.015,80,1162,,11110296.8534851,21995.1062951424
89,53033006900,69,Census Tract 69,Queen Anne,12.3,2001,0.068,0.019,34,468,,9742176.64987183,15666.5439544695
90,53033006000,60,Census Tract 60,Queen Anne,12.3,2001,0.102,0.017,55,668,,14158764.7126465,19123.0326298116
91,53033005201,52.01,Census Tract 52.01,Wallingford,11.2,2001,0.059,0.018,19,269,,7536632.48083496,14175.9240617134
92,53033005000,50,Census Tract 50,Wallingford,11.2,2001,0.049,0.016,60,749,Medium,8151942.29489136,11560.148011522
93,53033008600,86,Census Tract 86,First Hill,6.1,2001,0.085,-0.061,45,997,,7656616.62564087,11640.7206126296
94,53033008002,80.02,Census Tract 80.02,Belltown,13.1,2001,0.113,0.038,14,1131,,2522029.80825806,7998.38246587977
95,53033007901,79.01,Census Tract 79.01,Central Area/Squire Park,5.3,2001,0.066,0.015,45,709,,2876299.50189209,7879.40433949822
96,53033007202,72.02,Census Tract 72.02,Cascade/Eastlake,11.3,2001,0.072,0.00699999999999999,10,559,,3020075.66329956,7591.70188344636
97,53033007301,73.01,Census Tract 73.01,Cascade/Eastlake,11.3,2001,0.073,0.04,6,274,,2699344.10806274,7422.61069281975
98,53033010302,103.02,Census Tract 103.02,Columbia City,4.2,2001,0.054,0.015,17,259,,6804418.75059509,11267.2532000827
99,53033009100,91,Census Tract 91,Pioneer Square/International District,13.3,2001,0.186,0.018,12,571,,4419685.26577759,10608.3854115205
100,53033009200,92,Census Tract 92,Pioneer Square/International District,13.3,2001,0.053,0.016,10,321,,3456088.55044556,12687.1211893969
101,53033011700,117,Census Tract 117,South Beacon Hill/NewHolly,3.4,2001,0,0,0,0,,37826036.2597046,29439.6267373345
102,53033000500,5,Census Tract 5,Broadview/Bitter Lake,9.1,2001,0,0,0,0,,30294741.0541992,27094.5667843899
103,53033000601,6.01,Census Tract 6.01,Haller Lake,9.5,2001,0.044,0.019,15,569,Medium,15404952.5828857,20078.9564759328
104,53033003500,35,Census Tract 35,Greenwood/Phinney Ridge,9.3,2001,0.042,0.015,21,259,Medium,13828061.6665344,16634.3489620973
105,53033001500,15,Census Tract 15,North Beach/Blue Ridge,10.1,2001,0.068,0.017,4,59,,12300447.062561,13960.3795463703
106,53033001400,14,Census Tract 14,North Beach/Blue Ridge,10.1,2001,0.051,0.021,21,433,,23073388.6559448,30536.3374485091
107,53033001300,13,Census Tract 13,Licton Springs,9.2,2001,0.064,0.018,64,799,,12710036.9901733,14881.0870453396
108,53033003800,38,Census Tract 38,Ravenna/Bryant,7.3,2001,0.434,0.019,6,159,,6722791.39416504,10392.5315540704
109,53033007001,70.01,Census Tract 70.01,Queen Anne,12.3,2001,0.054,0.015,50,1374,,3856290.05014038,9530.30256857274
110,53033004800,48,Census Tract 48,Fremont,11.1,2001,0.046,0.014,25,216,Medium,13833886.8196411,18822.2365726525
111,53033005100,51,Census Tract 51,Wallingford,11.2,2001,0.056,0.016,22,248,,9490350.15280151,13462.5915467426
112,53033008200,82,Census Tract 82,First Hill,6.1,2001,0.058,0.018,11,810,,4044773.82589722,9102.1403414799
113,53033010101,101.01,Census Tract 101.01,Columbia City,4.2,2001,0.04,0.017,8,177,Medium,9381810.13056946,15311.6567050508
114,53033012100,121,Census Tract 121,Arbor Heights,1.1,2001,0,0,0,0,,18538900.9337463,25983.6162383482
115,53033011901,119.01,Census Tract 119.01,Rainier Beach,4.1,2001,0,0,0,0,,18097640.7372589,20485.6455423004
116,53033000602,6.02,Census Tract 6.02,Haller Lake,9.5,2001,0.043,0.031,8,326,Medium,25947507.8614197,23221.7047501309
117,53033000201,2.01,Census Tract 2.01,Olympic Hills/Victory Heights,8.2,2001,0.036,0.022,12,836,Medium,19446176.3249207,18651.5780841956
118,53033003302,33.02,Census Tract 33.02,Whittier Heights,10.2,2001,0.054,0.018,51,446,,6749336.48599243,10550.8179265194
119,53033005304,53.04,Census Tract 53.04,University District,7.2,2001,0,0,0,0,,786047.098052979,4083.12606626598
120,53033004202,42.02,Census Tract 42.02,Ravenna/Bryant,7.3,2001,0.037,0,5,54,Medium,13141688.4516602,15651.6663663576
121,53033007404,74.04,Census Tract 74.04,Capitol Hill,6.2,2001,0.059,0.016,61,1177,,1654579.82751465,5775.69998668964
122,53033006701,67.01,Census Tract 67.01,Queen Anne,12.3,2001,0.081,0.012,13,360,,3639833.1784668,12143.7792365382
123,53033007800,78,Census Tract 78,Madrona/Leschi,5.1,2001,0,0,0,0,,22245158.163269,28746.3735215772
124,53033007503,75.03,Census Tract 75.03,Capitol Hill,6.2,2001,0.054,0.009,14,333,,2018614.36813354,6484.38948226953
125,53033007201,72.01,Census Tract 72.01,Cascade/Eastlake,11.3,2001,0.195,0.053,12,1675,,1622558.90014648,5873.2165106452
126,53033007203,72.03,Census Tract 72.03,Cascade/Eastlake,11.3,2001,0.105,0.019,7,162,,6238804.94293213,12493.9648041578
127,53033010301,103.01,Census Tract 103.01,Columbia City,4.2,2001,0.058,0.02,4,52,,10792262.4648438,16924.3685147596
128,53033009900,99,Census Tract 99,North Delridge,2.1,2001,0.063,0.016,16,464,,70254374.707016,64633.6615792341
129,53033009500,95,Census Tract 95,Mt. Baker/North Rainier,4.4,2001,0.164,0.021,12,140,,27424305.6749573,29618.2112966095
130,53033009400,94,Census Tract 94,North Beacon Hill/Jefferson Park,3.6,2001,0.073,0.018,52,509,,18150625.6758423,18874.5831831158
131,53033011801,118.01,Census Tract 118.01,Rainier Beach,4.1,2001,0.052,0.011,13,269,,12671173.5070038,15849.8135377743
132,53033011602,116.02,Census Tract 116.02,Fauntleroy/Seaview,1.2,2001,0.062,0.018,13,113,,16924173.2272644,24704.0405747324
133,53033011401,114.01,Census Tract 114.01,Roxhill/Westwood,2.4,2001,0.071,0.00699999999999999,6,565,,13273369.1432037,17478.0591593666
134,53033010701,107.01,Census Tract 107.01,High Point,2.2,2001,0.126,0.076,4,199,,15726285.722641,21302.3651802902
135,53033010602,106.02,Census Tract 106.02,Fauntleroy/Seaview,1.2,2001,0.047,0.015,20,317,Medium,15462014.0646667,23774.9471378089
136,53033000900,9,Census Tract 9,Cedar Park/Meadowbrook,8.3,2001,0,0,0,0,,10031158.8856812,20828.1661958069
137,53033000402,4.02,Census Tract 4.02,Broadview/Bitter Lake,9.1,2001,0.043,0.018,28,485,Medium,19362220.5229187,21397.1752981976
138,53033000300,3,Census Tract 3,Haller Lake,9.5,2001,0.024,0.012,7,83,High,13033864.5966187,17298.0295354457
139,53033003202,32.02,Census Tract 32.02,Sunset Hill/Loyal Heights,10.3,2001,0.049,0.014,34,345,Medium,10289818.4570313,12945.3948643709
140,53033003000,30,Census Tract 30,Whittier Heights,10.2,2001,0.041,0.017,22,170,Medium,16072222.0088196,16061.947620856
141,53033001701,17.01,Census Tract 17.01,Greenwood/Phinney Ridge,9.3,2001,0.054,0.022,26,370,,9609026.08453369,17164.4547776423
142,53033001600,16,Census Tract 16,North Beach/Blue Ridge,10.1,2001,0.049,0.014,11,143,Medium,20575392.7101746,23147.6459804202
143,53033002100,21,Census Tract 21,Wedgwood/View Ridge,7.4,2001,0.043,0.016,16,188,Medium,14696796.7441101,16139.9218598102
144,53033003900,39,Census Tract 39,Wedgwood/View Ridge,7.4,2001,0.028,0.009,8,108,High,10481334.9800415,13200.9092050947
145,53033007102,71.02,Census Tract 71.02,Queen Anne,12.3,2001,0.085,-0.012,19,577,,3615500.8977356,11499.9407456685
146,53033006702,67.02,Census Tract 67.02,Queen Anne,12.3,2001,0.062,0.016,31,388,,3280147.99505615,8593.8649046644
147,53033005401,54.01,Census Tract 54.01,Fremont,11.1,2001,0.061,0.033,32,375,,7892270.58761597,19740.10787087
148,53033008004,80.04,Census Tract 80.04,Belltown,13.1,2001,0.478,-0.027,7,738,,2908326.63348389,14944.9795882911
149,53033008003,80.03,Census Tract 80.03,Belltown,13.1,2001,0.062,0.017,7,402,,2122043.71142578,8720.99942149515
150,53033008402,84.02,Census Tract 84.02,Capitol Hill,6.2,2001,0.063,0.014,40,1187,,1565507.71533203,5220.86848686108
151,53033007303,73.03,Census Tract 73.03,Cascade/Eastlake,11.3,2001,0,0,0,0,,3374596.39306641,7984.8635220016
152,53033010002,100.02,Census Tract 100.02,North Beacon Hill/Jefferson Park,3.6,2001,0.062,0.019,19,419,,10204645.644455,13732.7653894052
153,53033011902,119.02,Census Tract 119.02,Rainier Beach,4.1,2001,0,0,0,0,,16290813.6344757,28897.5986341236
154,53033011802,118.02,Census Tract 118.02,Rainier Beach,4.1,2001,0.06,0.015,3,67,,12323056.7394714,17201.5467858114
155,53033004703,47.03,Census Tract 47.03,Ballard,10.4,2001,0.043,0.014,51,414,Medium,13030918.1381531,18718.8593915212
156,53033001000,10,Census Tract 10,Cedar Park/Meadowbrook,8.3,2001,0.139,0.016,5,122,,10270271.6852112,13147.0305998084
157,53033000403,4.03,Census Tract 4.03,Broadview/Bitter Lake,9.1,2001,0.049,0.022,11,409,Medium,7881185.92349243,14097.0266947453
158,53033003201,32.01,Census Tract 32.01,Sunset Hill/Loyal Heights,10.3,2001,0.046,0.02,26,608,Medium,11927788.6225891,32094.5033857248
159,53033004600,46,Census Tract 46,Green Lake,9.4,2001,0.062,0.016,7,65,,27829368.7579956,25514.2239990877
160,53033004702,47.02,Census Tract 47.02,Ballard,10.4,2001,0.065,0.018,36,403,,2867507.734375,6956.44967487604
161,53033002700,27,Census Tract 27,Green Lake,9.4,2001,0.051,0.016,21,257,,17058079.2767029,21942.8352783745
162,53033001800,18,Census Tract 18,Licton Springs,9.2,2001,0.052,0.009,54,562,,10182882.2714539,13946.100028213
163,53033005202,52.02,Census Tract 52.02,Wallingford,11.2,2001,0.038,0.01,40,710,Medium,2865193.63619995,7845.30321659896
164,53033005303,53.03,Census Tract 53.03,University District,7.2,2001,0,0,0,0,,24349784.4945679,33904.6213661119
165,53033004402,44.02,Census Tract 44.02,University District,7.2,2001,0.056,0.011,55,851,,3175021.43328857,7487.97985687102
166,53033004401,44.01,Census Tract 44.01,University District,7.2,2001,0.142,0.012,28,324,,7479571.76147461,12948.9751357778
167,53033005307,53.07,Census Tract 53.07,University District,7.2,2001,0.07,0.015,18,345,,1399526.47988892,4758.85069026771
168,53033004101,41.01,Census Tract 41.01,Laurelhurst/Sand Point,7.5,2001,0,0,2,63,High,16716852.6628113,24230.1579430562
169,53033005402,54.02,Census Tract 54.02,Fremont,11.1,2001,0.049,0.026,39,367,Medium,4993141.86450195,10063.7978469566
170,53033007700,77,Census Tract 77,Central Area/Squire Park,5.3,2001,0.047,0.011,18,253,Medium,11391208.2196655,15242.2097594939
171,53033007502,75.02,Census Tract 75.02,Capitol Hill,6.2,2001,0.057,0.016,57,901,,3400503.55529785,7403.62929266713
172,53033007600,76,Census Tract 76,Miller Park,6.4,2001,0.073,0.031,44,632,,6155389.38891602,9906.36833563623
173,53033010200,102,Census Tract 102,Seward Park,4.3,2001,0.053,0.027,4,76,,30129079.2078857,33439.4693972433
174,53033010401,104.01,Census Tract 104.01,Beacon Hill,3.5,2001,0,0,0,0,,17543421.029068,17342.9302013933
175,53033010402,104.02,Census Tract 104.02,Beacon Hill,3.5,2001,0,0,0,0,,18759692.8948212,18925.0430066197
176,53033010501,105.01,Census Tract 105.01,West Seattle Junction/Genesee Hill,1.3,2001,0.068,0.018,12,280,,7986746.71530151,12490.0968039152
177,53033010102,101.02,Census Tract 101.02,Columbia City,4.2,2001,0,0,0,0,,17314610.0391541,22274.170768035
178,53033009802,98.02,Census Tract 98.02,West Seattle Junction/Genesee Hill,1.3,2001,0.09,0.021,16,189,,9927510.52307129,12982.7549339758
179,53033009000,90,Census Tract 90,Judkins Park,5.2,2001,0.057,0.016,14,194,,9212173.19689941,14319.1029916181
180,53033026400,264,Census Tract 264,South Park,3.1,2001,0,0,0,0,,461382.048629761,5763.40767367231
181,53033001201,12.01,Census Tract 12.01,Northgate/Maple Leaf,8.1,2002,0.081,0.01,21,1209,,10851861.641449,15899.7733430541
182,53033000404,4.04,Census Tract 4.04,Broadview/Bitter Lake,9.1,2002,0.075,0.011,7,454,,6791652.7237854,12962.5584131713
183,53033004901,49.01,Census Tract 49.01,Fremont,11.1,2002,0.068,0.00900000000000001,106,977,,5350888.21542358,9379.65576684679
184,53033003601,36.01,Census Tract 36.01,Green Lake,9.4,2002,0.067,-0.001,35,418,,7255879.06799316,11894.2888948854
185,53033002800,28,Census Tract 28,Greenwood/Phinney Ridge,9.3,2002,0.079,0.027,32,302,,10637151.8217773,13201.311297987
186,53033003100,31,Census Tract 31,Sunset Hill/Loyal Heights,10.3,2002,0.056,0.009,14,107,,23137464.0452271,24704.5678017235
187,53033006400,64,Census Tract 64,Miller Park,6.4,2002,0.058,0.009,5,103,,9726351.90356445,13186.7701844683
188,53033004301,43.01,Census Tract 43.01,Ravenna/Bryant,7.3,2002,0.058,0.015,8,69,,10539780.5728455,17192.703749828
189,53033002500,25,Census Tract 25,Ravenna/Bryant,7.3,2002,0,0,0,0,,10594634.2979736,16442.9685869958
190,53033002200,22,Census Tract 22,Wedgwood/View Ridge,7.4,2002,0.041,0.014,5,73,Medium,30127208.0188904,28505.8067930163
191,53033004000,40,Census Tract 40,Laurelhurst/Sand Point,7.5,2002,0.037,0.018,2,54,Medium,26374983.680542,27560.0138429836
192,53033005804,58.04,Census Tract 58.04,Interbay,12.2,2002,0.073,-0.039,34,572,,25124062.7388306,48668.2722430527
193,53033006800,68,Census Tract 68,Queen Anne,12.3,2002,0.06,0.009,23,234,,7729250.27154541,11275.3773479613
194,53033008102,81.02,Census Tract 81.02,Downtown Commercial Core,13.2,2002,0.087,0.00599999999999999,5,173,,5987812.08642578,14339.9950294181
195,53033008101,81.01,Census Tract 81.01,Downtown Commercial Core,13.2,2002,0.043,0.006,5,885,Medium,2992165.47857666,11427.1467556707
196,53033007902,79.02,Census Tract 79.02,Central Area/Squire Park,5.3,2002,0.051,0.006,13,176,,4641637.80010986,9715.12087740264
197,53033007302,73.02,Census Tract 73.02,Cascade/Eastlake,11.3,2002,0.106,-0.102,4,663,,3368769.26522827,7802.42635391176
198,53033007101,71.01,Census Tract 71.01,Queen Anne,12.3,2002,0.085,0.012,14,388,,5328474.60678101,9004.94722654019
199,53033009300,93,Census Tract 93,Duwamish/SODO,3.3,2002,0.069,0.012,10,261,,102171584.839813,53946.3734519274
200,53033010502,105.02,Census Tract 105.02,West Seattle Junction/Genesee Hill,1.3,2002,0.19,0.087,23,464,,10504351.3417664,14546.1362419116
201,53033010001,100.01,Census Tract 100.01,North Beacon Hill/Jefferson Park,3.6,2002,0.066,0.01,16,198,,25052474.6053925,25628.9245317132
202,53033009801,98.01,Census Tract 98.01,West Seattle Junction/Genesee Hill,1.3,2002,0.068,0.00900000000000001,19,219,,10814248.9397583,13291.5490832838
203,53033008900,89,Census Tract 89,Madrona/Leschi,5.1,2002,0.056,0.009,15,234,,13690717.169342,19328.7463975703
204,53033026300,263,Census Tract 263,Rainier Beach,4.1,2002,0,0,0,0,,30724.63331604,954.048024444965
205,53033012000,120,Census Tract 120,Arbor Heights,1.1,2002,0,0,0,0,,15560990.4431915,16787.974281693
206,53033011101,111.01,Census Tract 111.01,Columbia City,4.2,2002,0.065,0.012,13,170,,12236718.0846863,15552.0743493747
207,53033011001,110.01,Census Tract 110.01,South Beacon Hill/NewHolly,3.4,2002,0,0,0,0,,11629041.0737,16287.3553131872
208,53033010800,108,Census Tract 108,Riverview,2.3,2002,0,0,0,0,,44087445.2204437,39019.3474976913
209,53033000800,8,Census Tract 8,Cedar Park/Meadowbrook,8.3,2002,0,0,0,0,,12290810.0239868,15312.0874645944
210,53033003400,34,Census Tract 34,Greenwood/Phinney Ridge,9.3,2002,0.054,0.011,9,93,,8472471.71472168,12629.322933575
211,53033005306,53.06,Census Tract 53.06,University District,7.2,2002,0.048,0.009,16,435,Medium,2157906.05789185,5954.87262312138
212,53033004302,43.02,Census Tract 43.02,Ravenna/Bryant,7.3,2002,0.063,0.006,60,981,,3564115.6701355,7987.27441919544
213,53033002400,24,Census Tract 24,Wedgwood/View Ridge,7.4,2002,0,0,0,0,,10359919.7832642,13151.7125244876
214,53033004102,41.02,Census Tract 41.02,Laurelhurst/Sand Point,7.5,2002,0.054,0.009,7,224,,17933927.2689209,23350.8002922279
215,53033005600,56,Census Tract 56,Magnolia,12.1,2002,0,0,0,0,,32045056.1363831,29943.5055294428
216,53033006703,67.03,Census Tract 67.03,Queen Anne,12.3,2002,0.081,0.00800000000000001,36,614,,6427171.88375854,10846.4930444777
217,53033006100,61,Census Tract 61,Montlake/Portage Bay,7.1,2002,0.091,0.00799999999999999,80,990,,11959193.7410278,21477.2648301767
218,53033005700,57,Census Tract 57,Magnolia,12.1,2002,0.068,0.005,28,352,,53305584.4251709,44506.5655358236
219,53033005901,59.01,Census Tract 59.01,Queen Anne,12.3,2002,0.057,0,29,389,,8449086.71850586,19075.2924234318
220,53033008401,84.01,Census Tract 84.01,Capitol Hill,6.2,2002,0.075,0.00899999999999999,18,783,,2700766.60922241,9275.81826751285
221,53033008300,83,Census Tract 83,First Hill,6.1,2002,0.06,0.007,12,867,,2561276.49777222,8632.13489440587
222,53033007501,75.01,Census Tract 75.01,Capitol Hill,6.2,2002,0.061,0.009,82,1454,,3210519.93661499,7219.62364175991
223,53033009702,97.02,Census Tract 97.02,West Seattle Junction/Genesee Hill,1.3,2002,0.057,0.009,7,105,,23899907.4262695,28258.7625684306
224,53033008800,88,Census Tract 88,Central Area/Squire Park,5.3,2002,0.061,0.009,27,230,,10210038.8581238,13202.5268569703
225,53033008500,85,Census Tract 85,First Hill,6.1,2002,0.07,-0.00399999999999999,18,884,,4854121.3192749,9025.58161466663
226,53033026500,265,Census Tract 265,Highland Park,2.5,2002,0,0,0,0,,4617675.48258972,11234.9647811896
227,53033011601,116.01,Census Tract 116.01,Fauntleroy/Seaview,1.2,2002,0.05,0.012,6,80,Medium,16710842.8944397,20011.9659924997
228,53033011300,113,Census Tract 113,Highland Park,2.5,2002,0.064,0.009,16,328,,37260682.9683075,27184.1613850878
229,53033011500,115,Census Tract 115,Roxhill/Westwood,2.4,2002,0.108,0.00799999999999999,12,250,,16558652.7529297,19887.3089363241
230,53033010601,106.01,Census Tract 106.01,Fauntleroy/Seaview,1.2,2002,0.051,0.011,24,375,,11724162.319458,14458.8370353337
231,53033001202,12.02,Census Tract 12.02,Northgate/Maple Leaf,8.1,2002,0.083,0.01,9,422,,8841145.88363647,13324.9900925288
232,53033000102,1.02,Census Tract 1.02,Cedar Park/Meadowbrook,8.3,2002,0.122,0.056,14,558,,15446821.4830017,19552.3623304664
233,53033004701,47.01,Census Tract 47.01,Ballard,10.4,2002,0.059,0.008,48,624,,6036028.32614136,13539.0476262898
234,53033004500,45,Census Tract 45,Wallingford,11.2,2002,0,0,0,0,,7222109.8883667,11018.3020934985
235,53033002900,29,Census Tract 29,Greenwood/Phinney Ridge,9.3,2002,0.071,0.00899999999999999,23,241,,10614791.1058044,13366.3196709081
236,53033004201,42.01,Census Tract 42.01,Ravenna/Bryant,7.3,2002,0.062,0.011,10,178,,13390664.2680969,18286.1439211159
237,53033007403,74.03,Census Tract 74.03,Capitol Hill,6.2,2002,0.056,0.01,49,1007,,1276089.0690918,5227.49528678734
238,53033007002,70.02,Census Tract 70.02,Queen Anne,12.3,2002,0.066,0.00600000000000001,76,1561,,4746869.84552002,9490.79905735624
239,53033005803,58.03,Census Tract 58.03,Interbay,12.2,2002,0.065,0.00600000000000001,29,323,,8956173.42456055,17129.1988103483
240,53033005902,59.02,Census Tract 59.02,Queen Anne,12.3,2002,0.078,0.01,10,103,,11010649.894989,15184.2205727179
241,53033004902,49.02,Census Tract 49.02,Fremont,11.1,2002,0.06,0.003,64,733,,6448262.3397522,10801.7314915315
242,53033005801,58.01,Census Tract 58.01,Interbay,12.2,2002,0.061,-0.017,43,1036,,19618424.2433472,25500.0139546944
243,53033007406,74.06,Census Tract 74.06,Capitol Hill,6.2,2002,0.059,0.00899999999999999,41,1078,,1623443.82748413,6764.47724113477
244,53033007405,74.05,Census Tract 74.05,Capitol Hill,6.2,2002,0.067,0.009,46,1203,,1418974.04168701,5012.79869002574
245,53033009701,97.01,Census Tract 97.01,Alki/Admiral,1.4,2002,0.071,0.00799999999999999,35,395,,19291172.1184692,29764.000341636
246,53033009600,96,Census Tract 96,Alki/Admiral,1.4,2002,0.081,0.00900000000000001,32,432,,19741501.6534882,20745.4059998832
247,53033008700,87,Census Tract 87,Central Area/Squire Park,5.3,2002,0.08,0.01,39,485,,7883013.1696167,11432.3842123557
248,53033011402,114.02,Census Tract 114.02,Roxhill/Westwood,2.4,2002,0.067,0.01,23,405,,12779277.8645477,17351.055007292
249,53033011200,112,Census Tract 112,South Park,3.1,2002,0.086,0.00599999999999999,15,175,,26463890.0310974,27002.3375751905
250,53033010900,109,Census Tract 109,Georgetown,3.2,2002,0.066,0.008,13,137,,51677122.7107849,44978.7538438156
251,53033011002,110.02,Census Tract 110.02,South Beacon Hill/NewHolly,3.4,2002,0,0,0,0,,18508908.4571838,22511.1267649617
252,53033011102,111.02,Census Tract 111.02,Seward Park,4.3,2002,0.04,0.009,22,450,Medium,13970026.6890106,20411.1700649139
253,53033010702,107.02,Census Tract 107.02,High Point,2.2,2002,0,0,0,0,,8396926.79307556,14935.9302412484
254,53033001100,11,Census Tract 11,Olympic Hills/Victory Heights,8.2,2002,0.117,0.005,11,188,,11416399.5888062,14159.1273465597
255,53033000700,7,Census Tract 7,Olympic Hills/Victory Heights,8.2,2002,0.094,0.038,54,810,,13932242.3934631,16134.0299149422
256,53033000202,2.02,Census Tract 2.02,Olympic Hills/Victory Heights,8.2,2002,0.075,0.011,6,187,,15930118.4908752,17285.8273694368
257,53033000101,1.01,Census Tract 1.01,Cedar Park/Meadowbrook,8.3,2002,0.079,0,33,948,,4465058.88146973,8662.07421505589
258,53033003301,33.01,Census Tract 33.01,Whittier Heights,10.2,2002,0.053,0.007,58,525,,7202858.49346924,11177.1813262219
259,53033003602,36.02,Census Tract 36.02,Green Lake,9.4,2002,0.077,0.00899999999999999,42,558,,5621886.08477783,11471.0943824279
260,53033001900,19,Census Tract 19,Northgate/Maple Leaf,8.1,2002,0.07,0.00800000000000001,8,129,,17945171.5240173,18948.4812689278
261,53033001702,17.02,Census Tract 17.02,Greenwood/Phinney Ridge,9.3,2002,0,0,0,0,,13779275.7612915,17476.4075143324
262,53033006500,65,Census Tract 65,North Capitol Hill,6.3,2002,0.061,0.01,74,950,,12352257.7561951,17921.5013322026
263,53033006200,62,Census Tract 62,Montlake/Portage Bay,7.1,2002,0,0,0,0,,24610619.7424011,40010.5992573485
264,53033005305,53.05,Census Tract 53.05,University District,7.2,2002,0.077,0.00899999999999999,46,1174,,2292236.61618042,6048.60922233999
265,53033002600,26,Census Tract 26,Ravenna/Bryant,7.3,2002,0.058,0.00600000000000001,5,191,,13398040.1758728,15933.937900155
266,53033002000,20,Census Tract 20,Northgate/Maple Leaf,8.1,2002,0.049,0.01,9,206,Medium,12183878.8231506,15509.5457092747
267,53033006300,63,Census Tract 63,Madison Park,6.5,2002,0.038,0.007,20,578,Medium,27750333.3955383,36285.8489218384
268,53033006600,66,Census Tract 66,Cascade/Eastlake,11.3,2002,0.099,0.00800000000000001,80,1162,,11110296.8534851,21995.1062951424
269,53033006900,69,Census Tract 69,Queen Anne,12.3,2002,0.077,0.00899999999999999,34,468,,9742176.64987183,15666.5439544695
270,53033006000,60,Census Tract 60,Queen Anne,12.3,2002,0.109,0.00700000000000001,55,668,,14158764.7126465,19123.0326298116
271,53033005201,52.01,Census Tract 52.01,Wallingford,11.2,2002,0.063,0.004,19,269,,7536632.48083496,14175.9240617134
272,53033005000,50,Census Tract 50,Wallingford,11.2,2002,0.057,0.008,60,749,,8151942.29489136,11560.148011522
273,53033008600,86,Census Tract 86,First Hill,6.1,2002,0.077,-0.00800000000000001,46,1068,,7656616.62564087,11640.7206126296
274,53033008002,80.02,Census Tract 80.02,Belltown,13.1,2002,0.104,-0.00900000000000001,14,1131,,2522029.80825806,7998.38246587977
275,53033007901,79.01,Census Tract 79.01,Central Area/Squire Park,5.3,2002,0.076,0.01,45,709,,2876299.50189209,7879.40433949822
276,53033007202,72.02,Census Tract 72.02,Cascade/Eastlake,11.3,2002,0.079,0.00700000000000001,10,559,,3020075.66329956,7591.70188344636
277,53033007301,73.01,Census Tract 73.01,Cascade/Eastlake,11.3,2002,0.08,0.00700000000000001,6,274,,2699344.10806274,7422.61069281975
278,53033010302,103.02,Census Tract 103.02,Columbia City,4.2,2002,0.066,0.012,17,259,,6804418.75059509,11267.2532000827
279,53033009100,91,Census Tract 91,Pioneer Square/International District,13.3,2002,0.171,-0.015,13,747,,4419685.26577759,10608.3854115205
280,53033009200,92,Census Tract 92,Pioneer Square/International District,13.3,2002,0.062,0.009,10,321,,3456088.55044556,12687.1211893969
281,53033011700,117,Census Tract 117,South Beacon Hill/NewHolly,3.4,2002,0,0,0,0,,37826036.2597046,29439.6267373345
282,53033000500,5,Census Tract 5,Broadview/Bitter Lake,9.1,2002,0,0,0,0,,30294741.0541992,27094.5667843899
283,53033000601,6.01,Census Tract 6.01,Haller Lake,9.5,2002,0.053,0.009,16,600,,15404952.5828857,20078.9564759328
284,53033003500,35,Census Tract 35,Greenwood/Phinney Ridge,9.3,2002,0.05,0.008,21,259,Medium,13828061.6665344,16634.3489620973
285,53033001500,15,Census Tract 15,North Beach/Blue Ridge,10.1,2002,0.068,0,4,59,,12300447.062561,13960.3795463703
286,53033001400,14,Census Tract 14,North Beach/Blue Ridge,10.1,2002,0.06,0.009,21,433,,23073388.6559448,30536.3374485091
287,53033001300,13,Census Tract 13,Licton Springs,9.2,2002,0.073,0.00899999999999999,67,823,,12710036.9901733,14881.0870453396
288,53033003800,38,Census Tract 38,Ravenna/Bryant,7.3,2002,0.44,0.00600000000000001,6,159,,6722791.39416504,10392.5315540704
289,53033007001,70.01,Census Tract 70.01,Queen Anne,12.3,2002,0.063,0.009,50,1374,,3856290.05014038,9530.30256857274
290,53033004800,48,Census Tract 48,Fremont,11.1,2002,0.056,0.01,25,216,,13833886.8196411,18822.2365726525
291,53033005100,51,Census Tract 51,Wallingford,11.2,2002,0.065,0.009,22,248,,9490350.15280151,13462.5915467426
292,53033008200,82,Census Tract 82,First Hill,6.1,2002,0.064,0.006,11,810,,4044773.82589722,9102.1403414799
293,53033010101,101.01,Census Tract 101.01,Columbia City,4.2,2002,0.051,0.011,8,177,,9381810.13056946,15311.6567050508
294,53033012100,121,Census Tract 121,Arbor Heights,1.1,2002,0,0,0,0,,18538900.9337463,25983.6162383482
295,53033011901,119.01,Census Tract 119.01,Rainier Beach,4.1,2002,0,0,0,0,,18097640.7372589,20485.6455423004
296,53033000602,6.02,Census Tract 6.02,Haller Lake,9.5,2002,0.052,0.009,8,326,,25947507.8614197,23221.7047501309
297,53033000201,2.01,Census Tract 2.01,Olympic Hills/Victory Heights,8.2,2002,0.043,0.007,12,836,Medium,19446176.3249207,18651.5780841956
298,53033003302,33.02,Census Tract 33.02,Whittier Heights,10.2,2002,0.063,0.009,51,446,,6749336.48599243,10550.8179265194
299,53033005304,53.04,Census Tract 53.04,University District,7.2,2002,0,0,0,0,,786047.098052979,4083.12606626598
300,53033004202,42.02,Census Tract 42.02,Ravenna/Bryant,7.3,2002,0.056,0.019,5,54,,13141688.4516602,15651.6663663576
301,53033007404,74.04,Census Tract 74.04,Capitol Hill,6.2,2002,0.069,0.01,61,1177,,1654579.82751465,5775.69998668964
302,53033006701,67.01,Census Tract 67.01,Queen Anne,12.3,2002,0.081,0,13,360,,3639833.1784668,12143.7792365382
303,53033007800,78,Census Tract 78,Madrona/Leschi,5.1,2002,0,0,0,0,,22245158.163269,28746.3735215772
304,53033007503,75.03,Census Tract 75.03,Capitol Hill,6.2,2002,0.063,0.009,14,333,,2018614.36813354,6484.38948226953
305,53033007201,72.01,Census Tract 72.01,Cascade/Eastlake,11.3,2002,0.096,-0.099,12,1675,,1622558.90014648,5873.2165106452
306,53033007203,72.03,Census Tract 72.03,Cascade/Eastlake,11.3,2002,0.111,0.00600000000000001,7,162,,6238804.94293213,12493.9648041578
307,53033010301,103.01,Census Tract 103.01,Columbia City,4.2,2002,0.077,0.019,4,52,,10792262.4648438,16924.3685147596
308,53033009900,99,Census Tract 99,North Delridge,2.1,2002,0.067,0.004,16,464,,70254374.707016,64633.6615792341
309,53033009500,95,Census Tract 95,Mt. Baker/North Rainier,4.4,2002,0.171,0.00700000000000001,12,140,,27424305.6749573,29618.2112966095
310,53033009400,94,Census Tract 94,North Beacon Hill/Jefferson Park,3.6,2002,0.083,0.01,52,509,,18150625.6758423,18874.5831831158
311,53033011801,118.01,Census Tract 118.01,Rainier Beach,4.1,2002,0.063,0.011,13,269,,12671173.5070038,15849.8135377743
312,53033011602,116.02,Census Tract 116.02,Fauntleroy/Seaview,1.2,2002,0.071,0.00899999999999999,13,113,,16924173.2272644,24704.0405747324
313,53033011401,114.01,Census Tract 114.01,Roxhill/Westwood,2.4,2002,0.057,-0.014,6,565,,13273369.1432037,17478.0591593666
314,53033010701,107.01,Census Tract 107.01,High Point,2.2,2002,0.156,0.03,4,199,,15726285.722641,21302.3651802902
315,53033010602,106.02,Census Tract 106.02,Fauntleroy/Seaview,1.2,2002,0.057,0.01,20,317,,15462014.0646667,23774.9471378089
316,53033000900,9,Census Tract 9,Cedar Park/Meadowbrook,8.3,2002,0,0,0,0,,10031158.8856812,20828.1661958069
317,53033000402,4.02,Census Tract 4.02,Broadview/Bitter Lake,9.1,2002,0.052,0.009,28,485,,19362220.5229187,21397.1752981976
318,53033000300,3,Census Tract 3,Haller Lake,9.5,2002,0.036,0.012,7,83,Medium,13033864.5966187,17298.0295354457
319,53033003202,32.02,Census Tract 32.02,Sunset Hill/Loyal Heights,10.3,2002,0.058,0.009,34,345,,10289818.4570313,12945.3948643709
320,53033003000,30,Census Tract 30,Whittier Heights,10.2,2002,0.053,0.012,22,170,,16072222.0088196,16061.947620856
321,53033001701,17.01,Census Tract 17.01,Greenwood/Phinney Ridge,9.3,2002,0.069,0.015,27,509,,9609026.08453369,17164.4547776423
322,53033001600,16,Census Tract 16,North Beach/Blue Ridge,10.1,2002,0.056,0.007,11,143,,20575392.7101746,23147.6459804202
323,53033002100,21,Census Tract 21,Wedgwood/View Ridge,7.4,2002,0.048,0.005,16,188,Medium,14696796.7441101,16139.9218598102
324,53033003900,39,Census Tract 39,Wedgwood/View Ridge,7.4,2002,0.037,0.009,8,108,Medium,10481334.9800415,13200.9092050947
325,53033007102,71.02,Census Tract 71.02,Queen Anne,12.3,2002,0.157,0.072,21,724,,3615500.8977356,11499.9407456685
326,53033006702,67.02,Census Tract 67.02,Queen Anne,12.3,2002,0.07,0.00800000000000001,31,388,,3280147.99505615,8593.8649046644
327,53033005401,54.01,Census Tract 54.01,Fremont,11.1,2002,0.056,-0.005,32,375,,7892270.58761597,19740.10787087
328,53033008004,80.04,Census Tract 80.04,Belltown,13.1,2002,0.199,-0.279,7,738,,2908326.63348389,14944.9795882911
329,53033008003,80.03,Census Tract 80.03,Belltown,13.1,2002,0.07,0.00800000000000001,7,402,,2122043.71142578,8720.99942149515
330,53033008402,84.02,Census Tract 84.02,Capitol Hill,6.2,2002,0.072,0.00899999999999999,40,1187,,1565507.71533203,5220.86848686108
331,53033007303,73.03,Census Tract 73.03,Cascade/Eastlake,11.3,2002,0,0,0,0,,3374596.39306641,7984.8635220016
332,53033010002,100.02,Census Tract 100.02,North Beacon Hill/Jefferson Park,3.6,2002,0.072,0.01,19,419,,10204645.644455,13732.7653894052
333,53033011902,119.02,Census Tract 119.02,Rainier Beach,4.1,2002,0,0,0,0,,16290813.6344757,28897.5986341236
334,53033011802,118.02,Census Tract 118.02,Rainier Beach,4.1,2002,0.075,0.015,3,67,,12323056.7394714,17201.5467858114
335,53033004703,47.03,Census Tract 47.03,Ballard,10.4,2002,0.051,0.008,51,414,,13030918.1381531,18718.8593915212
336,53033001000,10,Census Tract 10,Cedar Park/Meadowbrook,8.3,2002,0.148,0.00899999999999998,5,122,,10270271.6852112,13147.0305998084
337,53033000403,4.03,Census Tract 4.03,Broadview/Bitter Lake,9.1,2002,0.059,0.01,11,409,,7881185.92349243,14097.0266947453
338,53033003201,32.01,Census Tract 32.01,Sunset Hill/Loyal Heights,10.3,2002,0.054,0.008,26,608,,11927788.6225891,32094.5033857248
339,53033004600,46,Census Tract 46,Green Lake,9.4,2002,0.062,0,7,65,,27829368.7579956,25514.2239990877
340,53033004702,47.02,Census Tract 47.02,Ballard,10.4,2002,0.071,0.00599999999999999,37,410,,2867507.734375,6956.44967487604
341,53033002700,27,Census Tract 27,Green Lake,9.4,2002,0.058,0.00700000000000001,21,257,,17058079.2767029,21942.8352783745
342,53033001800,18,Census Tract 18,Licton Springs,9.2,2002,0.059,0.007,55,577,,10182882.2714539,13946.100028213
343,53033005202,52.02,Census Tract 52.02,Wallingford,11.2,2002,0.046,0.008,40,710,Medium,2865193.63619995,7845.30321659896
344,53033005303,53.03,Census Tract 53.03,University District,7.2,2002,0,0,0,0,,24349784.4945679,33904.6213661119
345,53033004402,44.02,Census Tract 44.02,University District,7.2,2002,0.065,0.009,55,851,,3175021.43328857,7487.97985687102
346,53033004401,44.01,Census Tract 44.01,University District,7.2,2002,0.148,0.00600000000000001,28,324,,7479571.76147461,12948.9751357778
347,53033005307,53.07,Census Tract 53.07,University District,7.2,2002,0.075,0.00499999999999999,18,345,,1399526.47988892,4758.85069026771
348,53033004101,41.01,Census Tract 41.01,Laurelhurst/Sand Point,7.5,2002,0.016,0.016,2,63,High,16716852.6628113,24230.1579430562
349,53033005402,54.02,Census Tract 54.02,Fremont,11.1,2002,0.061,0.012,40,377,,4993141.86450195,10063.7978469566
350,53033007700,77,Census Tract 77,Central Area/Squire Park,5.3,2002,0.059,0.012,18,253,,11391208.2196655,15242.2097594939
351,53033007502,75.02,Census Tract 75.02,Capitol Hill,6.2,2002,0.067,0.01,57,901,,3400503.55529785,7403.62929266713
352,53033007600,76,Census Tract 76,Miller Park,6.4,2002,0.07,-0.00299999999999999,44,632,,6155389.38891602,9906.36833563623
353,53033010200,102,Census Tract 102,Seward Park,4.3,2002,0.053,0,4,76,,30129079.2078857,33439.4693972433
354,53033010401,104.01,Census Tract 104.01,Beacon Hill,3.5,2002,0,0,0,0,,17543421.029068,17342.9302013933
355,53033010402,104.02,Census Tract 104.02,Beacon Hill,3.5,2002,0.113,-0.112,5,71,,18759692.8948212,18925.0430066197
356,53033010501,105.01,Census Tract 105.01,West Seattle Junction/Genesee Hill,1.3,2002,0.079,0.011,12,280,,7986746.71530151,12490.0968039152
357,53033010102,101.02,Census Tract 101.02,Columbia City,4.2,2002,0,0,0,0,,17314610.0391541,22274.170768035
358,53033009802,98.02,Census Tract 98.02,West Seattle Junction/Genesee Hill,1.3,2002,0.101,0.011,16,189,,9927510.52307129,12982.7549339758
359,53033009000,90,Census Tract 90,Judkins Park,5.2,2002,0.067,0.01,14,194,,9212173.19689941,14319.1029916181
360,53033026400,264,Census Tract 264,South Park,3.1,2002,0,0,0,0,,461382.048629761,5763.40767367231
361,53033001201,12.01,Census Tract 12.01,Northgate/Maple Leaf,8.1,2003,0.073,-0.00800000000000001,21,1209,,10851861.641449,15899.7733430541
362,53033000404,4.04,Census Tract 4.04,Broadview/Bitter Lake,9.1,2003,0.059,-0.016,7,454,,6791652.7237854,12962.5584131713
363,53033004901,49.01,Census Tract 49.01,Fremont,11.1,2003,0.069,0.001,106,977,,5350888.21542358,9379.65576684679
364,53033003601,36.01,Census Tract 36.01,Green Lake,9.4,2003,0.067,0,35,418,,7255879.06799316,11894.2888948854
365,53033002800,28,Census Tract 28,Greenwood/Phinney Ridge,9.3,2003,0.063,-0.016,32,302,,10637151.8217773,13201.311297987
366,53033003100,31,Census Tract 31,Sunset Hill/Loyal Heights,10.3,2003,0.056,0,14,107,,23137464.0452271,24704.5678017235
367,53033006400,64,Census Tract 64,Miller Park,6.4,2003,0.058,0,5,103,,9726351.90356445,13186.7701844683
368,53033004301,43.01,Census Tract 43.01,Ravenna/Bryant,7.3,2003,0.058,0,8,69,,10539780.5728455,17192.703749828
369,53033002500,25,Census Tract 25,Ravenna/Bryant,7.3,2003,0,0,0,0,,10594634.2979736,16442.9685869958
370,53033002200,22,Census Tract 22,Wedgwood/View Ridge,7.4,2003,0.041,0,5,73,Medium,30127208.0188904,28505.8067930163
371,53033004000,40,Census Tract 40,Laurelhurst/Sand Point,7.5,2003,0.037,0,2,54,Medium,26374983.680542,27560.0138429836
372,53033005804,58.04,Census Tract 58.04,Interbay,12.2,2003,0.063,-0.01,34,572,,25124062.7388306,48668.2722430527
373,53033006800,68,Census Tract 68,Queen Anne,12.3,2003,0.06,0,23,234,,7729250.27154541,11275.3773479613
374,53033008102,81.02,Census Tract 81.02,Downtown Commercial Core,13.2,2003,0.087,0,5,173,,5987812.08642578,14339.9950294181
375,53033008101,81.01,Census Tract 81.01,Downtown Commercial Core,13.2,2003,0.038,-0.005,5,885,Medium,2992165.47857666,11427.1467556707
376,53033007902,79.02,Census Tract 79.02,Central Area/Squire Park,5.3,2003,0.107,0.056,14,272,,4641637.80010986,9715.12087740264
377,53033007302,73.02,Census Tract 73.02,Cascade/Eastlake,11.3,2003,0.075,-0.031,4,663,,3368769.26522827,7802.42635391176
378,53033007101,71.01,Census Tract 71.01,Queen Anne,12.3,2003,0.088,0.00299999999999999,14,388,,5328474.60678101,9004.94722654019
379,53033009300,93,Census Tract 93,Duwamish/SODO,3.3,2003,0.065,-0.004,10,261,,102171584.839813,53946.3734519274
380,53033010502,105.02,Census Tract 105.02,West Seattle Junction/Genesee Hill,1.3,2003,0.121,-0.069,23,464,,10504351.3417664,14546.1362419116
381,53033010001,100.01,Census Tract 100.01,North Beacon Hill/Jefferson Park,3.6,2003,0.066,0,16,198,,25052474.6053925,25628.9245317132
382,53033009801,98.01,Census Tract 98.01,West Seattle Junction/Genesee Hill,1.3,2003,0.08,0.012,20,224,,10814248.9397583,13291.5490832838
383,53033008900,89,Census Tract 89,Madrona/Leschi,5.1,2003,0.056,0,15,234,,13690717.169342,19328.7463975703
384,53033026300,263,Census Tract 263,Rainier Beach,4.1,2003,0,0,0,0,,30724.63331604,954.048024444965
385,53033012000,120,Census Tract 120,Arbor Heights,1.1,2003,0,0,0,0,,15560990.4431915,16787.974281693
386,53033011101,111.01,Census Tract 111.01,Columbia City,4.2,2003,0.065,0,13,170,,12236718.0846863,15552.0743493747
387,53033011001,110.01,Census Tract 110.01,South Beacon Hill/NewHolly,3.4,2003,0,0,0,0,,11629041.0737,16287.3553131872
388,53033010800,108,Census Tract 108,Riverview,2.3,2003,0,0,0,0,,44087445.2204437,39019.3474976913
389,53033000800,8,Census Tract 8,Cedar Park/Meadowbrook,8.3,2003,0,0,0,0,,12290810.0239868,15312.0874645944
390,53033003400,34,Census Tract 34,Greenwood/Phinney Ridge,9.3,2003,0.054,0,9,93,,8472471.71472168,12629.322933575
391,53033005306,53.06,Census Tract 53.06,University District,7.2,2003,0.051,0.003,16,435,,2157906.05789185,5954.87262312138
392,53033004302,43.02,Census Tract 43.02,Ravenna/Bryant,7.3,2003,0.07,0.00700000000000001,60,981,,3564115.6701355,7987.27441919544
393,53033002400,24,Census Tract 24,Wedgwood/View Ridge,7.4,2003,0,0,0,0,,10359919.7832642,13151.7125244876
394,53033004102,41.02,Census Tract 41.02,Laurelhurst/Sand Point,7.5,2003,0.075,0.021,8,623,,17933927.2689209,23350.8002922279
395,53033005600,56,Census Tract 56,Magnolia,12.1,2003,0,0,0,0,,32045056.1363831,29943.5055294428
396,53033006703,67.03,Census Tract 67.03,Queen Anne,12.3,2003,0.083,0.002,36,614,,6427171.88375854,10846.4930444777
397,53033006100,61,Census Tract 61,Montlake/Portage Bay,7.1,2003,0.096,0.005,81,1026,,11959193.7410278,21477.2648301767
398,53033005700,57,Census Tract 57,Magnolia,12.1,2003,0.071,0.00299999999999999,28,352,,53305584.4251709,44506.5655358236
399,53033005901,59.01,Census Tract 59.01,Queen Anne,12.3,2003,0.051,-0.00600000000000001,29,389,,8449086.71850586,19075.2924234318
400,53033008401,84.01,Census Tract 84.01,Capitol Hill,6.2,2003,0.074,-0.001,18,783,,2700766.60922241,9275.81826751285
401,53033008300,83,Census Tract 83,First Hill,6.1,2003,0.059,-0.001,12,867,,2561276.49777222,8632.13489440587
402,53033007501,75.01,Census Tract 75.01,Capitol Hill,6.2,2003,0.063,0.002,82,1454,,3210519.93661499,7219.62364175991
403,53033009702,97.02,Census Tract 97.02,West Seattle Junction/Genesee Hill,1.3,2003,0.057,0,7,105,,23899907.4262695,28258.7625684306
404,53033008800,88,Census Tract 88,Central Area/Squire Park,5.3,2003,0.065,0.004,27,230,,10210038.8581238,13202.5268569703
405,53033008500,85,Census Tract 85,First Hill,6.1,2003,0.076,0.00599999999999999,18,884,,4854121.3192749,9025.58161466663
406,53033026500,265,Census Tract 265,Highland Park,2.5,2003,0,0,0,0,,4617675.48258972,11234.9647811896
407,53033011601,116.01,Census Tract 116.01,Fauntleroy/Seaview,1.2,2003,0.05,0,6,80,Medium,16710842.8944397,20011.9659924997
408,53033011300,113,Census Tract 113,Highland Park,2.5,2003,0.088,0.024,16,328,,37260682.9683075,27184.1613850878
409,53033011500,115,Census Tract 115,Roxhill/Westwood,2.4,2003,0.108,0,12,250,,16558652.7529297,19887.3089363241
410,53033010601,106.01,Census Tract 106.01,Fauntleroy/Seaview,1.2,2003,0.051,0,24,375,,11724162.319458,14458.8370353337
411,53033001202,12.02,Census Tract 12.02,Northgate/Maple Leaf,8.1,2003,0.083,0,9,422,,8841145.88363647,13324.9900925288
412,53033000102,1.02,Census Tract 1.02,Cedar Park/Meadowbrook,8.3,2003,0.072,-0.05,14,558,,15446821.4830017,19552.3623304664
413,53033004701,47.01,Census Tract 47.01,Ballard,10.4,2003,0.061,0.002,48,624,,6036028.32614136,13539.0476262898
414,53033004500,45,Census Tract 45,Wallingford,11.2,2003,0,0,0,0,,7222109.8883667,11018.3020934985
415,53033002900,29,Census Tract 29,Greenwood/Phinney Ridge,9.3,2003,0.066,-0.00499999999999999,23,241,,10614791.1058044,13366.3196709081
416,53033004201,42.01,Census Tract 42.01,Ravenna/Bryant,7.3,2003,0.062,0,10,178,,13390664.2680969,18286.1439211159
417,53033007403,74.03,Census Tract 74.03,Capitol Hill,6.2,2003,0.058,0.002,49,1007,,1276089.0690918,5227.49528678734
418,53033007002,70.02,Census Tract 70.02,Queen Anne,12.3,2003,0.067,0.001,76,1561,,4746869.84552002,9490.79905735624
419,53033005803,58.03,Census Tract 58.03,Interbay,12.2,2003,0.065,0,29,323,,8956173.42456055,17129.1988103483
420,53033005902,59.02,Census Tract 59.02,Queen Anne,12.3,2003,0.078,0,10,103,,11010649.894989,15184.2205727179
421,53033004902,49.02,Census Tract 49.02,Fremont,11.1,2003,0.087,0.027,65,863,,6448262.3397522,10801.7314915315
422,53033005801,58.01,Census Tract 58.01,Interbay,12.2,2003,0.069,0.00800000000000001,43,1036,,19618424.2433472,25500.0139546944
423,53033007406,74.06,Census Tract 74.06,Capitol Hill,6.2,2003,0.061,0.002,41,1078,,1623443.82748413,6764.47724113477
424,53033007405,74.05,Census Tract 74.05,Capitol Hill,6.2,2003,0.069,0.002,46,1203,,1418974.04168701,5012.79869002574
425,53033009701,97.01,Census Tract 97.01,Alki/Admiral,1.4,2003,0.071,0,35,395,,19291172.1184692,29764.000341636
426,53033009600,96,Census Tract 96,Alki/Admiral,1.4,2003,0.081,0,32,432,,19741501.6534882,20745.4059998832
427,53033008700,87,Census Tract 87,Central Area/Squire Park,5.3,2003,0.082,0.002,39,485,,7883013.1696167,11432.3842123557
428,53033011402,114.02,Census Tract 114.02,Roxhill/Westwood,2.4,2003,0.067,0,23,405,,12779277.8645477,17351.055007292
429,53033011200,112,Census Tract 112,South Park,3.1,2003,0.086,0,15,175,,26463890.0310974,27002.3375751905
430,53033010900,109,Census Tract 109,Georgetown,3.2,2003,0.066,0,13,137,,51677122.7107849,44978.7538438156
431,53033011002,110.02,Census Tract 110.02,South Beacon Hill/NewHolly,3.4,2003,0,0,0,0,,18508908.4571838,22511.1267649617
432,53033011102,111.02,Census Tract 111.02,Seward Park,4.3,2003,0.04,0,22,450,Medium,13970026.6890106,20411.1700649139
433,53033010702,107.02,Census Tract 107.02,High Point,2.2,2003,0,0,0,0,,8396926.79307556,14935.9302412484
434,53033001100,11,Census Tract 11,Olympic Hills/Victory Heights,8.2,2003,0.117,0,11,188,,11416399.5888062,14159.1273465597
435,53033000700,7,Census Tract 7,Olympic Hills/Victory Heights,8.2,2003,0.067,-0.027,54,810,,13932242.3934631,16134.0299149422
436,53033000202,2.02,Census Tract 2.02,Olympic Hills/Victory Heights,8.2,2003,0.075,0,6,187,,15930118.4908752,17285.8273694368
437,53033000101,1.01,Census Tract 1.01,Cedar Park/Meadowbrook,8.3,2003,0.078,-0.001,34,1032,,4465058.88146973,8662.07421505589
438,53033003301,33.01,Census Tract 33.01,Whittier Heights,10.2,2003,0.053,0,58,525,,7202858.49346924,11177.1813262219
439,53033003602,36.02,Census Tract 36.02,Green Lake,9.4,2003,0.077,0,42,558,,5621886.08477783,11471.0943824279
440,53033001900,19,Census Tract 19,Northgate/Maple Leaf,8.1,2003,0.07,0,8,129,,17945171.5240173,18948.4812689278
441,53033001702,17.02,Census Tract 17.02,Greenwood/Phinney Ridge,9.3,2003,0,0,0,0,,13779275.7612915,17476.4075143324
442,53033006500,65,Census Tract 65,North Capitol Hill,6.3,2003,0.074,0.013,76,1017,,12352257.7561951,17921.5013322026
443,53033006200,62,Census Tract 62,Montlake/Portage Bay,7.1,2003,0,0,0,0,,24610619.7424011,40010.5992573485
444,53033005305,53.05,Census Tract 53.05,University District,7.2,2003,0.078,0.001,46,1174,,2292236.61618042,6048.60922233999
445,53033002600,26,Census Tract 26,Ravenna/Bryant,7.3,2003,0.058,0,5,191,,13398040.1758728,15933.937900155
446,53033002000,20,Census Tract 20,Northgate/Maple Leaf,8.1,2003,0.049,0,9,206,Medium,12183878.8231506,15509.5457092747
447,53033006300,63,Census Tract 63,Madison Park,6.5,2003,0.036,-0.002,20,578,Medium,27750333.3955383,36285.8489218384
448,53033006600,66,Census Tract 66,Cascade/Eastlake,11.3,2003,0.102,0.00299999999999999,81,1167,,11110296.8534851,21995.1062951424
449,53033006900,69,Census Tract 69,Queen Anne,12.3,2003,0.077,0,34,468,,9742176.64987183,15666.5439544695
450,53033006000,60,Census Tract 60,Queen Anne,12.3,2003,0.109,0,55,668,,14158764.7126465,19123.0326298116
451,53033005201,52.01,Census Tract 52.01,Wallingford,11.2,2003,0.067,0.004,19,269,,7536632.48083496,14175.9240617134
452,53033005000,50,Census Tract 50,Wallingford,11.2,2003,0.059,0.00199999999999999,60,749,,8151942.29489136,11560.148011522
453,53033008600,86,Census Tract 86,First Hill,6.1,2003,0.081,0.004,46,1068,,7656616.62564087,11640.7206126296
454,53033008002,80.02,Census Tract 80.02,Belltown,13.1,2003,0.09,-0.014,14,1131,,2522029.80825806,7998.38246587977
455,53033007901,79.01,Census Tract 79.01,Central Area/Squire Park,5.3,2003,0.078,0.002,45,709,,2876299.50189209,7879.40433949822
456,53033007202,72.02,Census Tract 72.02,Cascade/Eastlake,11.3,2003,0.079,0,10,559,,3020075.66329956,7591.70188344636
457,53033007301,73.01,Census Tract 73.01,Cascade/Eastlake,11.3,2003,0.08,0,6,274,,2699344.10806274,7422.61069281975
458,53033010302,103.02,Census Tract 103.02,Columbia City,4.2,2003,0.062,-0.004,17,259,,6804418.75059509,11267.2532000827
459,53033009100,91,Census Tract 91,Pioneer Square/International District,13.3,2003,0.169,-0.002,13,747,,4419685.26577759,10608.3854115205
460,53033009200,92,Census Tract 92,Pioneer Square/International District,13.3,2003,0.059,-0.003,10,321,,3456088.55044556,12687.1211893969
461,53033011700,117,Census Tract 117,South Beacon Hill/NewHolly,3.4,2003,0,0,0,0,,37826036.2597046,29439.6267373345
462,53033000500,5,Census Tract 5,Broadview/Bitter Lake,9.1,2003,0,0,0,0,,30294741.0541992,27094.5667843899
463,53033000601,6.01,Census Tract 6.01,Haller Lake,9.5,2003,0.05,-0.003,16,600,Medium,15404952.5828857,20078.9564759328
464,53033003500,35,Census Tract 35,Greenwood/Phinney Ridge,9.3,2003,0.054,0.004,21,259,,13828061.6665344,16634.3489620973
465,53033001500,15,Census Tract 15,North Beach/Blue Ridge,10.1,2003,0.068,0,4,59,,12300447.062561,13960.3795463703
466,53033001400,14,Census Tract 14,North Beach/Blue Ridge,10.1,2003,0.058,-0.00199999999999999,21,433,,23073388.6559448,30536.3374485091
467,53033001300,13,Census Tract 13,Licton Springs,9.2,2003,0.072,-0.001,67,823,,12710036.9901733,14881.0870453396
468,53033003800,38,Census Tract 38,Ravenna/Bryant,7.3,2003,0.44,0,6,159,,6722791.39416504,10392.5315540704
469,53033007001,70.01,Census Tract 70.01,Queen Anne,12.3,2003,0.064,0.001,50,1374,,3856290.05014038,9530.30256857274
470,53033004800,48,Census Tract 48,Fremont,11.1,2003,0.056,0,25,216,,13833886.8196411,18822.2365726525
471,53033005100,51,Census Tract 51,Wallingford,11.2,2003,0.065,0,22,248,,9490350.15280151,13462.5915467426
472,53033008200,82,Census Tract 82,First Hill,6.1,2003,0.063,-0.001,11,810,,4044773.82589722,9102.1403414799
473,53033010101,101.01,Census Tract 101.01,Columbia City,4.2,2003,0.045,-0.006,8,177,Medium,9381810.13056946,15311.6567050508
474,53033012100,121,Census Tract 121,Arbor Heights,1.1,2003,0,0,0,0,,18538900.9337463,25983.6162383482
475,53033011901,119.01,Census Tract 119.01,Rainier Beach,4.1,2003,0,0,0,0,,18097640.7372589,20485.6455423004
476,53033000602,6.02,Census Tract 6.02,Haller Lake,9.5,2003,0.043,-0.009,8,326,Medium,25947507.8614197,23221.7047501309
477,53033000201,2.01,Census Tract 2.01,Olympic Hills/Victory Heights,8.2,2003,0.038,-0.005,12,836,Medium,19446176.3249207,18651.5780841956
478,53033003302,33.02,Census Tract 33.02,Whittier Heights,10.2,2003,0.063,0,51,446,,6749336.48599243,10550.8179265194
479,53033005304,53.04,Census Tract 53.04,University District,7.2,2003,0,0,0,0,,786047.098052979,4083.12606626598
480,53033004202,42.02,Census Tract 42.02,Ravenna/Bryant,7.3,2003,0.056,0,5,54,,13141688.4516602,15651.6663663576
481,53033007404,74.04,Census Tract 74.04,Capitol Hill,6.2,2003,0.071,0.00199999999999999,61,1177,,1654579.82751465,5775.69998668964
482,53033006701,67.01,Census Tract 67.01,Queen Anne,12.3,2003,0.089,0.00799999999999999,13,360,,3639833.1784668,12143.7792365382
483,53033007800,78,Census Tract 78,Madrona/Leschi,5.1,2003,0,0,0,0,,22245158.163269,28746.3735215772
484,53033007503,75.03,Census Tract 75.03,Capitol Hill,6.2,2003,0.066,0.003,14,333,,2018614.36813354,6484.38948226953
485,53033007201,72.01,Census Tract 72.01,Cascade/Eastlake,11.3,2003,0.07,-0.026,12,1675,,1622558.90014648,5873.2165106452
486,53033007203,72.03,Census Tract 72.03,Cascade/Eastlake,11.3,2003,0.117,0.00600000000000001,7,162,,6238804.94293213,12493.9648041578
487,53033010301,103.01,Census Tract 103.01,Columbia City,4.2,2003,0.058,-0.019,4,52,,10792262.4648438,16924.3685147596
488,53033009900,99,Census Tract 99,North Delridge,2.1,2003,0.069,0.002,16,464,,70254374.707016,64633.6615792341
489,53033009500,95,Census Tract 95,Mt. Baker/North Rainier,4.4,2003,0.171,0,12,140,,27424305.6749573,29618.2112966095
490,53033009400,94,Census Tract 94,North Beacon Hill/Jefferson Park,3.6,2003,0.081,-0.002,52,509,,18150625.6758423,18874.5831831158
491,53033011801,118.01,Census Tract 118.01,Rainier Beach,4.1,2003,0.063,0,13,269,,12671173.5070038,15849.8135377743
492,53033011602,116.02,Census Tract 116.02,Fauntleroy/Seaview,1.2,2003,0.071,0,13,113,,16924173.2272644,24704.0405747324
493,53033011401,114.01,Census Tract 114.01,Roxhill/Westwood,2.4,2003,0.058,0.001,6,565,,13273369.1432037,17478.0591593666
494,53033010701,107.01,Census Tract 107.01,High Point,2.2,2003,0.06,-0.096,4,199,,15726285.722641,21302.3651802902
495,53033010602,106.02,Census Tract 106.02,Fauntleroy/Seaview,1.2,2003,0.057,0,20,317,,15462014.0646667,23774.9471378089
496,53033000900,9,Census Tract 9,Cedar Park/Meadowbrook,8.3,2003,0,0,0,0,,10031158.8856812,20828.1661958069
497,53033000402,4.02,Census Tract 4.02,Broadview/Bitter Lake,9.1,2003,0.052,0,28,485,,19362220.5229187,21397.1752981976
498,53033000300,3,Census Tract 3,Haller Lake,9.5,2003,0.036,0,7,83,Medium,13033864.5966187,17298.0295354457
499,53033003202,32.02,Census Tract 32.02,Sunset Hill/Loyal Heights,10.3,2003,0.058,0,34,345,,10289818.4570313,12945.3948643709
500,53033003000,30,Census Tract 30,Whittier Heights,10.2,2003,0.053,0,22,170,,16072222.0088196,16061.947620856
501,53033001701,17.01,Census Tract 17.01,Greenwood/Phinney Ridge,9.3,2003,0.065,-0.004,27,509,,9609026.08453369,17164.4547776423
502,53033001600,16,Census Tract 16,North Beach/Blue Ridge,10.1,2003,0.056,0,11,143,,20575392.7101746,23147.6459804202
503,53033002100,21,Census Tract 21,Wedgwood/View Ridge,7.4,2003,0.048,0,16,188,Medium,14696796.7441101,16139.9218598102
504,53033003900,39,Census Tract 39,Wedgwood/View Ridge,7.4,2003,0.037,0,8,108,Medium,10481334.9800415,13200.9092050947
505,53033007102,71.02,Census Tract 71.02,Queen Anne,12.3,2003,0.12,-0.037,21,724,,3615500.8977356,11499.9407456685
506,53033006702,67.02,Census Tract 67.02,Queen Anne,12.3,2003,0.072,0.00199999999999999,31,388,,3280147.99505615,8593.8649046644
507,53033005401,54.01,Census Tract 54.01,Fremont,11.1,2003,0.053,-0.003,32,375,,7892270.58761597,19740.10787087
508,53033008004,80.04,Census Tract 80.04,Belltown,13.1,2003,0.081,-0.118,7,738,,2908326.63348389,14944.9795882911
509,53033008003,80.03,Census Tract 80.03,Belltown,13.1,2003,0.07,0,7,402,,2122043.71142578,8720.99942149515
510,53033008402,84.02,Census Tract 84.02,Capitol Hill,6.2,2003,0.074,0.002,40,1187,,1565507.71533203,5220.86848686108
511,53033007303,73.03,Census Tract 73.03,Cascade/Eastlake,11.3,2003,0,0,0,0,,3374596.39306641,7984.8635220016
512,53033010002,100.02,Census Tract 100.02,North Beacon Hill/Jefferson Park,3.6,2003,0.069,-0.00299999999999999,19,419,,10204645.644455,13732.7653894052
513,53033011902,119.02,Census Tract 119.02,Rainier Beach,4.1,2003,0,0,0,0,,16290813.6344757,28897.5986341236
514,53033011802,118.02,Census Tract 118.02,Rainier Beach,4.1,2003,0.075,0,3,67,,12323056.7394714,17201.5467858114
515,53033004703,47.03,Census Tract 47.03,Ballard,10.4,2003,0.053,0.002,51,414,,13030918.1381531,18718.8593915212
516,53033001000,10,Census Tract 10,Cedar Park/Meadowbrook,8.3,2003,0.148,0,5,122,,10270271.6852112,13147.0305998084
517,53033000403,4.03,Census Tract 4.03,Broadview/Bitter Lake,9.1,2003,0.056,-0.003,11,409,,7881185.92349243,14097.0266947453
518,53033003201,32.01,Census Tract 32.01,Sunset Hill/Loyal Heights,10.3,2003,0.053,-0.001,26,608,,11927788.6225891,32094.5033857248
519,53033004600,46,Census Tract 46,Green Lake,9.4,2003,0.062,0,7,65,,27829368.7579956,25514.2239990877
520,53033004702,47.02,Census Tract 47.02,Ballard,10.4,2003,0.071,0,37,410,,2867507.734375,6956.44967487604
521,53033002700,27,Census Tract 27,Green Lake,9.4,2003,0.058,0,21,257,,17058079.2767029,21942.8352783745
522,53033001800,18,Census Tract 18,Licton Springs,9.2,2003,0.057,-0.00199999999999999,56,583,,10182882.2714539,13946.100028213
523,53033005202,52.02,Census Tract 52.02,Wallingford,11.2,2003,0.048,0.002,40,710,Medium,2865193.63619995,7845.30321659896
524,53033005303,53.03,Census Tract 53.03,University District,7.2,2003,0,0,0,0,,24349784.4945679,33904.6213661119
525,53033004402,44.02,Census Tract 44.02,University District,7.2,2003,0.07,0.005,56,869,,3175021.43328857,7487.97985687102
526,53033004401,44.01,Census Tract 44.01,University District,7.2,2003,0.151,0.003,28,324,,7479571.76147461,12948.9751357778
527,53033005307,53.07,Census Tract 53.07,University District,7.2,2003,0.081,0.00600000000000001,18,345,,1399526.47988892,4758.85069026771
528,53033004101,41.01,Census Tract 41.01,Laurelhurst/Sand Point,7.5,2003,0.016,0,2,63,High,16716852.6628113,24230.1579430562
529,53033005402,54.02,Census Tract 54.02,Fremont,11.1,2003,0.048,-0.013,40,377,Medium,4993141.86450195,10063.7978469566
530,53033007700,77,Census Tract 77,Central Area/Squire Park,5.3,2003,0.059,0,19,269,,11391208.2196655,15242.2097594939
531,53033007502,75.02,Census Tract 75.02,Capitol Hill,6.2,2003,0.068,0.001,57,901,,3400503.55529785,7403.62929266713
532,53033007600,76,Census Tract 76,Miller Park,6.4,2003,0.07,0,44,632,,6155389.38891602,9906.36833563623
533,53033010200,102,Census Tract 102,Seward Park,4.3,2003,0.053,0,4,76,,30129079.2078857,33439.4693972433
534,53033010401,104.01,Census Tract 104.01,Beacon Hill,3.5,2003,0,0,0,0,,17543421.029068,17342.9302013933
535,53033010402,104.02,Census Tract 104.02,Beacon Hill,3.5,2003,0.07,-0.043,5,71,,18759692.8948212,18925.0430066197
536,53033010501,105.01,Census Tract 105.01,West Seattle Junction/Genesee Hill,1.3,2003,0.075,-0.004,12,280,,7986746.71530151,12490.0968039152
537,53033010102,101.02,Census Tract 101.02,Columbia City,4.2,2003,0,0,0,0,,17314610.0391541,22274.170768035
538,53033009802,98.02,Census Tract 98.02,West Seattle Junction/Genesee Hill,1.3,2003,0.097,-0.004,17,195,,9927510.52307129,12982.7549339758
539,53033009000,90,Census Tract 90,Judkins Park,5.2,2003,0.067,0,14,194,,9212173.19689941,14319.1029916181
540,53033026400,264,Census Tract 264,South Park,3.1,2003,0,0,0,0,,461382.048629761,5763.40767367231
541,53033001201,12.01,Census Tract 12.01,Northgate/Maple Leaf,8.1,2004,0.074,0.001,21,1209,,10851861.641449,15899.7733430541
542,53033000404,4.04,Census Tract 4.04,Broadview/Bitter Lake,9.1,2004,0.059,0,7,454,,6791652.7237854,12962.5584131713
543,53033004901,49.01,Census Tract 49.01,Fremont,11.1,2004,0.067,-0.002,106,977,,5350888.21542358,9379.65576684679
544,53033003601,36.01,Census Tract 36.01,Green Lake,9.4,2004,0.065,-0.002,35,418,,7255879.06799316,11894.2888948854
545,53033002800,28,Census Tract 28,Greenwood/Phinney Ridge,9.3,2004,0.056,-0.007,32,302,,10637151.8217773,13201.311297987
546,53033003100,31,Census Tract 31,Sunset Hill/Loyal Heights,10.3,2004,0.047,-0.009,14,107,Medium,23137464.0452271,24704.5678017235
547,53033006400,64,Census Tract 64,Miller Park,6.4,2004,0.068,0.01,5,103,,9726351.90356445,13186.7701844683
548,53033004301,43.01,Census Tract 43.01,Ravenna/Bryant,7.3,2004,0.058,0,8,69,,10539780.5728455,17192.703749828
549,53033002500,25,Census Tract 25,Ravenna/Bryant,7.3,2004,0,0,0,0,,10594634.2979736,16442.9685869958
550,53033002200,22,Census Tract 22,Wedgwood/View Ridge,7.4,2004,0.041,0,5,73,Medium,30127208.0188904,28505.8067930163
551,53033004000,40,Census Tract 40,Laurelhurst/Sand Point,7.5,2004,0.037,0,2,54,Medium,26374983.680542,27560.0138429836
552,53033005804,58.04,Census Tract 58.04,Interbay,12.2,2004,0.061,-0.002,34,572,,25124062.7388306,48668.2722430527
553,53033006800,68,Census Tract 68,Queen Anne,12.3,2004,0.056,-0.004,23,234,,7729250.27154541,11275.3773479613
554,53033008102,81.02,Census Tract 81.02,Downtown Commercial Core,13.2,2004,0.081,-0.00599999999999999,5,173,,5987812.08642578,14339.9950294181
555,53033008101,81.01,Census Tract 81.01,Downtown Commercial Core,13.2,2004,0.035,-0.003,5,885,Medium,2992165.47857666,11427.1467556707
556,53033007902,79.02,Census Tract 79.02,Central Area/Squire Park,5.3,2004,0.185,0.078,15,514,,4641637.80010986,9715.12087740264
557,53033007302,73.02,Census Tract 73.02,Cascade/Eastlake,11.3,2004,0.062,-0.013,4,663,,3368769.26522827,7802.42635391176
558,53033007101,71.01,Census Tract 71.01,Queen Anne,12.3,2004,0.146,0.058,15,446,,5328474.60678101,9004.94722654019
559,53033009300,93,Census Tract 93,Duwamish/SODO,3.3,2004,0.061,-0.004,10,261,,102171584.839813,53946.3734519274
560,53033010502,105.02,Census Tract 105.02,West Seattle Junction/Genesee Hill,1.3,2004,0.101,-0.02,23,464,,10504351.3417664,14546.1362419116
561,53033010001,100.01,Census Tract 100.01,North Beacon Hill/Jefferson Park,3.6,2004,0.066,0,16,198,,25052474.6053925,25628.9245317132
562,53033009801,98.01,Census Tract 98.01,West Seattle Junction/Genesee Hill,1.3,2004,0.067,-0.013,20,224,,10814248.9397583,13291.5490832838
563,53033008900,89,Census Tract 89,Madrona/Leschi,5.1,2004,0.051,-0.005,15,234,,13690717.169342,19328.7463975703
564,53033026300,263,Census Tract 263,Rainier Beach,4.1,2004,0,0,0,0,,30724.63331604,954.048024444965
565,53033012000,120,Census Tract 120,Arbor Heights,1.1,2004,0,0,0,0,,15560990.4431915,16787.974281693
566,53033011101,111.01,Census Tract 111.01,Columbia City,4.2,2004,0.065,0,13,170,,12236718.0846863,15552.0743493747
567,53033011001,110.01,Census Tract 110.01,South Beacon Hill/NewHolly,3.4,2004,0,0,0,0,,11629041.0737,16287.3553131872
568,53033010800,108,Census Tract 108,Riverview,2.3,2004,0,0,0,0,,44087445.2204437,39019.3474976913
569,53033000800,8,Census Tract 8,Cedar Park/Meadowbrook,8.3,2004,0,0,0,0,,12290810.0239868,15312.0874645944
570,53033003400,34,Census Tract 34,Greenwood/Phinney Ridge,9.3,2004,0.054,0,9,93,,8472471.71472168,12629.322933575
571,53033005306,53.06,Census Tract 53.06,University District,7.2,2004,0.051,0,16,435,,2157906.05789185,5954.87262312138
572,53033004302,43.02,Census Tract 43.02,Ravenna/Bryant,7.3,2004,0.068,-0.002,60,981,,3564115.6701355,7987.27441919544
573,53033002400,24,Census Tract 24,Wedgwood/View Ridge,7.4,2004,0,0,0,0,,10359919.7832642,13151.7125244876
574,53033004102,41.02,Census Tract 41.02,Laurelhurst/Sand Point,7.5,2004,0.072,-0.003,8,623,,17933927.2689209,23350.8002922279
575,53033005600,56,Census Tract 56,Magnolia,12.1,2004,0,0,0,0,,32045056.1363831,29943.5055294428
576,53033006703,67.03,Census Tract 67.03,Queen Anne,12.3,2004,0.077,-0.00600000000000001,36,614,,6427171.88375854,10846.4930444777
577,53033006100,61,Census Tract 61,Montlake/Portage Bay,7.1,2004,0.09,-0.00600000000000001,81,1026,,11959193.7410278,21477.2648301767
578,53033005700,57,Census Tract 57,Magnolia,12.1,2004,0.068,-0.00299999999999999,28,352,,53305584.4251709,44506.5655358236
579,53033005901,59.01,Census Tract 59.01,Queen Anne,12.3,2004,0.046,-0.005,29,389,Medium,8449086.71850586,19075.2924234318
580,53033008401,84.01,Census Tract 84.01,Capitol Hill,6.2,2004,0.073,-0.001,18,783,,2700766.60922241,9275.81826751285
581,53033008300,83,Census Tract 83,First Hill,6.1,2004,0.048,-0.011,12,867,Medium,2561276.49777222,8632.13489440587
582,53033007501,75.01,Census Tract 75.01,Capitol Hill,6.2,2004,0.063,0,82,1454,,3210519.93661499,7219.62364175991
583,53033009702,97.02,Census Tract 97.02,West Seattle Junction/Genesee Hill,1.3,2004,0.057,0,7,105,,23899907.4262695,28258.7625684306
584,53033008800,88,Census Tract 88,Central Area/Squire Park,5.3,2004,0.061,-0.004,27,230,,10210038.8581238,13202.5268569703
585,53033008500,85,Census Tract 85,First Hill,6.1,2004,0.069,-0.00699999999999999,18,884,,4854121.3192749,9025.58161466663
586,53033026500,265,Census Tract 265,Highland Park,2.5,2004,0,0,0,0,,4617675.48258972,11234.9647811896
587,53033011601,116.01,Census Tract 116.01,Fauntleroy/Seaview,1.2,2004,0.05,0,6,80,Medium,16710842.8944397,20011.9659924997
588,53033011300,113,Census Tract 113,Highland Park,2.5,2004,0.079,-0.00899999999999999,16,328,,37260682.9683075,27184.1613850878
589,53033011500,115,Census Tract 115,Roxhill/Westwood,2.4,2004,0.104,-0.004,12,250,,16558652.7529297,19887.3089363241
590,53033010601,106.01,Census Tract 106.01,Fauntleroy/Seaview,1.2,2004,0.048,-0.003,24,375,Medium,11724162.319458,14458.8370353337
591,53033001202,12.02,Census Tract 12.02,Northgate/Maple Leaf,8.1,2004,0.081,-0.002,9,422,,8841145.88363647,13324.9900925288
592,53033000102,1.02,Census Tract 1.02,Cedar Park/Meadowbrook,8.3,2004,0.065,-0.00699999999999999,14,558,,15446821.4830017,19552.3623304664
593,53033004701,47.01,Census Tract 47.01,Ballard,10.4,2004,0.059,-0.002,48,624,,6036028.32614136,13539.0476262898
594,53033004500,45,Census Tract 45,Wallingford,11.2,2004,0,0,0,0,,7222109.8883667,11018.3020934985
595,53033002900,29,Census Tract 29,Greenwood/Phinney Ridge,9.3,2004,0.062,-0.004,23,241,,10614791.1058044,13366.3196709081
596,53033004201,42.01,Census Tract 42.01,Ravenna/Bryant,7.3,2004,0.062,0,10,178,,13390664.2680969,18286.1439211159
597,53033007403,74.03,Census Tract 74.03,Capitol Hill,6.2,2004,0.058,0,49,1007,,1276089.0690918,5227.49528678734
598,53033007002,70.02,Census Tract 70.02,Queen Anne,12.3,2004,0.065,-0.002,76,1561,,4746869.84552002,9490.79905735624
599,53033005803,58.03,Census Tract 58.03,Interbay,12.2,2004,0.062,-0.003,29,323,,8956173.42456055,17129.1988103483
600,53033005902,59.02,Census Tract 59.02,Queen Anne,12.3,2004,0.068,-0.01,10,103,,11010649.894989,15184.2205727179
601,53033004902,49.02,Census Tract 49.02,Fremont,11.1,2004,0.057,-0.03,65,863,,6448262.3397522,10801.7314915315
602,53033005801,58.01,Census Tract 58.01,Interbay,12.2,2004,0.055,-0.014,43,1036,,19618424.2433472,25500.0139546944
603,53033007406,74.06,Census Tract 74.06,Capitol Hill,6.2,2004,0.06,-0.001,41,1078,,1623443.82748413,6764.47724113477
604,53033007405,74.05,Census Tract 74.05,Capitol Hill,6.2,2004,0.069,0,46,1203,,1418974.04168701,5012.79869002574
605,53033009701,97.01,Census Tract 97.01,Alki/Admiral,1.4,2004,0.068,-0.00299999999999999,35,395,,19291172.1184692,29764.000341636
606,53033009600,96,Census Tract 96,Alki/Admiral,1.4,2004,0.076,-0.005,32,432,,19741501.6534882,20745.4059998832
607,53033008700,87,Census Tract 87,Central Area/Squire Park,5.3,2004,0.08,-0.002,39,485,,7883013.1696167,11432.3842123557
608,53033011402,114.02,Census Tract 114.02,Roxhill/Westwood,2.4,2004,0.062,-0.005,23,405,,12779277.8645477,17351.055007292
609,53033011200,112,Census Tract 112,South Park,3.1,2004,0.086,0,15,175,,26463890.0310974,27002.3375751905
610,53033010900,109,Census Tract 109,Georgetown,3.2,2004,0.066,0,13,137,,51677122.7107849,44978.7538438156
611,53033011002,110.02,Census Tract 110.02,South Beacon Hill/NewHolly,3.4,2004,0,0,0,0,,18508908.4571838,22511.1267649617
612,53033011102,111.02,Census Tract 111.02,Seward Park,4.3,2004,0.04,0,22,450,Medium,13970026.6890106,20411.1700649139
613,53033010702,107.02,Census Tract 107.02,High Point,2.2,2004,0,0,0,0,,8396926.79307556,14935.9302412484
614,53033001100,11,Census Tract 11,Olympic Hills/Victory Heights,8.2,2004,0.117,0,11,188,,11416399.5888062,14159.1273465597
615,53033000700,7,Census Tract 7,Olympic Hills/Victory Heights,8.2,2004,0.062,-0.005,54,810,,13932242.3934631,16134.0299149422
616,53033000202,2.02,Census Tract 2.02,Olympic Hills/Victory Heights,8.2,2004,0.07,-0.00499999999999999,6,187,,15930118.4908752,17285.8273694368
617,53033000101,1.01,Census Tract 1.01,Cedar Park/Meadowbrook,8.3,2004,0.075,-0.003,34,1032,,4465058.88146973,8662.07421505589
618,53033003301,33.01,Census Tract 33.01,Whittier Heights,10.2,2004,0.051,-0.002,58,525,,7202858.49346924,11177.1813262219
619,53033003602,36.02,Census Tract 36.02,Green Lake,9.4,2004,0.077,0,42,558,,5621886.08477783,11471.0943824279
620,53033001900,19,Census Tract 19,Northgate/Maple Leaf,8.1,2004,0.07,0,8,129,,17945171.5240173,18948.4812689278
621,53033001702,17.02,Census Tract 17.02,Greenwood/Phinney Ridge,9.3,2004,0,0,0,0,,13779275.7612915,17476.4075143324
622,53033006500,65,Census Tract 65,North Capitol Hill,6.3,2004,0.066,-0.00799999999999999,76,1017,,12352257.7561951,17921.5013322026
623,53033006200,62,Census Tract 62,Montlake/Portage Bay,7.1,2004,0,0,0,0,,24610619.7424011,40010.5992573485
624,53033005305,53.05,Census Tract 53.05,University District,7.2,2004,0.078,0,46,1174,,2292236.61618042,6048.60922233999
625,53033002600,26,Census Tract 26,Ravenna/Bryant,7.3,2004,0.058,0,5,191,,13398040.1758728,15933.937900155
626,53033002000,20,Census Tract 20,Northgate/Maple Leaf,8.1,2004,0.049,0,9,206,Medium,12183878.8231506,15509.5457092747
627,53033006300,63,Census Tract 63,Madison Park,6.5,2004,0.033,-0.003,20,578,Medium,27750333.3955383,36285.8489218384
628,53033006600,66,Census Tract 66,Cascade/Eastlake,11.3,2004,0.099,-0.00299999999999999,81,1167,,11110296.8534851,21995.1062951424
629,53033006900,69,Census Tract 69,Queen Anne,12.3,2004,0.073,-0.004,34,468,,9742176.64987183,15666.5439544695
630,53033006000,60,Census Tract 60,Queen Anne,12.3,2004,0.106,-0.003,55,668,,14158764.7126465,19123.0326298116
631,53033005201,52.01,Census Tract 52.01,Wallingford,11.2,2004,0.073,0.00599999999999999,20,286,,7536632.48083496,14175.9240617134
632,53033005000,50,Census Tract 50,Wallingford,11.2,2004,0.057,-0.00199999999999999,60,749,,8151942.29489136,11560.148011522
633,53033008600,86,Census Tract 86,First Hill,6.1,2004,0.085,0.004,46,1068,,7656616.62564087,11640.7206126296
634,53033008002,80.02,Census Tract 80.02,Belltown,13.1,2004,0.086,-0.004,14,1131,,2522029.80825806,7998.38246587977
635,53033007901,79.01,Census Tract 79.01,Central Area/Squire Park,5.3,2004,0.123,0.045,46,789,,2876299.50189209,7879.40433949822
636,53033007202,72.02,Census Tract 72.02,Cascade/Eastlake,11.3,2004,0.079,0,10,559,,3020075.66329956,7591.70188344636
637,53033007301,73.01,Census Tract 73.01,Cascade/Eastlake,11.3,2004,0.077,-0.003,6,274,,2699344.10806274,7422.61069281975
638,53033010302,103.02,Census Tract 103.02,Columbia City,4.2,2004,0.062,0,17,259,,6804418.75059509,11267.2532000827
639,53033009100,91,Census Tract 91,Pioneer Square/International District,13.3,2004,0.165,-0.004,13,747,,4419685.26577759,10608.3854115205
640,53033009200,92,Census Tract 92,Pioneer Square/International District,13.3,2004,0.056,-0.003,10,321,,3456088.55044556,12687.1211893969
641,53033011700,117,Census Tract 117,South Beacon Hill/NewHolly,3.4,2004,0,0,0,0,,37826036.2597046,29439.6267373345
642,53033000500,5,Census Tract 5,Broadview/Bitter Lake,9.1,2004,0,0,0,0,,30294741.0541992,27094.5667843899
643,53033000601,6.01,Census Tract 6.01,Haller Lake,9.5,2004,0.05,0,16,600,Medium,15404952.5828857,20078.9564759328
644,53033003500,35,Census Tract 35,Greenwood/Phinney Ridge,9.3,2004,0.05,-0.004,21,259,Medium,13828061.6665344,16634.3489620973
645,53033001500,15,Census Tract 15,North Beach/Blue Ridge,10.1,2004,0.068,0,4,59,,12300447.062561,13960.3795463703
646,53033001400,14,Census Tract 14,North Beach/Blue Ridge,10.1,2004,0.055,-0.003,21,433,,23073388.6559448,30536.3374485091
647,53033001300,13,Census Tract 13,Licton Springs,9.2,2004,0.07,-0.00199999999999999,67,823,,12710036.9901733,14881.0870453396
648,53033003800,38,Census Tract 38,Ravenna/Bryant,7.3,2004,0.44,0,6,159,,6722791.39416504,10392.5315540704
649,53033007001,70.01,Census Tract 70.01,Queen Anne,12.3,2004,0.063,-0.001,50,1374,,3856290.05014038,9530.30256857274
650,53033004800,48,Census Tract 48,Fremont,11.1,2004,0.056,0,25,216,,13833886.8196411,18822.2365726525
651,53033005100,51,Census Tract 51,Wallingford,11.2,2004,0.065,0,22,248,,9490350.15280151,13462.5915467426
652,53033008200,82,Census Tract 82,First Hill,6.1,2004,0.059,-0.004,11,810,,4044773.82589722,9102.1403414799
653,53033010101,101.01,Census Tract 101.01,Columbia City,4.2,2004,0.045,0,8,177,Medium,9381810.13056946,15311.6567050508
654,53033012100,121,Census Tract 121,Arbor Heights,1.1,2004,0,0,0,0,,18538900.9337463,25983.6162383482
655,53033011901,119.01,Census Tract 119.01,Rainier Beach,4.1,2004,0,0,0,0,,18097640.7372589,20485.6455423004
656,53033000602,6.02,Census Tract 6.02,Haller Lake,9.5,2004,0.052,0.009,8,326,,25947507.8614197,23221.7047501309
657,53033000201,2.01,Census Tract 2.01,Olympic Hills/Victory Heights,8.2,2004,0.036,-0.002,12,836,Medium,19446176.3249207,18651.5780841956
658,53033003302,33.02,Census Tract 33.02,Whittier Heights,10.2,2004,0.062,-0.001,52,452,,6749336.48599243,10550.8179265194
659,53033005304,53.04,Census Tract 53.04,University District,7.2,2004,0,0,0,0,,786047.098052979,4083.12606626598
660,53033004202,42.02,Census Tract 42.02,Ravenna/Bryant,7.3,2004,0.056,0,5,54,,13141688.4516602,15651.6663663576
661,53033007404,74.04,Census Tract 74.04,Capitol Hill,6.2,2004,0.07,-0.000999999999999987,61,1177,,1654579.82751465,5775.69998668964
662,53033006701,67.01,Census Tract 67.01,Queen Anne,12.3,2004,0.071,-0.018,14,561,,3639833.1784668,12143.7792365382
663,53033007800,78,Census Tract 78,Madrona/Leschi,5.1,2004,0.063,0,5,79,,22245158.163269,28746.3735215772
664,53033007503,75.03,Census Tract 75.03,Capitol Hill,6.2,2004,0.066,0,14,333,,2018614.36813354,6484.38948226953
665,53033007201,72.01,Census Tract 72.01,Cascade/Eastlake,11.3,2004,0.069,-0.001,12,1675,,1622558.90014648,5873.2165106452
666,53033007203,72.03,Census Tract 72.03,Cascade/Eastlake,11.3,2004,0.117,0,7,162,,6238804.94293213,12493.9648041578
667,53033010301,103.01,Census Tract 103.01,Columbia City,4.2,2004,0.058,0,4,52,,10792262.4648438,16924.3685147596
668,53033009900,99,Census Tract 99,North Delridge,2.1,2004,0.065,-0.004,16,464,,70254374.707016,64633.6615792341
669,53033009500,95,Census Tract 95,Mt. Baker/North Rainier,4.4,2004,0.171,0,12,140,,27424305.6749573,29618.2112966095
670,53033009400,94,Census Tract 94,North Beacon Hill/Jefferson Park,3.6,2004,0.079,-0.002,52,509,,18150625.6758423,18874.5831831158
671,53033011801,118.01,Census Tract 118.01,Rainier Beach,4.1,2004,0.063,0,13,269,,12671173.5070038,15849.8135377743
672,53033011602,116.02,Census Tract 116.02,Fauntleroy/Seaview,1.2,2004,0.062,-0.00899999999999999,13,113,,16924173.2272644,24704.0405747324
673,53033011401,114.01,Census Tract 114.01,Roxhill/Westwood,2.4,2004,0.058,0,6,565,,13273369.1432037,17478.0591593666
674,53033010701,107.01,Census Tract 107.01,High Point,2.2,2004,0.06,0,4,199,,15726285.722641,21302.3651802902
675,53033010602,106.02,Census Tract 106.02,Fauntleroy/Seaview,1.2,2004,0.057,0,20,317,,15462014.0646667,23774.9471378089
676,53033000900,9,Census Tract 9,Cedar Park/Meadowbrook,8.3,2004,0,0,0,0,,10031158.8856812,20828.1661958069
677,53033000402,4.02,Census Tract 4.02,Broadview/Bitter Lake,9.1,2004,0.052,0,28,485,,19362220.5229187,21397.1752981976
678,53033000300,3,Census Tract 3,Haller Lake,9.5,2004,0.036,0,7,83,Medium,13033864.5966187,17298.0295354457
679,53033003202,32.02,Census Tract 32.02,Sunset Hill/Loyal Heights,10.3,2004,0.055,-0.003,34,345,,10289818.4570313,12945.3948643709
680,53033003000,30,Census Tract 30,Whittier Heights,10.2,2004,0.047,-0.006,22,170,Medium,16072222.0088196,16061.947620856
681,53033001701,17.01,Census Tract 17.01,Greenwood/Phinney Ridge,9.3,2004,0.063,-0.002,27,509,,9609026.08453369,17164.4547776423
682,53033001600,16,Census Tract 16,North Beach/Blue Ridge,10.1,2004,0.056,0,11,143,,20575392.7101746,23147.6459804202
683,53033002100,21,Census Tract 21,Wedgwood/View Ridge,7.4,2004,0.048,0,16,188,Medium,14696796.7441101,16139.9218598102
684,53033003900,39,Census Tract 39,Wedgwood/View Ridge,7.4,2004,0.037,0,8,108,Medium,10481334.9800415,13200.9092050947
685,53033007102,71.02,Census Tract 71.02,Queen Anne,12.3,2004,0.099,-0.021,21,724,,3615500.8977356,11499.9407456685
686,53033006702,67.02,Census Tract 67.02,Queen Anne,12.3,2004,0.067,-0.00499999999999999,31,388,,3280147.99505615,8593.8649046644
687,53033005401,54.01,Census Tract 54.01,Fremont,11.1,2004,0.051,-0.002,32,375,,7892270.58761597,19740.10787087
688,53033008004,80.04,Census Tract 80.04,Belltown,13.1,2004,0.084,0.003,7,738,,2908326.63348389,14944.9795882911
689,53033008003,80.03,Census Tract 80.03,Belltown,13.1,2004,0.067,-0.003,7,402,,2122043.71142578,8720.99942149515
690,53033008402,84.02,Census Tract 84.02,Capitol Hill,6.2,2004,0.073,-0.001,40,1187,,1565507.71533203,5220.86848686108
691,53033007303,73.03,Census Tract 73.03,Cascade/Eastlake,11.3,2004,0,0,0,0,,3374596.39306641,7984.8635220016
692,53033010002,100.02,Census Tract 100.02,North Beacon Hill/Jefferson Park,3.6,2004,0.067,-0.002,19,419,,10204645.644455,13732.7653894052
693,53033011902,119.02,Census Tract 119.02,Rainier Beach,4.1,2004,0,0,0,0,,16290813.6344757,28897.5986341236
694,53033011802,118.02,Census Tract 118.02,Rainier Beach,4.1,2004,0.075,0,3,67,,12323056.7394714,17201.5467858114
695,53033004703,47.03,Census Tract 47.03,Ballard,10.4,2004,0.051,-0.002,51,414,,13030918.1381531,18718.8593915212
696,53033001000,10,Census Tract 10,Cedar Park/Meadowbrook,8.3,2004,0.156,0.00800000000000001,5,122,,10270271.6852112,13147.0305998084
697,53033000403,4.03,Census Tract 4.03,Broadview/Bitter Lake,9.1,2004,0.054,-0.002,11,409,,7881185.92349243,14097.0266947453
698,53033003201,32.01,Census Tract 32.01,Sunset Hill/Loyal Heights,10.3,2004,0.049,-0.004,26,608,Medium,11927788.6225891,32094.5033857248
699,53033004600,46,Census Tract 46,Green Lake,9.4,2004,0.062,0,7,65,,27829368.7579956,25514.2239990877
700,53033004702,47.02,Census Tract 47.02,Ballard,10.4,2004,0.068,-0.00299999999999999,37,410,,2867507.734375,6956.44967487604
701,53033002700,27,Census Tract 27,Green Lake,9.4,2004,0.058,0,21,257,,17058079.2767029,21942.8352783745
702,53033001800,18,Census Tract 18,Licton Springs,9.2,2004,0.055,-0.002,56,583,,10182882.2714539,13946.100028213
703,53033005202,52.02,Census Tract 52.02,Wallingford,11.2,2004,0.063,0.015,41,734,,2865193.63619995,7845.30321659896
704,53033005303,53.03,Census Tract 53.03,University District,7.2,2004,0,0,0,0,,24349784.4945679,33904.6213661119
705,53033004402,44.02,Census Tract 44.02,University District,7.2,2004,0.076,0.00599999999999999,57,885,,3175021.43328857,7487.97985687102
706,53033004401,44.01,Census Tract 44.01,University District,7.2,2004,0.151,0,28,324,,7479571.76147461,12948.9751357778
707,53033005307,53.07,Census Tract 53.07,University District,7.2,2004,0.081,0,18,345,,1399526.47988892,4758.85069026771
708,53033004101,41.01,Census Tract 41.01,Laurelhurst/Sand Point,7.5,2004,0.016,0,2,63,High,16716852.6628113,24230.1579430562
709,53033005402,54.02,Census Tract 54.02,Fremont,11.1,2004,0.045,-0.003,40,377,Medium,4993141.86450195,10063.7978469566
710,53033007700,77,Census Tract 77,Central Area/Squire Park,5.3,2004,0.063,0.004,19,269,,11391208.2196655,15242.2097594939
711,53033007502,75.02,Census Tract 75.02,Capitol Hill,6.2,2004,0.068,0,57,901,,3400503.55529785,7403.62929266713
712,53033007600,76,Census Tract 76,Miller Park,6.4,2004,0.075,0.00499999999999999,46,682,,6155389.38891602,9906.36833563623
713,53033010200,102,Census Tract 102,Seward Park,4.3,2004,0.053,0,4,76,,30129079.2078857,33439.4693972433
714,53033010401,104.01,Census Tract 104.01,Beacon Hill,3.5,2004,0,0,0,0,,17543421.029068,17342.9302013933
715,53033010402,104.02,Census Tract 104.02,Beacon Hill,3.5,2004,0.07,0,5,71,,18759692.8948212,18925.0430066197
716,53033010501,105.01,Census Tract 105.01,West Seattle Junction/Genesee Hill,1.3,2004,0.075,0,12,280,,7986746.71530151,12490.0968039152
717,53033010102,101.02,Census Tract 101.02,Columbia City,4.2,2004,0,0,0,0,,17314610.0391541,22274.170768035
718,53033009802,98.02,Census Tract 98.02,West Seattle Junction/Genesee Hill,1.3,2004,0.092,-0.005,17,195,,9927510.52307129,12982.7549339758
719,53033009000,90,Census Tract 90,Judkins Park,5.2,2004,0.067,0,14,194,,9212173.19689941,14319.1029916181
720,53033026400,264,Census Tract 264,South Park,3.1,2004,0,0,0,0,,461382.048629761,5763.40767367231
721,53033001201,12.01,Census Tract 12.01,Northgate/Maple Leaf,8.1,2005,0.055,-0.019,21,1209,,10851861.641449,15899.7733430541
722,53033000404,4.04,Census Tract 4.04,Broadview/Bitter Lake,9.1,2005,0.037,-0.022,7,454,Medium,6791652.7237854,12962.5584131713
723,53033004901,49.01,Census Tract 49.01,Fremont,11.1,2005,0.053,-0.014,107,983,,5350888.21542358,9379.65576684679
724,53033003601,36.01,Census Tract 36.01,Green Lake,9.4,2005,0.053,-0.012,35,418,,7255879.06799316,11894.2888948854
725,53033002800,28,Census Tract 28,Greenwood/Phinney Ridge,9.3,2005,0.043,-0.013,32,302,Medium,10637151.8217773,13201.311297987
726,53033003100,31,Census Tract 31,Sunset Hill/Loyal Heights,10.3,2005,0.037,-0.01,14,107,Medium,23137464.0452271,24704.5678017235
727,53033006400,64,Census Tract 64,Miller Park,6.4,2005,0.049,-0.019,5,103,Medium,9726351.90356445,13186.7701844683
728,53033004301,43.01,Census Tract 43.01,Ravenna/Bryant,7.3,2005,0.043,-0.015,8,69,Medium,10539780.5728455,17192.703749828
729,53033002500,25,Census Tract 25,Ravenna/Bryant,7.3,2005,0,0,0,0,,10594634.2979736,16442.9685869958
730,53033002200,22,Census Tract 22,Wedgwood/View Ridge,7.4,2005,0.027,-0.014,5,73,High,30127208.0188904,28505.8067930163
731,53033004000,40,Census Tract 40,Laurelhurst/Sand Point,7.5,2005,0.037,0,2,54,Medium,26374983.680542,27560.0138429836
732,53033005804,58.04,Census Tract 58.04,Interbay,12.2,2005,0.047,-0.014,34,572,Medium,25124062.7388306,48668.2722430527
733,53033006800,68,Census Tract 68,Queen Anne,12.3,2005,0.06,0.004,25,298,,7729250.27154541,11275.3773479613
734,53033008102,81.02,Census Tract 81.02,Downtown Commercial Core,13.2,2005,0.069,-0.012,5,173,,5987812.08642578,14339.9950294181
735,53033008101,81.01,Census Tract 81.01,Downtown Commercial Core,13.2,2005,0.029,-0.006,5,885,High,2992165.47857666,11427.1467556707
736,53033007902,79.02,Census Tract 79.02,Central Area/Squire Park,5.3,2005,0.086,-0.099,15,514,,4641637.80010986,9715.12087740264
737,53033007302,73.02,Census Tract 73.02,Cascade/Eastlake,11.3,2005,0.038,-0.024,4,663,Medium,3368769.26522827,7802.42635391176
738,53033007101,71.01,Census Tract 71.01,Queen Anne,12.3,2005,0.083,-0.063,15,446,,5328474.60678101,9004.94722654019
739,53033009300,93,Census Tract 93,Duwamish/SODO,3.3,2005,0.063,0.002,11,268,,102171584.839813,53946.3734519274
740,53033010502,105.02,Census Tract 105.02,West Seattle Junction/Genesee Hill,1.3,2005,0.086,-0.015,23,464,,10504351.3417664,14546.1362419116
741,53033010001,100.01,Census Tract 100.01,North Beacon Hill/Jefferson Park,3.6,2005,0.051,-0.015,16,198,,25052474.6053925,25628.9245317132
742,53033009801,98.01,Census Tract 98.01,West Seattle Junction/Genesee Hill,1.3,2005,0.049,-0.018,20,224,Medium,10814248.9397583,13291.5490832838
743,53033008900,89,Census Tract 89,Madrona/Leschi,5.1,2005,0.038,-0.013,15,234,Medium,13690717.169342,19328.7463975703
744,53033026300,263,Census Tract 263,Rainier Beach,4.1,2005,0,0,0,0,,30724.63331604,954.048024444965
745,53033012000,120,Census Tract 120,Arbor Heights,1.1,2005,0,0,0,0,,15560990.4431915,16787.974281693
746,53033011101,111.01,Census Tract 111.01,Columbia City,4.2,2005,0.053,-0.012,13,170,,12236718.0846863,15552.0743493747
747,53033011001,110.01,Census Tract 110.01,South Beacon Hill/NewHolly,3.4,2005,0,0,0,0,,11629041.0737,16287.3553131872
748,53033010800,108,Census Tract 108,Riverview,2.3,2005,0,0,0,0,,44087445.2204437,39019.3474976913
749,53033000800,8,Census Tract 8,Cedar Park/Meadowbrook,8.3,2005,0,0,0,0,,12290810.0239868,15312.0874645944
750,53033003400,34,Census Tract 34,Greenwood/Phinney Ridge,9.3,2005,0.043,-0.011,9,93,Medium,8472471.71472168,12629.322933575
751,53033005306,53.06,Census Tract 53.06,University District,7.2,2005,0.04,-0.011,17,530,Medium,2157906.05789185,5954.87262312138
752,53033004302,43.02,Census Tract 43.02,Ravenna/Bryant,7.3,2005,0.054,-0.014,60,981,,3564115.6701355,7987.27441919544
753,53033002400,24,Census Tract 24,Wedgwood/View Ridge,7.4,2005,0,0,0,0,,10359919.7832642,13151.7125244876
754,53033004102,41.02,Census Tract 41.02,Laurelhurst/Sand Point,7.5,2005,0.061,-0.011,8,623,,17933927.2689209,23350.8002922279
755,53033005600,56,Census Tract 56,Magnolia,12.1,2005,0,0,0,0,,32045056.1363831,29943.5055294428
756,53033006703,67.03,Census Tract 67.03,Queen Anne,12.3,2005,0.055,-0.022,36,614,,6427171.88375854,10846.4930444777
757,53033006100,61,Census Tract 61,Montlake/Portage Bay,7.1,2005,0.077,-0.013,81,1026,,11959193.7410278,21477.2648301767
758,53033005700,57,Census Tract 57,Magnolia,12.1,2005,0.054,-0.014,28,352,,53305584.4251709,44506.5655358236
759,53033005901,59.01,Census Tract 59.01,Queen Anne,12.3,2005,0.041,-0.005,29,389,Medium,8449086.71850586,19075.2924234318
760,53033008401,84.01,Census Tract 84.01,Capitol Hill,6.2,2005,0.057,-0.016,18,783,,2700766.60922241,9275.81826751285
761,53033008300,83,Census Tract 83,First Hill,6.1,2005,0.037,-0.011,12,867,Medium,2561276.49777222,8632.13489440587
762,53033007501,75.01,Census Tract 75.01,Capitol Hill,6.2,2005,0.047,-0.016,82,1454,Medium,3210519.93661499,7219.62364175991
763,53033009702,97.02,Census Tract 97.02,West Seattle Junction/Genesee Hill,1.3,2005,0.038,-0.019,7,105,Medium,23899907.4262695,28258.7625684306
764,53033008800,88,Census Tract 88,Central Area/Squire Park,5.3,2005,0.048,-0.013,27,230,Medium,10210038.8581238,13202.5268569703
765,53033008500,85,Census Tract 85,First Hill,6.1,2005,0.054,-0.015,18,884,,4854121.3192749,9025.58161466663
766,53033026500,265,Census Tract 265,Highland Park,2.5,2005,0,0,0,0,,4617675.48258972,11234.9647811896
767,53033011601,116.01,Census Tract 116.01,Fauntleroy/Seaview,1.2,2005,0.038,-0.012,6,80,Medium,16710842.8944397,20011.9659924997
768,53033011300,113,Census Tract 113,Highland Park,2.5,2005,0.058,-0.021,16,328,,37260682.9683075,27184.1613850878
769,53033011500,115,Census Tract 115,Roxhill/Westwood,2.4,2005,0.092,-0.012,12,250,,16558652.7529297,19887.3089363241
770,53033010601,106.01,Census Tract 106.01,Fauntleroy/Seaview,1.2,2005,0.035,-0.013,24,375,Medium,11724162.319458,14458.8370353337
771,53033001202,12.02,Census Tract 12.02,Northgate/Maple Leaf,8.1,2005,0.069,-0.012,9,422,,8841145.88363647,13324.9900925288
772,53033000102,1.02,Census Tract 1.02,Cedar Park/Meadowbrook,8.3,2005,0.043,-0.022,14,558,Medium,15446821.4830017,19552.3623304664
773,53033004701,47.01,Census Tract 47.01,Ballard,10.4,2005,0.046,-0.013,48,624,Medium,6036028.32614136,13539.0476262898
774,53033004500,45,Census Tract 45,Wallingford,11.2,2005,0,0,0,0,,7222109.8883667,11018.3020934985
775,53033002900,29,Census Tract 29,Greenwood/Phinney Ridge,9.3,2005,0.052,-0.01,24,248,,10614791.1058044,13366.3196709081
776,53033004201,42.01,Census Tract 42.01,Ravenna/Bryant,7.3,2005,0.045,-0.017,10,178,Medium,13390664.2680969,18286.1439211159
777,53033007403,74.03,Census Tract 74.03,Capitol Hill,6.2,2005,0.045,-0.013,49,1007,Medium,1276089.0690918,5227.49528678734
778,53033007002,70.02,Census Tract 70.02,Queen Anne,12.3,2005,0.051,-0.014,76,1561,,4746869.84552002,9490.79905735624
779,53033005803,58.03,Census Tract 58.03,Interbay,12.2,2005,0.046,-0.016,29,323,Medium,8956173.42456055,17129.1988103483
780,53033005902,59.02,Census Tract 59.02,Queen Anne,12.3,2005,0.058,-0.01,10,103,,11010649.894989,15184.2205727179
781,53033004902,49.02,Census Tract 49.02,Fremont,11.1,2005,0.044,-0.013,65,863,Medium,6448262.3397522,10801.7314915315
782,53033005801,58.01,Census Tract 58.01,Interbay,12.2,2005,0.04,-0.015,43,1036,Medium,19618424.2433472,25500.0139546944
783,53033007406,74.06,Census Tract 74.06,Capitol Hill,6.2,2005,0.047,-0.013,41,1078,Medium,1623443.82748413,6764.47724113477
784,53033007405,74.05,Census Tract 74.05,Capitol Hill,6.2,2005,0.053,-0.016,46,1203,,1418974.04168701,5012.79869002574
785,53033009701,97.01,Census Tract 97.01,Alki/Admiral,1.4,2005,0.053,-0.015,35,395,,19291172.1184692,29764.000341636
786,53033009600,96,Census Tract 96,Alki/Admiral,1.4,2005,0.063,-0.013,31,427,,19741501.6534882,20745.4059998832
787,53033008700,87,Census Tract 87,Central Area/Squire Park,5.3,2005,0.068,-0.012,39,485,,7883013.1696167,11432.3842123557
788,53033011402,114.02,Census Tract 114.02,Roxhill/Westwood,2.4,2005,0.049,-0.013,23,405,Medium,12779277.8645477,17351.055007292
789,53033011200,112,Census Tract 112,South Park,3.1,2005,0.069,-0.017,15,175,,26463890.0310974,27002.3375751905
790,53033010900,109,Census Tract 109,Georgetown,3.2,2005,0.051,-0.015,13,137,,51677122.7107849,44978.7538438156
791,53033011002,110.02,Census Tract 110.02,South Beacon Hill/NewHolly,3.4,2005,0,0,0,0,,18508908.4571838,22511.1267649617
792,53033011102,111.02,Census Tract 111.02,Seward Park,4.3,2005,0.031,-0.009,22,450,Medium,13970026.6890106,20411.1700649139
793,53033010702,107.02,Census Tract 107.02,High Point,2.2,2005,0,0,0,0,,8396926.79307556,14935.9302412484
794,53033001100,11,Census Tract 11,Olympic Hills/Victory Heights,8.2,2005,0.101,-0.016,11,188,,11416399.5888062,14159.1273465597
795,53033000700,7,Census Tract 7,Olympic Hills/Victory Heights,8.2,2005,0.048,-0.014,54,810,Medium,13932242.3934631,16134.0299149422
796,53033000202,2.02,Census Tract 2.02,Olympic Hills/Victory Heights,8.2,2005,0.059,-0.011,6,187,,15930118.4908752,17285.8273694368
797,53033000101,1.01,Census Tract 1.01,Cedar Park/Meadowbrook,8.3,2005,0.061,-0.014,34,1032,,4465058.88146973,8662.07421505589
798,53033003301,33.01,Census Tract 33.01,Whittier Heights,10.2,2005,0.038,-0.013,58,525,Medium,7202858.49346924,11177.1813262219
799,53033003602,36.02,Census Tract 36.02,Green Lake,9.4,2005,0.065,-0.012,42,558,,5621886.08477783,11471.0943824279
800,53033001900,19,Census Tract 19,Northgate/Maple Leaf,8.1,2005,0.054,-0.016,8,129,,17945171.5240173,18948.4812689278
801,53033001702,17.02,Census Tract 17.02,Greenwood/Phinney Ridge,9.3,2005,0,0,0,0,,13779275.7612915,17476.4075143324
802,53033006500,65,Census Tract 65,North Capitol Hill,6.3,2005,0.053,-0.013,76,1017,,12352257.7561951,17921.5013322026
803,53033006200,62,Census Tract 62,Montlake/Portage Bay,7.1,2005,0,0,0,0,,24610619.7424011,40010.5992573485
804,53033005305,53.05,Census Tract 53.05,University District,7.2,2005,0.063,-0.015,46,1174,,2292236.61618042,6048.60922233999
805,53033002600,26,Census Tract 26,Ravenna/Bryant,7.3,2005,0.047,-0.011,5,191,Medium,13398040.1758728,15933.937900155
806,53033002000,20,Census Tract 20,Northgate/Maple Leaf,8.1,2005,0.034,-0.015,9,206,Medium,12183878.8231506,15509.5457092747
807,53033006300,63,Census Tract 63,Madison Park,6.5,2005,0.024,-0.009,20,578,High,27750333.3955383,36285.8489218384
808,53033006600,66,Census Tract 66,Cascade/Eastlake,11.3,2005,0.092,-0.00700000000000001,82,1277,,11110296.8534851,21995.1062951424
809,53033006900,69,Census Tract 69,Queen Anne,12.3,2005,0.058,-0.015,34,468,,9742176.64987183,15666.5439544695
810,53033006000,60,Census Tract 60,Queen Anne,12.3,2005,0.093,-0.013,55,668,,14158764.7126465,19123.0326298116
811,53033005201,52.01,Census Tract 52.01,Wallingford,11.2,2005,0.052,-0.021,20,286,,7536632.48083496,14175.9240617134
812,53033005000,50,Census Tract 50,Wallingford,11.2,2005,0.045,-0.012,60,749,Medium,8151942.29489136,11560.148011522
813,53033008600,86,Census Tract 86,First Hill,6.1,2005,0.115,0.03,46,1068,,7656616.62564087,11640.7206126296
814,53033008002,80.02,Census Tract 80.02,Belltown,13.1,2005,0.073,-0.013,14,1131,,2522029.80825806,7998.38246587977
815,53033007901,79.01,Census Tract 79.01,Central Area/Squire Park,5.3,2005,0.072,-0.051,46,789,,2876299.50189209,7879.40433949822
816,53033007202,72.02,Census Tract 72.02,Cascade/Eastlake,11.3,2005,0.061,-0.018,10,559,,3020075.66329956,7591.70188344636
817,53033007301,73.01,Census Tract 73.01,Cascade/Eastlake,11.3,2005,0.058,-0.019,6,274,,2699344.10806274,7422.61069281975
818,53033010302,103.02,Census Tract 103.02,Columbia City,4.2,2005,0.05,-0.012,17,259,Medium,6804418.75059509,11267.2532000827
819,53033009100,91,Census Tract 91,Pioneer Square/International District,13.3,2005,0.147,-0.018,13,747,,4419685.26577759,10608.3854115205
820,53033009200,92,Census Tract 92,Pioneer Square/International District,13.3,2005,0.044,-0.012,10,321,Medium,3456088.55044556,12687.1211893969
821,53033011700,117,Census Tract 117,South Beacon Hill/NewHolly,3.4,2005,0,0,0,0,,37826036.2597046,29439.6267373345
822,53033000500,5,Census Tract 5,Broadview/Bitter Lake,9.1,2005,0,0,0,0,,30294741.0541992,27094.5667843899
823,53033000601,6.01,Census Tract 6.01,Haller Lake,9.5,2005,0.037,-0.013,16,600,Medium,15404952.5828857,20078.9564759328
824,53033003500,35,Census Tract 35,Greenwood/Phinney Ridge,9.3,2005,0.039,-0.011,21,259,Medium,13828061.6665344,16634.3489620973
825,53033001500,15,Census Tract 15,North Beach/Blue Ridge,10.1,2005,0.051,-0.017,4,59,,12300447.062561,13960.3795463703
826,53033001400,14,Census Tract 14,North Beach/Blue Ridge,10.1,2005,0.044,-0.011,21,433,Medium,23073388.6559448,30536.3374485091
827,53033001300,13,Census Tract 13,Licton Springs,9.2,2005,0.059,-0.011,71,865,,12710036.9901733,14881.0870453396
828,53033003800,38,Census Tract 38,Ravenna/Bryant,7.3,2005,0.421,-0.019,6,159,,6722791.39416504,10392.5315540704
829,53033007001,70.01,Census Tract 70.01,Queen Anne,12.3,2005,0.047,-0.016,50,1374,Medium,3856290.05014038,9530.30256857274
830,53033004800,48,Census Tract 48,Fremont,11.1,2005,0.042,-0.014,25,216,Medium,13833886.8196411,18822.2365726525
831,53033005100,51,Census Tract 51,Wallingford,11.2,2005,0.052,-0.013,22,248,,9490350.15280151,13462.5915467426
832,53033008200,82,Census Tract 82,First Hill,6.1,2005,0.042,-0.017,11,810,Medium,4044773.82589722,9102.1403414799
833,53033010101,101.01,Census Tract 101.01,Columbia City,4.2,2005,0.034,-0.011,8,177,Medium,9381810.13056946,15311.6567050508
834,53033012100,121,Census Tract 121,Arbor Heights,1.1,2005,0,0,0,0,,18538900.9337463,25983.6162383482
835,53033011901,119.01,Census Tract 119.01,Rainier Beach,4.1,2005,0,0,0,0,,18097640.7372589,20485.6455423004
836,53033000602,6.02,Census Tract 6.02,Haller Lake,9.5,2005,0.037,-0.015,8,326,Medium,25947507.8614197,23221.7047501309
837,53033000201,2.01,Census Tract 2.01,Olympic Hills/Victory Heights,8.2,2005,0.025,-0.011,12,836,High,19446176.3249207,18651.5780841956
838,53033003302,33.02,Census Tract 33.02,Whittier Heights,10.2,2005,0.049,-0.013,52,452,Medium,6749336.48599243,10550.8179265194
839,53033005304,53.04,Census Tract 53.04,University District,7.2,2005,0,0,0,0,,786047.098052979,4083.12606626598
840,53033004202,42.02,Census Tract 42.02,Ravenna/Bryant,7.3,2005,0.037,-0.019,5,54,Medium,13141688.4516602,15651.6663663576
841,53033007404,74.04,Census Tract 74.04,Capitol Hill,6.2,2005,0.057,-0.013,61,1177,,1654579.82751465,5775.69998668964
842,53033006701,67.01,Census Tract 67.01,Queen Anne,12.3,2005,0.07,-0.000999999999999987,14,561,,3639833.1784668,12143.7792365382
843,53033007800,78,Census Tract 78,Madrona/Leschi,5.1,2005,0.051,-0.012,5,79,,22245158.163269,28746.3735215772
844,53033007503,75.03,Census Tract 75.03,Capitol Hill,6.2,2005,0.054,-0.012,14,333,,2018614.36813354,6484.38948226953
845,53033007201,72.01,Census Tract 72.01,Cascade/Eastlake,11.3,2005,0.053,-0.016,12,1675,,1622558.90014648,5873.2165106452
846,53033007203,72.03,Census Tract 72.03,Cascade/Eastlake,11.3,2005,0.115,-0.002,6,130,,6238804.94293213,12493.9648041578
847,53033010301,103.01,Census Tract 103.01,Columbia City,4.2,2005,0.058,0,4,52,,10792262.4648438,16924.3685147596
848,53033009900,99,Census Tract 99,North Delridge,2.1,2005,0.05,-0.015,16,464,Medium,70254374.707016,64633.6615792341
849,53033009500,95,Census Tract 95,Mt. Baker/North Rainier,4.4,2005,0.157,-0.014,12,140,,27424305.6749573,29618.2112966095
850,53033009400,94,Census Tract 94,North Beacon Hill/Jefferson Park,3.6,2005,0.067,-0.012,52,509,,18150625.6758423,18874.5831831158
851,53033011801,118.01,Census Tract 118.01,Rainier Beach,4.1,2005,0.052,-0.011,13,269,,12671173.5070038,15849.8135377743
852,53033011602,116.02,Census Tract 116.02,Fauntleroy/Seaview,1.2,2005,0.044,-0.018,13,113,Medium,16924173.2272644,24704.0405747324
853,53033011401,114.01,Census Tract 114.01,Roxhill/Westwood,2.4,2005,0.046,-0.012,6,565,Medium,13273369.1432037,17478.0591593666
854,53033010701,107.01,Census Tract 107.01,High Point,2.2,2005,0.055,-0.005,4,199,,15726285.722641,21302.3651802902
855,53033010602,106.02,Census Tract 106.02,Fauntleroy/Seaview,1.2,2005,0.041,-0.016,20,317,Medium,15462014.0646667,23774.9471378089
856,53033000900,9,Census Tract 9,Cedar Park/Meadowbrook,8.3,2005,0,0,0,0,,10031158.8856812,20828.1661958069
857,53033000402,4.02,Census Tract 4.02,Broadview/Bitter Lake,9.1,2005,0.039,-0.013,28,485,Medium,19362220.5229187,21397.1752981976
858,53033000300,3,Census Tract 3,Haller Lake,9.5,2005,0.024,-0.012,7,83,High,13033864.5966187,17298.0295354457
859,53033003202,32.02,Census Tract 32.02,Sunset Hill/Loyal Heights,10.3,2005,0.043,-0.012,34,345,Medium,10289818.4570313,12945.3948643709
860,53033003000,30,Census Tract 30,Whittier Heights,10.2,2005,0.035,-0.012,22,170,Medium,16072222.0088196,16061.947620856
861,53033001701,17.01,Census Tract 17.01,Greenwood/Phinney Ridge,9.3,2005,0.049,-0.014,27,509,Medium,9609026.08453369,17164.4547776423
862,53033001600,16,Census Tract 16,North Beach/Blue Ridge,10.1,2005,0.042,-0.014,11,143,Medium,20575392.7101746,23147.6459804202
863,53033002100,21,Census Tract 21,Wedgwood/View Ridge,7.4,2005,0.037,-0.011,16,188,Medium,14696796.7441101,16139.9218598102
864,53033003900,39,Census Tract 39,Wedgwood/View Ridge,7.4,2005,0.028,-0.009,8,108,High,10481334.9800415,13200.9092050947
865,53033007102,71.02,Census Tract 71.02,Queen Anne,12.3,2005,0.073,-0.026,21,724,,3615500.8977356,11499.9407456685
866,53033006702,67.02,Census Tract 67.02,Queen Anne,12.3,2005,0.054,-0.013,32,427,,3280147.99505615,8593.8649046644
867,53033005401,54.01,Census Tract 54.01,Fremont,11.1,2005,0.037,-0.014,32,375,Medium,7892270.58761597,19740.10787087
868,53033008004,80.04,Census Tract 80.04,Belltown,13.1,2005,0.072,-0.012,7,738,,2908326.63348389,14944.9795882911
869,53033008003,80.03,Census Tract 80.03,Belltown,13.1,2005,0.05,-0.017,7,402,Medium,2122043.71142578,8720.99942149515
870,53033008402,84.02,Census Tract 84.02,Capitol Hill,6.2,2005,0.057,-0.016,40,1187,,1565507.71533203,5220.86848686108
871,53033007303,73.03,Census Tract 73.03,Cascade/Eastlake,11.3,2005,0.051,-0.134,2,178,,3374596.39306641,7984.8635220016
872,53033010002,100.02,Census Tract 100.02,North Beacon Hill/Jefferson Park,3.6,2005,0.055,-0.012,19,419,,10204645.644455,13732.7653894052
873,53033011902,119.02,Census Tract 119.02,Rainier Beach,4.1,2005,0,0,0,0,,16290813.6344757,28897.5986341236
874,53033011802,118.02,Census Tract 118.02,Rainier Beach,4.1,2005,0.06,-0.015,3,67,,12323056.7394714,17201.5467858114
875,53033004703,47.03,Census Tract 47.03,Ballard,10.4,2005,0.039,-0.012,51,414,Medium,13030918.1381531,18718.8593915212
876,53033001000,10,Census Tract 10,Cedar Park/Meadowbrook,8.3,2005,0.139,-0.017,5,122,,10270271.6852112,13147.0305998084
877,53033000403,4.03,Census Tract 4.03,Broadview/Bitter Lake,9.1,2005,0.042,-0.012,11,409,Medium,7881185.92349243,14097.0266947453
878,53033003201,32.01,Census Tract 32.01,Sunset Hill/Loyal Heights,10.3,2005,0.036,-0.013,26,608,Medium,11927788.6225891,32094.5033857248
879,53033004600,46,Census Tract 46,Green Lake,9.4,2005,0.046,-0.016,7,65,Medium,27829368.7579956,25514.2239990877
880,53033004702,47.02,Census Tract 47.02,Ballard,10.4,2005,0.056,-0.012,37,410,,2867507.734375,6956.44967487604
881,53033002700,27,Census Tract 27,Green Lake,9.4,2005,0.047,-0.011,21,257,Medium,17058079.2767029,21942.8352783745
882,53033001800,18,Census Tract 18,Licton Springs,9.2,2005,0.042,-0.013,57,591,Medium,10182882.2714539,13946.100028213
883,53033005202,52.02,Census Tract 52.02,Wallingford,11.2,2005,0.056,-0.007,42,859,,2865193.63619995,7845.30321659896
884,53033005303,53.03,Census Tract 53.03,University District,7.2,2005,0,0,0,0,,24349784.4945679,33904.6213661119
885,53033004402,44.02,Census Tract 44.02,University District,7.2,2005,0.055,-0.021,58,915,,3175021.43328857,7487.97985687102
886,53033004401,44.01,Census Tract 44.01,University District,7.2,2005,0.139,-0.012,28,324,,7479571.76147461,12948.9751357778
887,53033005307,53.07,Census Tract 53.07,University District,7.2,2005,0.067,-0.014,18,345,,1399526.47988892,4758.85069026771
888,53033004101,41.01,Census Tract 41.01,Laurelhurst/Sand Point,7.5,2005,0,-0.016,2,63,High,16716852.6628113,24230.1579430562
889,53033005402,54.02,Census Tract 54.02,Fremont,11.1,2005,0.032,-0.013,40,377,Medium,4993141.86450195,10063.7978469566
890,53033007700,77,Census Tract 77,Central Area/Squire Park,5.3,2005,0.048,-0.015,19,269,Medium,11391208.2196655,15242.2097594939
891,53033007502,75.02,Census Tract 75.02,Capitol Hill,6.2,2005,0.054,-0.014,57,901,,3400503.55529785,7403.62929266713
892,53033007600,76,Census Tract 76,Miller Park,6.4,2005,0.051,-0.024,46,682,,6155389.38891602,9906.36833563623
893,53033010200,102,Census Tract 102,Seward Park,4.3,2005,0.039,-0.014,4,76,Medium,30129079.2078857,33439.4693972433
894,53033010401,104.01,Census Tract 104.01,Beacon Hill,3.5,2005,0,0,0,0,,17543421.029068,17342.9302013933
895,53033010402,104.02,Census Tract 104.02,Beacon Hill,3.5,2005,0.07,0,5,71,,18759692.8948212,18925.0430066197
896,53033010501,105.01,Census Tract 105.01,West Seattle Junction/Genesee Hill,1.3,2005,0.057,-0.018,12,280,,7986746.71530151,12490.0968039152
897,53033010102,101.02,Census Tract 101.02,Columbia City,4.2,2005,0,0,0,0,,17314610.0391541,22274.170768035
898,53033009802,98.02,Census Tract 98.02,West Seattle Junction/Genesee Hill,1.3,2005,0.082,-0.01,17,195,,9927510.52307129,12982.7549339758
899,53033009000,90,Census Tract 90,Judkins Park,5.2,2005,0.052,-0.015,14,194,,9212173.19689941,14319.1029916181
900,53033026400,264,Census Tract 264,South Park,3.1,2005,0,0,0,0,,461382.048629761,5763.40767367231
901,53033001201,12.01,Census Tract 12.01,Northgate/Maple Leaf,8.1,2006,0.036,-0.019,21,1209,Medium,10851861.641449,15899.7733430541
902,53033000404,4.04,Census Tract 4.04,Broadview/Bitter Lake,9.1,2006,0.066,0.029,8,515,,6791652.7237854,12962.5584131713
903,53033004901,49.01,Census Tract 49.01,Fremont,11.1,2006,0.044,-0.009,107,983,Medium,5350888.21542358,9379.65576684679
904,53033003601,36.01,Census Tract 36.01,Green Lake,9.4,2006,0.043,-0.01,35,418,Medium,7255879.06799316,11894.2888948854
905,53033002800,28,Census Tract 28,Greenwood/Phinney Ridge,9.3,2006,0.033,-0.01,32,302,Medium,10637151.8217773,13201.311297987
906,53033003100,31,Census Tract 31,Sunset Hill/Loyal Heights,10.3,2006,0.028,-0.009,14,107,High,23137464.0452271,24704.5678017235
907,53033006400,64,Census Tract 64,Miller Park,6.4,2006,0.049,0,5,103,Medium,9726351.90356445,13186.7701844683
908,53033004301,43.01,Census Tract 43.01,Ravenna/Bryant,7.3,2006,0.029,-0.014,8,69,High,10539780.5728455,17192.703749828
909,53033002500,25,Census Tract 25,Ravenna/Bryant,7.3,2006,0.031,-0.016,3,64,Medium,10594634.2979736,16442.9685869958
910,53033002200,22,Census Tract 22,Wedgwood/View Ridge,7.4,2006,0.027,0,5,73,High,30127208.0188904,28505.8067930163
911,53033004000,40,Census Tract 40,Laurelhurst/Sand Point,7.5,2006,0.019,-0.018,2,54,High,26374983.680542,27560.0138429836
912,53033005804,58.04,Census Tract 58.04,Interbay,12.2,2006,0.038,-0.009,34,572,Medium,25124062.7388306,48668.2722430527
913,53033006800,68,Census Tract 68,Queen Anne,12.3,2006,0.027,-0.033,25,298,High,7729250.27154541,11275.3773479613
914,53033008102,81.02,Census Tract 81.02,Downtown Commercial Core,13.2,2006,0.058,-0.011,5,173,,5987812.08642578,14339.9950294181
915,53033008101,81.01,Census Tract 81.01,Downtown Commercial Core,13.2,2006,0.032,0.003,5,885,Medium,2992165.47857666,11427.1467556707
916,53033007902,79.02,Census Tract 79.02,Central Area/Squire Park,5.3,2006,0.045,-0.041,15,514,Medium,4641637.80010986,9715.12087740264
917,53033007302,73.02,Census Tract 73.02,Cascade/Eastlake,11.3,2006,0.027,-0.011,4,663,High,3368769.26522827,7802.42635391176
918,53033007101,71.01,Census Tract 71.01,Queen Anne,12.3,2006,0.063,-0.02,15,446,,5328474.60678101,9004.94722654019
919,53033009300,93,Census Tract 93,Duwamish/SODO,3.3,2006,0.041,-0.022,11,268,Medium,102171584.839813,53946.3734519274
920,53033010502,105.02,Census Tract 105.02,West Seattle Junction/Genesee Hill,1.3,2006,0.075,-0.011,23,464,,10504351.3417664,14546.1362419116
921,53033010001,100.01,Census Tract 100.01,North Beacon Hill/Jefferson Park,3.6,2006,0.032,-0.019,17,248,Medium,25052474.6053925,25628.9245317132
922,53033009801,98.01,Census Tract 98.01,West Seattle Junction/Genesee Hill,1.3,2006,0.04,-0.009,20,224,Medium,10814248.9397583,13291.5490832838
923,53033008900,89,Census Tract 89,Madrona/Leschi,5.1,2006,0.026,-0.012,15,234,High,13690717.169342,19328.7463975703
924,53033026300,263,Census Tract 263,Rainier Beach,4.1,2006,0,0,0,0,,30724.63331604,954.048024444965
925,53033012000,120,Census Tract 120,Arbor Heights,1.1,2006,0,0,0,0,,15560990.4431915,16787.974281693
926,53033011101,111.01,Census Tract 111.01,Columbia City,4.2,2006,0.041,-0.012,13,170,Medium,12236718.0846863,15552.0743493747
927,53033011001,110.01,Census Tract 110.01,South Beacon Hill/NewHolly,3.4,2006,0,0,0,0,,11629041.0737,16287.3553131872
928,53033010800,108,Census Tract 108,Riverview,2.3,2006,0.034,0,3,59,Medium,44087445.2204437,39019.3474976913
929,53033000800,8,Census Tract 8,Cedar Park/Meadowbrook,8.3,2006,0,0,0,0,,12290810.0239868,15312.0874645944
930,53033003400,34,Census Tract 34,Greenwood/Phinney Ridge,9.3,2006,0.032,-0.011,9,93,Medium,8472471.71472168,12629.322933575
931,53033005306,53.06,Census Tract 53.06,University District,7.2,2006,0.144,0.104,18,680,,2157906.05789185,5954.87262312138
932,53033004302,43.02,Census Tract 43.02,Ravenna/Bryant,7.3,2006,0.041,-0.013,60,981,Medium,3564115.6701355,7987.27441919544
933,53033002400,24,Census Tract 24,Wedgwood/View Ridge,7.4,2006,0,0,0,0,,10359919.7832642,13151.7125244876
934,53033004102,41.02,Census Tract 41.02,Laurelhurst/Sand Point,7.5,2006,0.055,-0.006,8,623,,17933927.2689209,23350.8002922279
935,53033005600,56,Census Tract 56,Magnolia,12.1,2006,0,0,0,0,,32045056.1363831,29943.5055294428
936,53033006703,67.03,Census Tract 67.03,Queen Anne,12.3,2006,0.05,-0.005,36,614,Medium,6427171.88375854,10846.4930444777
937,53033006100,61,Census Tract 61,Montlake/Portage Bay,7.1,2006,0.067,-0.01,81,1026,,11959193.7410278,21477.2648301767
938,53033005700,57,Census Tract 57,Magnolia,12.1,2006,0.045,-0.009,28,352,Medium,53305584.4251709,44506.5655358236
939,53033005901,59.01,Census Tract 59.01,Queen Anne,12.3,2006,0.028,-0.013,29,389,High,8449086.71850586,19075.2924234318
940,53033008401,84.01,Census Tract 84.01,Capitol Hill,6.2,2006,0.05,-0.007,18,783,Medium,2700766.60922241,9275.81826751285
941,53033008300,83,Census Tract 83,First Hill,6.1,2006,0.029,-0.008,12,867,High,2561276.49777222,8632.13489440587
942,53033007501,75.01,Census Tract 75.01,Capitol Hill,6.2,2006,0.039,-0.008,82,1454,Medium,3210519.93661499,7219.62364175991
943,53033009702,97.02,Census Tract 97.02,West Seattle Junction/Genesee Hill,1.3,2006,0.029,-0.009,7,105,High,23899907.4262695,28258.7625684306
944,53033008800,88,Census Tract 88,Central Area/Squire Park,5.3,2006,0.039,-0.009,27,230,Medium,10210038.8581238,13202.5268569703
945,53033008500,85,Census Tract 85,First Hill,6.1,2006,0.052,-0.002,18,884,,4854121.3192749,9025.58161466663
946,53033026500,265,Census Tract 265,Highland Park,2.5,2006,0,0,0,0,,4617675.48258972,11234.9647811896
947,53033011601,116.01,Census Tract 116.01,Fauntleroy/Seaview,1.2,2006,0.025,-0.013,6,80,High,16710842.8944397,20011.9659924997
948,53033011300,113,Census Tract 113,Highland Park,2.5,2006,0.082,0.024,16,328,,37260682.9683075,27184.1613850878
949,53033011500,115,Census Tract 115,Roxhill/Westwood,2.4,2006,0.08,-0.012,12,250,,16558652.7529297,19887.3089363241
950,53033010601,106.01,Census Tract 106.01,Fauntleroy/Seaview,1.2,2006,0.026,-0.009,25,381,High,11724162.319458,14458.8370353337
951,53033001202,12.02,Census Tract 12.02,Northgate/Maple Leaf,8.1,2006,0.059,-0.01,9,422,,8841145.88363647,13324.9900925288
952,53033000102,1.02,Census Tract 1.02,Cedar Park/Meadowbrook,8.3,2006,0.034,-0.00899999999999999,14,558,Medium,15446821.4830017,19552.3623304664
953,53033004701,47.01,Census Tract 47.01,Ballard,10.4,2006,0.038,-0.008,48,624,Medium,6036028.32614136,13539.0476262898
954,53033004500,45,Census Tract 45,Wallingford,11.2,2006,0,0,0,0,,7222109.8883667,11018.3020934985
955,53033002900,29,Census Tract 29,Greenwood/Phinney Ridge,9.3,2006,0.04,-0.012,24,248,Medium,10614791.1058044,13366.3196709081
956,53033004201,42.01,Census Tract 42.01,Ravenna/Bryant,7.3,2006,0.034,-0.011,10,178,Medium,13390664.2680969,18286.1439211159
957,53033007403,74.03,Census Tract 74.03,Capitol Hill,6.2,2006,0.037,-0.008,49,1007,Medium,1276089.0690918,5227.49528678734
958,53033007002,70.02,Census Tract 70.02,Queen Anne,12.3,2006,0.042,-0.00899999999999999,76,1561,Medium,4746869.84552002,9490.79905735624
959,53033005803,58.03,Census Tract 58.03,Interbay,12.2,2006,0.037,-0.009,29,323,Medium,8956173.42456055,17129.1988103483
960,53033005902,59.02,Census Tract 59.02,Queen Anne,12.3,2006,0.049,-0.009,10,103,Medium,11010649.894989,15184.2205727179
961,53033004902,49.02,Census Tract 49.02,Fremont,11.1,2006,0.034,-0.01,65,863,Medium,6448262.3397522,10801.7314915315
962,53033005801,58.01,Census Tract 58.01,Interbay,12.2,2006,0.033,-0.007,43,1036,Medium,19618424.2433472,25500.0139546944
963,53033007406,74.06,Census Tract 74.06,Capitol Hill,6.2,2006,0.038,-0.009,41,1078,Medium,1623443.82748413,6764.47724113477
964,53033007405,74.05,Census Tract 74.05,Capitol Hill,6.2,2006,0.044,-0.009,46,1203,Medium,1418974.04168701,5012.79869002574
965,53033009701,97.01,Census Tract 97.01,Alki/Admiral,1.4,2006,0.043,-0.01,35,395,Medium,19291172.1184692,29764.000341636
966,53033009600,96,Census Tract 96,Alki/Admiral,1.4,2006,0.054,-0.009,31,427,,19741501.6534882,20745.4059998832
967,53033008700,87,Census Tract 87,Central Area/Squire Park,5.3,2006,0.06,-0.00800000000000001,39,485,,7883013.1696167,11432.3842123557
968,53033011402,114.02,Census Tract 114.02,Roxhill/Westwood,2.4,2006,0.04,-0.009,23,405,Medium,12779277.8645477,17351.055007292
969,53033011200,112,Census Tract 112,South Park,3.1,2006,0.063,-0.00600000000000001,15,175,,26463890.0310974,27002.3375751905
970,53033010900,109,Census Tract 109,Georgetown,3.2,2006,0.044,-0.007,13,137,Medium,51677122.7107849,44978.7538438156
971,53033011002,110.02,Census Tract 110.02,South Beacon Hill/NewHolly,3.4,2006,0,0,0,0,,18508908.4571838,22511.1267649617
972,53033011102,111.02,Census Tract 111.02,Seward Park,4.3,2006,0.022,-0.009,22,450,High,13970026.6890106,20411.1700649139
973,53033010702,107.02,Census Tract 107.02,High Point,2.2,2006,0,0,0,0,,8396926.79307556,14935.9302412484
974,53033001100,11,Census Tract 11,Olympic Hills/Victory Heights,8.2,2006,0.09,-0.011,11,188,,11416399.5888062,14159.1273465597
975,53033000700,7,Census Tract 7,Olympic Hills/Victory Heights,8.2,2006,0.038,-0.01,54,810,Medium,13932242.3934631,16134.0299149422
976,53033000202,2.02,Census Tract 2.02,Olympic Hills/Victory Heights,8.2,2006,0.048,-0.011,6,187,Medium,15930118.4908752,17285.8273694368
977,53033000101,1.01,Census Tract 1.01,Cedar Park/Meadowbrook,8.3,2006,0.05,-0.011,34,1032,Medium,4465058.88146973,8662.07421505589
978,53033003301,33.01,Census Tract 33.01,Whittier Heights,10.2,2006,0.029,-0.009,58,525,High,7202858.49346924,11177.1813262219
979,53033003602,36.02,Census Tract 36.02,Green Lake,9.4,2006,0.056,-0.009,42,558,,5621886.08477783,11471.0943824279
980,53033001900,19,Census Tract 19,Northgate/Maple Leaf,8.1,2006,0.047,-0.007,8,129,Medium,17945171.5240173,18948.4812689278
981,53033001702,17.02,Census Tract 17.02,Greenwood/Phinney Ridge,9.3,2006,0,0,0,0,,13779275.7612915,17476.4075143324
982,53033006500,65,Census Tract 65,North Capitol Hill,6.3,2006,0.044,-0.009,76,1017,Medium,12352257.7561951,17921.5013322026
983,53033006200,62,Census Tract 62,Montlake/Portage Bay,7.1,2006,0,0,0,0,,24610619.7424011,40010.5992573485
984,53033005305,53.05,Census Tract 53.05,University District,7.2,2006,0.054,-0.009,46,1174,,2292236.61618042,6048.60922233999
985,53033002600,26,Census Tract 26,Ravenna/Bryant,7.3,2006,0.031,-0.016,5,191,Medium,13398040.1758728,15933.937900155
986,53033002000,20,Census Tract 20,Northgate/Maple Leaf,8.1,2006,0.029,-0.005,9,206,High,12183878.8231506,15509.5457092747
987,53033006300,63,Census Tract 63,Madison Park,6.5,2006,0.019,-0.005,20,578,High,27750333.3955383,36285.8489218384
988,53033006600,66,Census Tract 66,Cascade/Eastlake,11.3,2006,0.075,-0.017,82,1277,,11110296.8534851,21995.1062951424
989,53033006900,69,Census Tract 69,Queen Anne,12.3,2006,0.047,-0.011,34,468,Medium,9742176.64987183,15666.5439544695
990,53033006000,60,Census Tract 60,Queen Anne,12.3,2006,0.082,-0.011,55,668,,14158764.7126465,19123.0326298116
991,53033005201,52.01,Census Tract 52.01,Wallingford,11.2,2006,0.042,-0.01,20,286,Medium,7536632.48083496,14175.9240617134
992,53033005000,50,Census Tract 50,Wallingford,11.2,2006,0.036,-0.009,60,749,Medium,8151942.29489136,11560.148011522
993,53033008600,86,Census Tract 86,First Hill,6.1,2006,0.044,-0.071,45,997,Medium,7656616.62564087,11640.7206126296
994,53033008002,80.02,Census Tract 80.02,Belltown,13.1,2006,0.067,-0.00599999999999999,14,1131,,2522029.80825806,7998.38246587977
995,53033007901,79.01,Census Tract 79.01,Central Area/Squire Park,5.3,2006,0.054,-0.018,45,783,,2876299.50189209,7879.40433949822
996,53033007202,72.02,Census Tract 72.02,Cascade/Eastlake,11.3,2006,0.052,-0.009,10,559,,3020075.66329956,7591.70188344636
997,53033007301,73.01,Census Tract 73.01,Cascade/Eastlake,11.3,2006,0.086,0.028,9,746,,2699344.10806274,7422.61069281975
998,53033010302,103.02,Census Tract 103.02,Columbia City,4.2,2006,0.039,-0.011,17,259,Medium,6804418.75059509,11267.2532000827
999,53033009100,91,Census Tract 91,Pioneer Square/International District,13.3,2006,0.192,0.045,15,920,,4419685.26577759,10608.3854115205
1000,53033009200,92,Census Tract 92,Pioneer Square/International District,13.3,2006,0.034,-0.01,10,321,Medium,3456088.55044556,12687.1211893969
1001,53033011700,117,Census Tract 117,South Beacon Hill/NewHolly,3.4,2006,0,0,0,0,,37826036.2597046,29439.6267373345
1002,53033000500,5,Census Tract 5,Broadview/Bitter Lake,9.1,2006,0,0,0,0,,30294741.0541992,27094.5667843899
1003,53033000601,6.01,Census Tract 6.01,Haller Lake,9.5,2006,0.025,-0.012,16,600,High,15404952.5828857,20078.9564759328
1004,53033003500,35,Census Tract 35,Greenwood/Phinney Ridge,9.3,2006,0.027,-0.012,21,259,High,13828061.6665344,16634.3489620973
1005,53033001500,15,Census Tract 15,North Beach/Blue Ridge,10.1,2006,0.051,0,4,59,,12300447.062561,13960.3795463703
1006,53033001400,14,Census Tract 14,North Beach/Blue Ridge,10.1,2006,0.035,-0.00899999999999999,21,433,Medium,23073388.6559448,30536.3374485091
1007,53033001300,13,Census Tract 13,Licton Springs,9.2,2006,0.048,-0.011,72,870,Medium,12710036.9901733,14881.0870453396
1008,53033003800,38,Census Tract 38,Ravenna/Bryant,7.3,2006,0.409,-0.012,6,159,,6722791.39416504,10392.5315540704
1009,53033007001,70.01,Census Tract 70.01,Queen Anne,12.3,2006,0.039,-0.008,50,1374,Medium,3856290.05014038,9530.30256857274
1010,53033004800,48,Census Tract 48,Fremont,11.1,2006,0.032,-0.01,25,216,Medium,13833886.8196411,18822.2365726525
1011,53033005100,51,Census Tract 51,Wallingford,11.2,2006,0.062,0.01,23,292,,9490350.15280151,13462.5915467426
1012,53033008200,82,Census Tract 82,First Hill,6.1,2006,0.032,-0.01,11,810,Medium,4044773.82589722,9102.1403414799
1013,53033010101,101.01,Census Tract 101.01,Columbia City,4.2,2006,0.023,-0.011,8,177,High,9381810.13056946,15311.6567050508
1014,53033012100,121,Census Tract 121,Arbor Heights,1.1,2006,0,0,0,0,,18538900.9337463,25983.6162383482
1015,53033011901,119.01,Census Tract 119.01,Rainier Beach,4.1,2006,0,0,0,0,,18097640.7372589,20485.6455423004
1016,53033000602,6.02,Census Tract 6.02,Haller Lake,9.5,2006,0.068,0.031,9,396,,25947507.8614197,23221.7047501309
1017,53033000201,2.01,Census Tract 2.01,Olympic Hills/Victory Heights,8.2,2006,0.023,-0.002,12,836,High,19446176.3249207,18651.5780841956
1018,53033003302,33.02,Census Tract 33.02,Whittier Heights,10.2,2006,0.038,-0.011,52,452,Medium,6749336.48599243,10550.8179265194
1019,53033005304,53.04,Census Tract 53.04,University District,7.2,2006,0,0,0,0,,786047.098052979,4083.12606626598
1020,53033004202,42.02,Census Tract 42.02,Ravenna/Bryant,7.3,2006,0.037,0,5,54,Medium,13141688.4516602,15651.6663663576
1021,53033007404,74.04,Census Tract 74.04,Capitol Hill,6.2,2006,0.048,-0.009,61,1177,Medium,1654579.82751465,5775.69998668964
1022,53033006701,67.01,Census Tract 67.01,Queen Anne,12.3,2006,0.195,0.125,15,795,,3639833.1784668,12143.7792365382
1023,53033007800,78,Census Tract 78,Madrona/Leschi,5.1,2006,0.038,-0.013,5,79,Medium,22245158.163269,28746.3735215772
1024,53033007503,75.03,Census Tract 75.03,Capitol Hill,6.2,2006,0.048,-0.006,14,333,Medium,2018614.36813354,6484.38948226953
1025,53033007201,72.01,Census Tract 72.01,Cascade/Eastlake,11.3,2006,0.049,-0.004,12,1675,Medium,1622558.90014648,5873.2165106452
1026,53033007203,72.03,Census Tract 72.03,Cascade/Eastlake,11.3,2006,0.108,-0.00700000000000001,6,130,,6238804.94293213,12493.9648041578
1027,53033010301,103.01,Census Tract 103.01,Columbia City,4.2,2006,0.038,-0.02,4,52,Medium,10792262.4648438,16924.3685147596
1028,53033009900,99,Census Tract 99,North Delridge,2.1,2006,0.041,-0.009,16,464,Medium,70254374.707016,64633.6615792341
1029,53033009500,95,Census Tract 95,Mt. Baker/North Rainier,4.4,2006,0.15,-0.00700000000000001,12,140,,27424305.6749573,29618.2112966095
1030,53033009400,94,Census Tract 94,North Beacon Hill/Jefferson Park,3.6,2006,0.055,-0.012,52,509,,18150625.6758423,18874.5831831158
1031,53033011801,118.01,Census Tract 118.01,Rainier Beach,4.1,2006,0.045,-0.007,13,269,Medium,12671173.5070038,15849.8135377743
1032,53033011602,116.02,Census Tract 116.02,Fauntleroy/Seaview,1.2,2006,0.035,-0.00899999999999999,13,113,Medium,16924173.2272644,24704.0405747324
1033,53033011401,114.01,Census Tract 114.01,Roxhill/Westwood,2.4,2006,0.03,-0.016,6,565,High,13273369.1432037,17478.0591593666
1034,53033010701,107.01,Census Tract 107.01,High Point,2.2,2006,0.025,-0.03,4,199,High,15726285.722641,21302.3651802902
1035,53033010602,106.02,Census Tract 106.02,Fauntleroy/Seaview,1.2,2006,0.035,-0.006,20,317,Medium,15462014.0646667,23774.9471378089
1036,53033000900,9,Census Tract 9,Cedar Park/Meadowbrook,8.3,2006,0,0,0,0,,10031158.8856812,20828.1661958069
1037,53033000402,4.02,Census Tract 4.02,Broadview/Bitter Lake,9.1,2006,0.041,0.002,28,485,Medium,19362220.5229187,21397.1752981976
1038,53033000300,3,Census Tract 3,Haller Lake,9.5,2006,0.012,-0.012,7,83,High,13033864.5966187,17298.0295354457
1039,53033003202,32.02,Census Tract 32.02,Sunset Hill/Loyal Heights,10.3,2006,0.035,-0.00799999999999999,34,345,Medium,10289818.4570313,12945.3948643709
1040,53033003000,30,Census Tract 30,Whittier Heights,10.2,2006,0.023,-0.012,23,175,High,16072222.0088196,16061.947620856
1041,53033001701,17.01,Census Tract 17.01,Greenwood/Phinney Ridge,9.3,2006,0.039,-0.01,27,509,Medium,9609026.08453369,17164.4547776423
1042,53033001600,16,Census Tract 16,North Beach/Blue Ridge,10.1,2006,0.035,-0.007,11,143,Medium,20575392.7101746,23147.6459804202
1043,53033002100,21,Census Tract 21,Wedgwood/View Ridge,7.4,2006,0.027,-0.01,16,188,High,14696796.7441101,16139.9218598102
1044,53033003900,39,Census Tract 39,Wedgwood/View Ridge,7.4,2006,0.019,-0.009,8,108,High,10481334.9800415,13200.9092050947
1045,53033007102,71.02,Census Tract 71.02,Queen Anne,12.3,2006,0.07,-0.00299999999999999,21,724,,3615500.8977356,11499.9407456685
1046,53033006702,67.02,Census Tract 67.02,Queen Anne,12.3,2006,0.044,-0.01,32,427,Medium,3280147.99505615,8593.8649046644
1047,53033005401,54.01,Census Tract 54.01,Fremont,11.1,2006,0.027,-0.01,32,375,High,7892270.58761597,19740.10787087
1048,53033008004,80.04,Census Tract 80.04,Belltown,13.1,2006,0.072,0,7,738,,2908326.63348389,14944.9795882911
1049,53033008003,80.03,Census Tract 80.03,Belltown,13.1,2006,0.04,-0.01,7,402,Medium,2122043.71142578,8720.99942149515
1050,53033008402,84.02,Census Tract 84.02,Capitol Hill,6.2,2006,0.048,-0.009,40,1187,Medium,1565507.71533203,5220.86848686108
1051,53033007303,73.03,Census Tract 73.03,Cascade/Eastlake,11.3,2006,0.067,0.016,2,178,,3374596.39306641,7984.8635220016
1052,53033010002,100.02,Census Tract 100.02,North Beacon Hill/Jefferson Park,3.6,2006,0.043,-0.012,19,419,Medium,10204645.644455,13732.7653894052
1053,53033011902,119.02,Census Tract 119.02,Rainier Beach,4.1,2006,0,0,0,0,,16290813.6344757,28897.5986341236
1054,53033011802,118.02,Census Tract 118.02,Rainier Beach,4.1,2006,0.06,0,3,67,,12323056.7394714,17201.5467858114
1055,53033004703,47.03,Census Tract 47.03,Ballard,10.4,2006,0.029,-0.01,51,414,High,13030918.1381531,18718.8593915212
1056,53033001000,10,Census Tract 10,Cedar Park/Meadowbrook,8.3,2006,0.131,-0.00800000000000001,5,122,,10270271.6852112,13147.0305998084
1057,53033000403,4.03,Census Tract 4.03,Broadview/Bitter Lake,9.1,2006,0.029,-0.013,11,409,High,7881185.92349243,14097.0266947453
1058,53033003201,32.01,Census Tract 32.01,Sunset Hill/Loyal Heights,10.3,2006,0.025,-0.011,26,608,High,11927788.6225891,32094.5033857248
1059,53033004600,46,Census Tract 46,Green Lake,9.4,2006,0.046,0,7,65,Medium,27829368.7579956,25514.2239990877
1060,53033004702,47.02,Census Tract 47.02,Ballard,10.4,2006,0.044,-0.012,37,410,Medium,2867507.734375,6956.44967487604
1061,53033002700,27,Census Tract 27,Green Lake,9.4,2006,0.035,-0.012,21,257,Medium,17058079.2767029,21942.8352783745
1062,53033001800,18,Census Tract 18,Licton Springs,9.2,2006,0.032,-0.01,57,591,Medium,10182882.2714539,13946.100028213
1063,53033005202,52.02,Census Tract 52.02,Wallingford,11.2,2006,0.029,-0.027,42,859,High,2865193.63619995,7845.30321659896
1064,53033005303,53.03,Census Tract 53.03,University District,7.2,2006,0,0,0,0,,24349784.4945679,33904.6213661119
1065,53033004402,44.02,Census Tract 44.02,University District,7.2,2006,0.045,-0.01,58,915,Medium,3175021.43328857,7487.97985687102
1066,53033004401,44.01,Census Tract 44.01,University District,7.2,2006,0.13,-0.00900000000000001,28,324,,7479571.76147461,12948.9751357778
1067,53033005307,53.07,Census Tract 53.07,University District,7.2,2006,0.058,-0.009,18,345,,1399526.47988892,4758.85069026771
1068,53033004101,41.01,Census Tract 41.01,Laurelhurst/Sand Point,7.5,2006,0,0,2,63,High,16716852.6628113,24230.1579430562
1069,53033005402,54.02,Census Tract 54.02,Fremont,11.1,2006,0.024,-0.008,40,377,High,4993141.86450195,10063.7978469566
1070,53033007700,77,Census Tract 77,Central Area/Squire Park,5.3,2006,0.041,-0.007,19,269,Medium,11391208.2196655,15242.2097594939
1071,53033007502,75.02,Census Tract 75.02,Capitol Hill,6.2,2006,0.046,-0.008,57,901,Medium,3400503.55529785,7403.62929266713
1072,53033007600,76,Census Tract 76,Miller Park,6.4,2006,0.043,-0.008,46,682,Medium,6155389.38891602,9906.36833563623
1073,53033010200,102,Census Tract 102,Seward Park,4.3,2006,0.039,0,4,76,Medium,30129079.2078857,33439.4693972433
1074,53033010401,104.01,Census Tract 104.01,Beacon Hill,3.5,2006,0,0,0,0,,17543421.029068,17342.9302013933
1075,53033010402,104.02,Census Tract 104.02,Beacon Hill,3.5,2006,0.056,-0.014,5,71,,18759692.8948212,18925.0430066197
1076,53033010501,105.01,Census Tract 105.01,West Seattle Junction/Genesee Hill,1.3,2006,0.05,-0.007,12,280,Medium,7986746.71530151,12490.0968039152
1077,53033010102,101.02,Census Tract 101.02,Columbia City,4.2,2006,0,0,0,0,,17314610.0391541,22274.170768035
1078,53033009802,98.02,Census Tract 98.02,West Seattle Junction/Genesee Hill,1.3,2006,0.072,-0.01,17,195,,9927510.52307129,12982.7549339758
1079,53033009000,90,Census Tract 90,Judkins Park,5.2,2006,0.046,-0.006,14,194,Medium,9212173.19689941,14319.1029916181
1080,53033026400,264,Census Tract 264,South Park,3.1,2006,0,0,0,0,,461382.048629761,5763.40767367231
1081,53033001201,12.01,Census Tract 12.01,Northgate/Maple Leaf,8.1,2007,0.036,0,21,1209,Medium,10851861.641449,15899.7733430541
1082,53033000404,4.04,Census Tract 4.04,Broadview/Bitter Lake,9.1,2007,0.037,-0.029,8,515,Medium,6791652.7237854,12962.5584131713
1083,53033004901,49.01,Census Tract 49.01,Fremont,11.1,2007,0.042,-0.00199999999999999,107,983,Medium,5350888.21542358,9379.65576684679
1084,53033003601,36.01,Census Tract 36.01,Green Lake,9.4,2007,0.041,-0.00199999999999999,35,418,Medium,7255879.06799316,11894.2888948854
1085,53033002800,28,Census Tract 28,Greenwood/Phinney Ridge,9.3,2007,0.036,0.003,32,302,Medium,10637151.8217773,13201.311297987
1086,53033003100,31,Census Tract 31,Sunset Hill/Loyal Heights,10.3,2007,0.028,0,14,107,High,23137464.0452271,24704.5678017235
1087,53033006400,64,Census Tract 64,Miller Park,6.4,2007,0.039,-0.01,5,103,Medium,9726351.90356445,13186.7701844683
1088,53033004301,43.01,Census Tract 43.01,Ravenna/Bryant,7.3,2007,0.029,0,8,69,High,10539780.5728455,17192.703749828
1089,53033002500,25,Census Tract 25,Ravenna/Bryant,7.3,2007,0.031,0,3,64,Medium,10594634.2979736,16442.9685869958
1090,53033002200,22,Census Tract 22,Wedgwood/View Ridge,7.4,2007,0.014,-0.013,5,73,High,30127208.0188904,28505.8067930163
1091,53033004000,40,Census Tract 40,Laurelhurst/Sand Point,7.5,2007,0.019,0,2,54,High,26374983.680542,27560.0138429836
1092,53033005804,58.04,Census Tract 58.04,Interbay,12.2,2007,0.038,0,34,572,Medium,25124062.7388306,48668.2722430527
1093,53033006800,68,Census Tract 68,Queen Anne,12.3,2007,0.027,0,25,298,High,7729250.27154541,11275.3773479613
1094,53033008102,81.02,Census Tract 81.02,Downtown Commercial Core,13.2,2007,0.058,0,5,173,,5987812.08642578,14339.9950294181
1095,53033008101,81.01,Census Tract 81.01,Downtown Commercial Core,13.2,2007,0.035,0.003,5,885,Medium,2992165.47857666,11427.1467556707
1096,53033007902,79.02,Census Tract 79.02,Central Area/Squire Park,5.3,2007,0.053,0.008,15,514,,4641637.80010986,9715.12087740264
1097,53033007302,73.02,Census Tract 73.02,Cascade/Eastlake,11.3,2007,0.045,0.018,4,663,Medium,3368769.26522827,7802.42635391176
1098,53033007101,71.01,Census Tract 71.01,Queen Anne,12.3,2007,0.061,-0.002,15,446,,5328474.60678101,9004.94722654019
1099,53033009300,93,Census Tract 93,Duwamish/SODO,3.3,2007,0.037,-0.004,11,268,Medium,102171584.839813,53946.3734519274
1100,53033010502,105.02,Census Tract 105.02,West Seattle Junction/Genesee Hill,1.3,2007,0.075,0,23,464,,10504351.3417664,14546.1362419116
1101,53033010001,100.01,Census Tract 100.01,North Beacon Hill/Jefferson Park,3.6,2007,0.032,0,17,248,Medium,25052474.6053925,25628.9245317132
1102,53033009801,98.01,Census Tract 98.01,West Seattle Junction/Genesee Hill,1.3,2007,0.04,0,20,224,Medium,10814248.9397583,13291.5490832838
1103,53033008900,89,Census Tract 89,Madrona/Leschi,5.1,2007,0.026,0,15,234,High,13690717.169342,19328.7463975703
1104,53033026300,263,Census Tract 263,Rainier Beach,4.1,2007,0,0,0,0,,30724.63331604,954.048024444965
1105,53033012000,120,Census Tract 120,Arbor Heights,1.1,2007,0,0,0,0,,15560990.4431915,16787.974281693
1106,53033011101,111.01,Census Tract 111.01,Columbia City,4.2,2007,0.041,0,13,170,Medium,12236718.0846863,15552.0743493747
1107,53033011001,110.01,Census Tract 110.01,South Beacon Hill/NewHolly,3.4,2007,0,0,0,0,,11629041.0737,16287.3553131872
1108,53033010800,108,Census Tract 108,Riverview,2.3,2007,0.034,0,3,59,Medium,44087445.2204437,39019.3474976913
1109,53033000800,8,Census Tract 8,Cedar Park/Meadowbrook,8.3,2007,0,0,0,0,,12290810.0239868,15312.0874645944
1110,53033003400,34,Census Tract 34,Greenwood/Phinney Ridge,9.3,2007,0.032,0,9,93,Medium,8472471.71472168,12629.322933575
1111,53033005306,53.06,Census Tract 53.06,University District,7.2,2007,0.06,-0.084,18,680,,2157906.05789185,5954.87262312138
1112,53033004302,43.02,Census Tract 43.02,Ravenna/Bryant,7.3,2007,0.04,-0.001,58,920,Medium,3564115.6701355,7987.27441919544
1113,53033002400,24,Census Tract 24,Wedgwood/View Ridge,7.4,2007,0,0,0,0,,10359919.7832642,13151.7125244876
1114,53033004102,41.02,Census Tract 41.02,Laurelhurst/Sand Point,7.5,2007,0.056,0.001,8,623,,17933927.2689209,23350.8002922279
1115,53033005600,56,Census Tract 56,Magnolia,12.1,2007,0,0,0,0,,32045056.1363831,29943.5055294428
1116,53033006703,67.03,Census Tract 67.03,Queen Anne,12.3,2007,0.055,0.005,36,614,,6427171.88375854,10846.4930444777
1117,53033006100,61,Census Tract 61,Montlake/Portage Bay,7.1,2007,0.064,-0.003,81,1026,,11959193.7410278,21477.2648301767
1118,53033005700,57,Census Tract 57,Magnolia,12.1,2007,0.045,0,28,352,Medium,53305584.4251709,44506.5655358236
1119,53033005901,59.01,Census Tract 59.01,Queen Anne,12.3,2007,0.031,0.003,29,389,Medium,8449086.71850586,19075.2924234318
1120,53033008401,84.01,Census Tract 84.01,Capitol Hill,6.2,2007,0.049,-0.001,18,783,Medium,2700766.60922241,9275.81826751285
1121,53033008300,83,Census Tract 83,First Hill,6.1,2007,0.024,-0.005,12,867,High,2561276.49777222,8632.13489440587
1122,53033007501,75.01,Census Tract 75.01,Capitol Hill,6.2,2007,0.037,-0.002,82,1454,Medium,3210519.93661499,7219.62364175991
1123,53033009702,97.02,Census Tract 97.02,West Seattle Junction/Genesee Hill,1.3,2007,0.029,0,7,105,High,23899907.4262695,28258.7625684306
1124,53033008800,88,Census Tract 88,Central Area/Squire Park,5.3,2007,0.039,0,27,230,Medium,10210038.8581238,13202.5268569703
1125,53033008500,85,Census Tract 85,First Hill,6.1,2007,0.045,-0.007,18,884,Medium,4854121.3192749,9025.58161466663
1126,53033026500,265,Census Tract 265,Highland Park,2.5,2007,0,0,0,0,,4617675.48258972,11234.9647811896
1127,53033011601,116.01,Census Tract 116.01,Fauntleroy/Seaview,1.2,2007,0.025,0,6,80,High,16710842.8944397,20011.9659924997
1128,53033011300,113,Census Tract 113,Highland Park,2.5,2007,0.088,0.00599999999999999,16,328,,37260682.9683075,27184.1613850878
1129,53033011500,115,Census Tract 115,Roxhill/Westwood,2.4,2007,0.08,0,12,250,,16558652.7529297,19887.3089363241
1130,53033010601,106.01,Census Tract 106.01,Fauntleroy/Seaview,1.2,2007,0.026,0,25,381,High,11724162.319458,14458.8370353337
1131,53033001202,12.02,Census Tract 12.02,Northgate/Maple Leaf,8.1,2007,0.057,-0.00199999999999999,9,422,,8841145.88363647,13324.9900925288
1132,53033000102,1.02,Census Tract 1.02,Cedar Park/Meadowbrook,8.3,2007,0.039,0.005,14,558,Medium,15446821.4830017,19552.3623304664
1133,53033004701,47.01,Census Tract 47.01,Ballard,10.4,2007,0.037,-0.001,48,624,Medium,6036028.32614136,13539.0476262898
1134,53033004500,45,Census Tract 45,Wallingford,11.2,2007,0,0,0,0,,7222109.8883667,11018.3020934985
1135,53033002900,29,Census Tract 29,Greenwood/Phinney Ridge,9.3,2007,0.044,0.004,24,248,Medium,10614791.1058044,13366.3196709081
1136,53033004201,42.01,Census Tract 42.01,Ravenna/Bryant,7.3,2007,0.034,0,10,178,Medium,13390664.2680969,18286.1439211159
1137,53033007403,74.03,Census Tract 74.03,Capitol Hill,6.2,2007,0.035,-0.00199999999999999,49,1007,Medium,1276089.0690918,5227.49528678734
1138,53033007002,70.02,Census Tract 70.02,Queen Anne,12.3,2007,0.042,0,76,1561,Medium,4746869.84552002,9490.79905735624
1139,53033005803,58.03,Census Tract 58.03,Interbay,12.2,2007,0.037,0,29,323,Medium,8956173.42456055,17129.1988103483
1140,53033005902,59.02,Census Tract 59.02,Queen Anne,12.3,2007,0.049,0,10,103,Medium,11010649.894989,15184.2205727179
1141,53033004902,49.02,Census Tract 49.02,Fremont,11.1,2007,0.033,-0.001,64,857,Medium,6448262.3397522,10801.7314915315
1142,53033005801,58.01,Census Tract 58.01,Interbay,12.2,2007,0.032,-0.001,43,1036,Medium,19618424.2433472,25500.0139546944
1143,53033007406,74.06,Census Tract 74.06,Capitol Hill,6.2,2007,0.036,-0.002,41,1078,Medium,1623443.82748413,6764.47724113477
1144,53033007405,74.05,Census Tract 74.05,Capitol Hill,6.2,2007,0.043,-0.001,47,1307,Medium,1418974.04168701,5012.79869002574
1145,53033009701,97.01,Census Tract 97.01,Alki/Admiral,1.4,2007,0.043,0,35,395,Medium,19291172.1184692,29764.000341636
1146,53033009600,96,Census Tract 96,Alki/Admiral,1.4,2007,0.054,0,31,427,,19741501.6534882,20745.4059998832
1147,53033008700,87,Census Tract 87,Central Area/Squire Park,5.3,2007,0.058,-0.00199999999999999,39,485,,7883013.1696167,11432.3842123557
1148,53033011402,114.02,Census Tract 114.02,Roxhill/Westwood,2.4,2007,0.04,0,23,405,Medium,12779277.8645477,17351.055007292
1149,53033011200,112,Census Tract 112,South Park,3.1,2007,0.063,0,15,175,,26463890.0310974,27002.3375751905
1150,53033010900,109,Census Tract 109,Georgetown,3.2,2007,0.044,0,13,137,Medium,51677122.7107849,44978.7538438156
1151,53033011002,110.02,Census Tract 110.02,South Beacon Hill/NewHolly,3.4,2007,0,0,0,0,,18508908.4571838,22511.1267649617
1152,53033011102,111.02,Census Tract 111.02,Seward Park,4.3,2007,0.022,0,23,458,High,13970026.6890106,20411.1700649139
1153,53033010702,107.02,Census Tract 107.02,High Point,2.2,2007,0,0,0,0,,8396926.79307556,14935.9302412484
1154,53033001100,11,Census Tract 11,Olympic Hills/Victory Heights,8.2,2007,0.09,0,11,188,,11416399.5888062,14159.1273465597
1155,53033000700,7,Census Tract 7,Olympic Hills/Victory Heights,8.2,2007,0.043,0.005,54,810,Medium,13932242.3934631,16134.0299149422
1156,53033000202,2.02,Census Tract 2.02,Olympic Hills/Victory Heights,8.2,2007,0.048,0,6,187,Medium,15930118.4908752,17285.8273694368
1157,53033000101,1.01,Census Tract 1.01,Cedar Park/Meadowbrook,8.3,2007,0.047,-0.003,34,1032,Medium,4465058.88146973,8662.07421505589
1158,53033003301,33.01,Census Tract 33.01,Whittier Heights,10.2,2007,0.027,-0.002,58,525,High,7202858.49346924,11177.1813262219
1159,53033003602,36.02,Census Tract 36.02,Green Lake,9.4,2007,0.054,-0.002,42,558,,5621886.08477783,11471.0943824279
1160,53033001900,19,Census Tract 19,Northgate/Maple Leaf,8.1,2007,0.047,0,8,129,Medium,17945171.5240173,18948.4812689278
1161,53033001702,17.02,Census Tract 17.02,Greenwood/Phinney Ridge,9.3,2007,0,0,0,0,,13779275.7612915,17476.4075143324
1162,53033006500,65,Census Tract 65,North Capitol Hill,6.3,2007,0.043,-0.001,76,1017,Medium,12352257.7561951,17921.5013322026
1163,53033006200,62,Census Tract 62,Montlake/Portage Bay,7.1,2007,0,0,0,0,,24610619.7424011,40010.5992573485
1164,53033005305,53.05,Census Tract 53.05,University District,7.2,2007,0.052,-0.002,46,1174,,2292236.61618042,6048.60922233999
1165,53033002600,26,Census Tract 26,Ravenna/Bryant,7.3,2007,0.031,0,5,191,Medium,13398040.1758728,15933.937900155
1166,53033002000,20,Census Tract 20,Northgate/Maple Leaf,8.1,2007,0.029,0,9,206,High,12183878.8231506,15509.5457092747
1167,53033006300,63,Census Tract 63,Madison Park,6.5,2007,0.019,0,20,578,High,27750333.3955383,36285.8489218384
1168,53033006600,66,Census Tract 66,Cascade/Eastlake,11.3,2007,0.073,-0.002,82,1277,,11110296.8534851,21995.1062951424
1169,53033006900,69,Census Tract 69,Queen Anne,12.3,2007,0.047,0,34,468,Medium,9742176.64987183,15666.5439544695
1170,53033006000,60,Census Tract 60,Queen Anne,12.3,2007,0.082,0,55,668,,14158764.7126465,19123.0326298116
1171,53033005201,52.01,Census Tract 52.01,Wallingford,11.2,2007,0.038,-0.004,20,286,Medium,7536632.48083496,14175.9240617134
1172,53033005000,50,Census Tract 50,Wallingford,11.2,2007,0.035,-0.000999999999999994,61,857,Medium,8151942.29489136,11560.148011522
1173,53033008600,86,Census Tract 86,First Hill,6.1,2007,0.042,-0.00199999999999999,45,997,Medium,7656616.62564087,11640.7206126296
1174,53033008002,80.02,Census Tract 80.02,Belltown,13.1,2007,0.066,-0.001,14,1131,,2522029.80825806,7998.38246587977
1175,53033007901,79.01,Census Tract 79.01,Central Area/Squire Park,5.3,2007,0.052,-0.002,45,783,,2876299.50189209,7879.40433949822
1176,53033007202,72.02,Census Tract 72.02,Cascade/Eastlake,11.3,2007,0.048,-0.004,10,559,Medium,3020075.66329956,7591.70188344636
1177,53033007301,73.01,Census Tract 73.01,Cascade/Eastlake,11.3,2007,0.04,-0.046,9,746,Medium,2699344.10806274,7422.61069281975
1178,53033010302,103.02,Census Tract 103.02,Columbia City,4.2,2007,0.039,0,17,259,Medium,6804418.75059509,11267.2532000827
1179,53033009100,91,Census Tract 91,Pioneer Square/International District,13.3,2007,0.138,-0.054,15,920,,4419685.26577759,10608.3854115205
1180,53033009200,92,Census Tract 92,Pioneer Square/International District,13.3,2007,0.034,0,10,321,Medium,3456088.55044556,12687.1211893969
1181,53033011700,117,Census Tract 117,South Beacon Hill/NewHolly,3.4,2007,0,0,0,0,,37826036.2597046,29439.6267373345
1182,53033000500,5,Census Tract 5,Broadview/Bitter Lake,9.1,2007,0,0,0,0,,30294741.0541992,27094.5667843899
1183,53033000601,6.01,Census Tract 6.01,Haller Lake,9.5,2007,0.025,0,16,600,High,15404952.5828857,20078.9564759328
1184,53033003500,35,Census Tract 35,Greenwood/Phinney Ridge,9.3,2007,0.027,0,21,259,High,13828061.6665344,16634.3489620973
1185,53033001500,15,Census Tract 15,North Beach/Blue Ridge,10.1,2007,0.051,0,4,59,,12300447.062561,13960.3795463703
1186,53033001400,14,Census Tract 14,North Beach/Blue Ridge,10.1,2007,0.035,0,21,433,Medium,23073388.6559448,30536.3374485091
1187,53033001300,13,Census Tract 13,Licton Springs,9.2,2007,0.051,0.003,72,870,,12710036.9901733,14881.0870453396
1188,53033003800,38,Census Tract 38,Ravenna/Bryant,7.3,2007,0.409,0,6,159,,6722791.39416504,10392.5315540704
1189,53033007001,70.01,Census Tract 70.01,Queen Anne,12.3,2007,0.037,-0.002,50,1374,Medium,3856290.05014038,9530.30256857274
1190,53033004800,48,Census Tract 48,Fremont,11.1,2007,0.032,0,25,216,Medium,13833886.8196411,18822.2365726525
1191,53033005100,51,Census Tract 51,Wallingford,11.2,2007,0.038,-0.024,23,292,Medium,9490350.15280151,13462.5915467426
1192,53033008200,82,Census Tract 82,First Hill,6.1,2007,0.069,0.037,12,1030,,4044773.82589722,9102.1403414799
1193,53033010101,101.01,Census Tract 101.01,Columbia City,4.2,2007,0.023,0,8,177,High,9381810.13056946,15311.6567050508
1194,53033012100,121,Census Tract 121,Arbor Heights,1.1,2007,0,0,0,0,,18538900.9337463,25983.6162383482
1195,53033011901,119.01,Census Tract 119.01,Rainier Beach,4.1,2007,0,0,0,0,,18097640.7372589,20485.6455423004
1196,53033000602,6.02,Census Tract 6.02,Haller Lake,9.5,2007,0.048,-0.02,9,396,Medium,25947507.8614197,23221.7047501309
1197,53033000201,2.01,Census Tract 2.01,Olympic Hills/Victory Heights,8.2,2007,0.023,0,12,836,High,19446176.3249207,18651.5780841956
1198,53033003302,33.02,Census Tract 33.02,Whittier Heights,10.2,2007,0.035,-0.003,52,452,Medium,6749336.48599243,10550.8179265194
1199,53033005304,53.04,Census Tract 53.04,University District,7.2,2007,0,0,0,0,,786047.098052979,4083.12606626598
1200,53033004202,42.02,Census Tract 42.02,Ravenna/Bryant,7.3,2007,0.037,0,5,54,Medium,13141688.4516602,15651.6663663576
1201,53033007404,74.04,Census Tract 74.04,Capitol Hill,6.2,2007,0.046,-0.002,61,1177,Medium,1654579.82751465,5775.69998668964
1202,53033006701,67.01,Census Tract 67.01,Queen Anne,12.3,2007,0.062,-0.133,15,795,,3639833.1784668,12143.7792365382
1203,53033007800,78,Census Tract 78,Madrona/Leschi,5.1,2007,0.038,0,5,79,Medium,22245158.163269,28746.3735215772
1204,53033007503,75.03,Census Tract 75.03,Capitol Hill,6.2,2007,0.078,0.03,15,357,,2018614.36813354,6484.38948226953
1205,53033007201,72.01,Census Tract 72.01,Cascade/Eastlake,11.3,2007,0.051,0.00199999999999999,12,1675,,1622558.90014648,5873.2165106452
1206,53033007203,72.03,Census Tract 72.03,Cascade/Eastlake,11.3,2007,0.1,-0.00799999999999999,6,130,,6238804.94293213,12493.9648041578
1207,53033010301,103.01,Census Tract 103.01,Columbia City,4.2,2007,0.038,0,4,52,Medium,10792262.4648438,16924.3685147596
1208,53033009900,99,Census Tract 99,North Delridge,2.1,2007,0.034,-0.007,16,464,Medium,70254374.707016,64633.6615792341
1209,53033009500,95,Census Tract 95,Mt. Baker/North Rainier,4.4,2007,0.15,0,12,140,,27424305.6749573,29618.2112966095
1210,53033009400,94,Census Tract 94,North Beacon Hill/Jefferson Park,3.6,2007,0.056,0.001,53,515,,18150625.6758423,18874.5831831158
1211,53033011801,118.01,Census Tract 118.01,Rainier Beach,4.1,2007,0.045,0,13,269,Medium,12671173.5070038,15849.8135377743
1212,53033011602,116.02,Census Tract 116.02,Fauntleroy/Seaview,1.2,2007,0.035,0,13,113,Medium,16924173.2272644,24704.0405747324
1213,53033011401,114.01,Census Tract 114.01,Roxhill/Westwood,2.4,2007,0.057,0.027,6,565,,13273369.1432037,17478.0591593666
1214,53033010701,107.01,Census Tract 107.01,High Point,2.2,2007,0.047,0.022,5,214,Medium,15726285.722641,21302.3651802902
1215,53033010602,106.02,Census Tract 106.02,Fauntleroy/Seaview,1.2,2007,0.032,-0.003,20,317,Medium,15462014.0646667,23774.9471378089
1216,53033000900,9,Census Tract 9,Cedar Park/Meadowbrook,8.3,2007,0,0,0,0,,10031158.8856812,20828.1661958069
1217,53033000402,4.02,Census Tract 4.02,Broadview/Bitter Lake,9.1,2007,0.031,-0.01,27,480,Medium,19362220.5229187,21397.1752981976
1218,53033000300,3,Census Tract 3,Haller Lake,9.5,2007,0.024,0.012,7,83,High,13033864.5966187,17298.0295354457
1219,53033003202,32.02,Census Tract 32.02,Sunset Hill/Loyal Heights,10.3,2007,0.032,-0.003,34,345,Medium,10289818.4570313,12945.3948643709
1220,53033003000,30,Census Tract 30,Whittier Heights,10.2,2007,0.023,0,23,175,High,16072222.0088196,16061.947620856
1221,53033001701,17.01,Census Tract 17.01,Greenwood/Phinney Ridge,9.3,2007,0.039,0,27,509,Medium,9609026.08453369,17164.4547776423
1222,53033001600,16,Census Tract 16,North Beach/Blue Ridge,10.1,2007,0.035,0,11,143,Medium,20575392.7101746,23147.6459804202
1223,53033002100,21,Census Tract 21,Wedgwood/View Ridge,7.4,2007,0.027,0,16,188,High,14696796.7441101,16139.9218598102
1224,53033003900,39,Census Tract 39,Wedgwood/View Ridge,7.4,2007,0.019,0,8,108,High,10481334.9800415,13200.9092050947
1225,53033007102,71.02,Census Tract 71.02,Queen Anne,12.3,2007,0.099,0.029,21,724,,3615500.8977356,11499.9407456685
1226,53033006702,67.02,Census Tract 67.02,Queen Anne,12.3,2007,0.047,0.003,32,427,Medium,3280147.99505615,8593.8649046644
1227,53033005401,54.01,Census Tract 54.01,Fremont,11.1,2007,0.027,0,32,375,High,7892270.58761597,19740.10787087
1228,53033008004,80.04,Census Tract 80.04,Belltown,13.1,2007,0.075,0.003,7,738,,2908326.63348389,14944.9795882911
1229,53033008003,80.03,Census Tract 80.03,Belltown,13.1,2007,0.035,-0.005,7,402,Medium,2122043.71142578,8720.99942149515
1230,53033008402,84.02,Census Tract 84.02,Capitol Hill,6.2,2007,0.045,-0.003,40,1187,Medium,1565507.71533203,5220.86848686108
1231,53033007303,73.03,Census Tract 73.03,Cascade/Eastlake,11.3,2007,0.034,-0.033,2,178,Medium,3374596.39306641,7984.8635220016
1232,53033010002,100.02,Census Tract 100.02,North Beacon Hill/Jefferson Park,3.6,2007,0.045,0.002,19,419,Medium,10204645.644455,13732.7653894052
1233,53033011902,119.02,Census Tract 119.02,Rainier Beach,4.1,2007,0,0,0,0,,16290813.6344757,28897.5986341236
1234,53033011802,118.02,Census Tract 118.02,Rainier Beach,4.1,2007,0.045,-0.015,3,67,Medium,12323056.7394714,17201.5467858114
1235,53033004703,47.03,Census Tract 47.03,Ballard,10.4,2007,0.027,-0.002,51,414,High,13030918.1381531,18718.8593915212
1236,53033001000,10,Census Tract 10,Cedar Park/Meadowbrook,8.3,2007,0.131,0,5,122,,10270271.6852112,13147.0305998084
1237,53033000403,4.03,Census Tract 4.03,Broadview/Bitter Lake,9.1,2007,0.027,-0.002,11,409,High,7881185.92349243,14097.0266947453
1238,53033003201,32.01,Census Tract 32.01,Sunset Hill/Loyal Heights,10.3,2007,0.031,0.006,27,618,Medium,11927788.6225891,32094.5033857248
1239,53033004600,46,Census Tract 46,Green Lake,9.4,2007,0.046,0,7,65,Medium,27829368.7579956,25514.2239990877
1240,53033004702,47.02,Census Tract 47.02,Ballard,10.4,2007,0.041,-0.003,37,410,Medium,2867507.734375,6956.44967487604
1241,53033002700,27,Census Tract 27,Green Lake,9.4,2007,0.034,-0.001,22,263,Medium,17058079.2767029,21942.8352783745
1242,53033001800,18,Census Tract 18,Licton Springs,9.2,2007,0.035,0.003,59,608,Medium,10182882.2714539,13946.100028213
1243,53033005202,52.02,Census Tract 52.02,Wallingford,11.2,2007,0.026,-0.003,42,859,High,2865193.63619995,7845.30321659896
1244,53033005303,53.03,Census Tract 53.03,University District,7.2,2007,0,0,0,0,,24349784.4945679,33904.6213661119
1245,53033004402,44.02,Census Tract 44.02,University District,7.2,2007,0.044,-0.001,58,915,Medium,3175021.43328857,7487.97985687102
1246,53033004401,44.01,Census Tract 44.01,University District,7.2,2007,0.13,0,28,324,,7479571.76147461,12948.9751357778
1247,53033005307,53.07,Census Tract 53.07,University District,7.2,2007,0.058,0,18,345,,1399526.47988892,4758.85069026771
1248,53033004101,41.01,Census Tract 41.01,Laurelhurst/Sand Point,7.5,2007,0.014,0.014,3,71,High,16716852.6628113,24230.1579430562
1249,53033005402,54.02,Census Tract 54.02,Fremont,11.1,2007,0.024,0,40,377,High,4993141.86450195,10063.7978469566
1250,53033007700,77,Census Tract 77,Central Area/Squire Park,5.3,2007,0.037,-0.004,19,269,Medium,11391208.2196655,15242.2097594939
1251,53033007502,75.02,Census Tract 75.02,Capitol Hill,6.2,2007,0.063,0.017,58,937,,3400503.55529785,7403.62929266713
1252,53033007600,76,Census Tract 76,Miller Park,6.4,2007,0.041,-0.00199999999999999,46,682,Medium,6155389.38891602,9906.36833563623
1253,53033010200,102,Census Tract 102,Seward Park,4.3,2007,0.039,0,4,76,Medium,30129079.2078857,33439.4693972433
1254,53033010401,104.01,Census Tract 104.01,Beacon Hill,3.5,2007,0,0,0,0,,17543421.029068,17342.9302013933
1255,53033010402,104.02,Census Tract 104.02,Beacon Hill,3.5,2007,0.056,0,5,71,,18759692.8948212,18925.0430066197
1256,53033010501,105.01,Census Tract 105.01,West Seattle Junction/Genesee Hill,1.3,2007,0.046,-0.004,12,280,Medium,7986746.71530151,12490.0968039152
1257,53033010102,101.02,Census Tract 101.02,Columbia City,4.2,2007,0,0,0,0,,17314610.0391541,22274.170768035
1258,53033009802,98.02,Census Tract 98.02,West Seattle Junction/Genesee Hill,1.3,2007,0.072,0,17,195,,9927510.52307129,12982.7549339758
1259,53033009000,90,Census Tract 90,Judkins Park,5.2,2007,0.041,-0.005,14,194,Medium,9212173.19689941,14319.1029916181
1260,53033026400,264,Census Tract 264,South Park,3.1,2007,0,0,0,0,,461382.048629761,5763.40767367231
1261,53033001201,12.01,Census Tract 12.01,Northgate/Maple Leaf,8.1,2008,0.055,0.019,21,1209,,10851861.641449,15899.7733430541
1262,53033000404,4.04,Census Tract 4.04,Broadview/Bitter Lake,9.1,2008,0.052,0.015,8,515,,6791652.7237854,12962.5584131713
1263,53033004901,49.01,Census Tract 49.01,Fremont,11.1,2008,0.052,0.01,108,991,,5350888.21542358,9379.65576684679
1264,53033003601,36.01,Census Tract 36.01,Green Lake,9.4,2008,0.124,0.083,36,631,,7255879.06799316,11894.2888948854
1265,53033002800,28,Census Tract 28,Greenwood/Phinney Ridge,9.3,2008,0.046,0.01,32,302,Medium,10637151.8217773,13201.311297987
1266,53033003100,31,Census Tract 31,Sunset Hill/Loyal Heights,10.3,2008,0.036,0.008,15,112,Medium,23137464.0452271,24704.5678017235
1267,53033006400,64,Census Tract 64,Miller Park,6.4,2008,0.049,0.01,5,103,Medium,9726351.90356445,13186.7701844683
1268,53033004301,43.01,Census Tract 43.01,Ravenna/Bryant,7.3,2008,0.043,0.014,8,69,Medium,10539780.5728455,17192.703749828
1269,53033002500,25,Census Tract 25,Ravenna/Bryant,7.3,2008,0.047,0.016,3,64,Medium,10594634.2979736,16442.9685869958
1270,53033002200,22,Census Tract 22,Wedgwood/View Ridge,7.4,2008,0.027,0.013,5,73,High,30127208.0188904,28505.8067930163
1271,53033004000,40,Census Tract 40,Laurelhurst/Sand Point,7.5,2008,0.019,0,2,54,High,26374983.680542,27560.0138429836
1272,53033005804,58.04,Census Tract 58.04,Interbay,12.2,2008,0.049,0.011,35,577,Medium,25124062.7388306,48668.2722430527
1273,53033006800,68,Census Tract 68,Queen Anne,12.3,2008,0.037,0.01,25,298,Medium,7729250.27154541,11275.3773479613
1274,53033008102,81.02,Census Tract 81.02,Downtown Commercial Core,13.2,2008,0.069,0.011,5,173,,5987812.08642578,14339.9950294181
1275,53033008101,81.01,Census Tract 81.01,Downtown Commercial Core,13.2,2008,0.041,0.006,5,885,Medium,2992165.47857666,11427.1467556707
1276,53033007902,79.02,Census Tract 79.02,Central Area/Squire Park,5.3,2008,0.053,0,15,514,,4641637.80010986,9715.12087740264
1277,53033007302,73.02,Census Tract 73.02,Cascade/Eastlake,11.3,2008,0.054,0.009,4,663,,3368769.26522827,7802.42635391176
1278,53033007101,71.01,Census Tract 71.01,Queen Anne,12.3,2008,0.115,0.054,17,625,,5328474.60678101,9004.94722654019
1279,53033009300,93,Census Tract 93,Duwamish/SODO,3.3,2008,0.052,0.015,11,268,,102171584.839813,53946.3734519274
1280,53033010502,105.02,Census Tract 105.02,West Seattle Junction/Genesee Hill,1.3,2008,0.086,0.011,23,464,,10504351.3417664,14546.1362419116
1281,53033010001,100.01,Census Tract 100.01,North Beacon Hill/Jefferson Park,3.6,2008,0.044,0.012,17,248,Medium,25052474.6053925,25628.9245317132
1282,53033009801,98.01,Census Tract 98.01,West Seattle Junction/Genesee Hill,1.3,2008,0.049,0.009,20,224,Medium,10814248.9397583,13291.5490832838
1283,53033008900,89,Census Tract 89,Madrona/Leschi,5.1,2008,0.038,0.012,16,239,Medium,13690717.169342,19328.7463975703
1284,53033026300,263,Census Tract 263,Rainier Beach,4.1,2008,0,0,0,0,,30724.63331604,954.048024444965
1285,53033012000,120,Census Tract 120,Arbor Heights,1.1,2008,0,0,0,0,,15560990.4431915,16787.974281693
1286,53033011101,111.01,Census Tract 111.01,Columbia City,4.2,2008,0.053,0.012,13,170,,12236718.0846863,15552.0743493747
1287,53033011001,110.01,Census Tract 110.01,South Beacon Hill/NewHolly,3.4,2008,0,0,0,0,,11629041.0737,16287.3553131872
1288,53033010800,108,Census Tract 108,Riverview,2.3,2008,0.034,0,3,59,Medium,44087445.2204437,39019.3474976913
1289,53033000800,8,Census Tract 8,Cedar Park/Meadowbrook,8.3,2008,0,0,0,0,,12290810.0239868,15312.0874645944
1290,53033003400,34,Census Tract 34,Greenwood/Phinney Ridge,9.3,2008,0.043,0.011,9,93,Medium,8472471.71472168,12629.322933575
1291,53033005306,53.06,Census Tract 53.06,University District,7.2,2008,0.049,-0.011,18,680,Medium,2157906.05789185,5954.87262312138
1292,53033004302,43.02,Census Tract 43.02,Ravenna/Bryant,7.3,2008,0.054,0.014,58,920,,3564115.6701355,7987.27441919544
1293,53033002400,24,Census Tract 24,Wedgwood/View Ridge,7.4,2008,0,0,0,0,,10359919.7832642,13151.7125244876
1294,53033004102,41.02,Census Tract 41.02,Laurelhurst/Sand Point,7.5,2008,0.067,0.011,8,623,,17933927.2689209,23350.8002922279
1295,53033005600,56,Census Tract 56,Magnolia,12.1,2008,0,0,0,0,,32045056.1363831,29943.5055294428
1296,53033006703,67.03,Census Tract 67.03,Queen Anne,12.3,2008,0.064,0.009,35,608,,6427171.88375854,10846.4930444777
1297,53033006100,61,Census Tract 61,Montlake/Portage Bay,7.1,2008,0.067,0.003,82,1127,,11959193.7410278,21477.2648301767
1298,53033005700,57,Census Tract 57,Magnolia,12.1,2008,0.054,0.009,28,352,,53305584.4251709,44506.5655358236
1299,53033005901,59.01,Census Tract 59.01,Queen Anne,12.3,2008,0.044,0.013,29,389,Medium,8449086.71850586,19075.2924234318
1300,53033008401,84.01,Census Tract 84.01,Capitol Hill,6.2,2008,0.056,0.007,18,783,,2700766.60922241,9275.81826751285
1301,53033008300,83,Census Tract 83,First Hill,6.1,2008,0.036,0.012,12,867,Medium,2561276.49777222,8632.13489440587
1302,53033007501,75.01,Census Tract 75.01,Capitol Hill,6.2,2008,0.045,0.008,82,1454,Medium,3210519.93661499,7219.62364175991
1303,53033009702,97.02,Census Tract 97.02,West Seattle Junction/Genesee Hill,1.3,2008,0.038,0.009,7,105,Medium,23899907.4262695,28258.7625684306
1304,53033008800,88,Census Tract 88,Central Area/Squire Park,5.3,2008,0.054,0.015,28,240,,10210038.8581238,13202.5268569703
1305,53033008500,85,Census Tract 85,First Hill,6.1,2008,0.058,0.013,18,884,,4854121.3192749,9025.58161466663
1306,53033026500,265,Census Tract 265,Highland Park,2.5,2008,0,0,0,0,,4617675.48258972,11234.9647811896
1307,53033011601,116.01,Census Tract 116.01,Fauntleroy/Seaview,1.2,2008,0.038,0.013,6,80,Medium,16710842.8944397,20011.9659924997
1308,53033011300,113,Census Tract 113,Highland Park,2.5,2008,0.079,-0.00899999999999999,16,328,,37260682.9683075,27184.1613850878
1309,53033011500,115,Census Tract 115,Roxhill/Westwood,2.4,2008,0.092,0.012,12,250,,16558652.7529297,19887.3089363241
1310,53033010601,106.01,Census Tract 106.01,Fauntleroy/Seaview,1.2,2008,0.034,0.008,25,381,Medium,11724162.319458,14458.8370353337
1311,53033001202,12.02,Census Tract 12.02,Northgate/Maple Leaf,8.1,2008,0.069,0.012,9,422,,8841145.88363647,13324.9900925288
1312,53033000102,1.02,Census Tract 1.02,Cedar Park/Meadowbrook,8.3,2008,0.061,0.022,14,558,,15446821.4830017,19552.3623304664
1313,53033004701,47.01,Census Tract 47.01,Ballard,10.4,2008,0.045,0.008,48,624,Medium,6036028.32614136,13539.0476262898
1314,53033004500,45,Census Tract 45,Wallingford,11.2,2008,0,0,0,0,,7222109.8883667,11018.3020934985
1315,53033002900,29,Census Tract 29,Greenwood/Phinney Ridge,9.3,2008,0.056,0.012,24,248,,10614791.1058044,13366.3196709081
1316,53033004201,42.01,Census Tract 42.01,Ravenna/Bryant,7.3,2008,0.045,0.011,10,178,Medium,13390664.2680969,18286.1439211159
1317,53033007403,74.03,Census Tract 74.03,Capitol Hill,6.2,2008,0.042,0.007,49,1007,Medium,1276089.0690918,5227.49528678734
1318,53033007002,70.02,Census Tract 70.02,Queen Anne,12.3,2008,0.051,0.00899999999999999,74,1551,,4746869.84552002,9490.79905735624
1319,53033005803,58.03,Census Tract 58.03,Interbay,12.2,2008,0.062,0.025,30,355,,8956173.42456055,17129.1988103483
1320,53033005902,59.02,Census Tract 59.02,Queen Anne,12.3,2008,0.058,0.009,10,103,,11010649.894989,15184.2205727179
1321,53033004902,49.02,Census Tract 49.02,Fremont,11.1,2008,0.043,0.01,62,847,Medium,6448262.3397522,10801.7314915315
1322,53033005801,58.01,Census Tract 58.01,Interbay,12.2,2008,0.053,0.021,41,1022,,19618424.2433472,25500.0139546944
1323,53033007406,74.06,Census Tract 74.06,Capitol Hill,6.2,2008,0.045,0.009,41,1078,Medium,1623443.82748413,6764.47724113477
1324,53033007405,74.05,Census Tract 74.05,Capitol Hill,6.2,2008,0.051,0.008,47,1307,,1418974.04168701,5012.79869002574
1325,53033009701,97.01,Census Tract 97.01,Alki/Admiral,1.4,2008,0.053,0.01,35,395,,19291172.1184692,29764.000341636
1326,53033009600,96,Census Tract 96,Alki/Admiral,1.4,2008,0.063,0.009,33,443,,19741501.6534882,20745.4059998832
1327,53033008700,87,Census Tract 87,Central Area/Squire Park,5.3,2008,0.066,0.008,39,485,,7883013.1696167,11432.3842123557
1328,53033011402,114.02,Census Tract 114.02,Roxhill/Westwood,2.4,2008,0.047,0.007,23,405,Medium,12779277.8645477,17351.055007292
1329,53033011200,112,Census Tract 112,South Park,3.1,2008,0.069,0.00600000000000001,15,175,,26463890.0310974,27002.3375751905
1330,53033010900,109,Census Tract 109,Georgetown,3.2,2008,0.051,0.007,13,137,,51677122.7107849,44978.7538438156
1331,53033011002,110.02,Census Tract 110.02,South Beacon Hill/NewHolly,3.4,2008,0,0,0,0,,18508908.4571838,22511.1267649617
1332,53033011102,111.02,Census Tract 111.02,Seward Park,4.3,2008,0.046,0.024,23,458,Medium,13970026.6890106,20411.1700649139
1333,53033010702,107.02,Census Tract 107.02,High Point,2.2,2008,0,0,0,0,,8396926.79307556,14935.9302412484
1334,53033001100,11,Census Tract 11,Olympic Hills/Victory Heights,8.2,2008,0.106,0.016,11,188,,11416399.5888062,14159.1273465597
1335,53033000700,7,Census Tract 7,Olympic Hills/Victory Heights,8.2,2008,0.054,0.011,54,810,,13932242.3934631,16134.0299149422
1336,53033000202,2.02,Census Tract 2.02,Olympic Hills/Victory Heights,8.2,2008,0.059,0.011,6,187,,15930118.4908752,17285.8273694368
1337,53033000101,1.01,Census Tract 1.01,Cedar Park/Meadowbrook,8.3,2008,0.059,0.012,34,1032,,4465058.88146973,8662.07421505589
1338,53033003301,33.01,Census Tract 33.01,Whittier Heights,10.2,2008,0.036,0.009,58,525,Medium,7202858.49346924,11177.1813262219
1339,53033003602,36.02,Census Tract 36.02,Green Lake,9.4,2008,0.072,0.018,42,558,,5621886.08477783,11471.0943824279
1340,53033001900,19,Census Tract 19,Northgate/Maple Leaf,8.1,2008,0.062,0.015,8,129,,17945171.5240173,18948.4812689278
1341,53033001702,17.02,Census Tract 17.02,Greenwood/Phinney Ridge,9.3,2008,0,0,0,0,,13779275.7612915,17476.4075143324
1342,53033006500,65,Census Tract 65,North Capitol Hill,6.3,2008,0.05,0.00700000000000001,76,1017,Medium,12352257.7561951,17921.5013322026
1343,53033006200,62,Census Tract 62,Montlake/Portage Bay,7.1,2008,0,0,0,0,,24610619.7424011,40010.5992573485
1344,53033005305,53.05,Census Tract 53.05,University District,7.2,2008,0.06,0.008,46,1174,,2292236.61618042,6048.60922233999
1345,53033002600,26,Census Tract 26,Ravenna/Bryant,7.3,2008,0.042,0.011,5,191,Medium,13398040.1758728,15933.937900155
1346,53033002000,20,Census Tract 20,Northgate/Maple Leaf,8.1,2008,0.034,0.005,9,206,Medium,12183878.8231506,15509.5457092747
1347,53033006300,63,Census Tract 63,Madison Park,6.5,2008,0.026,0.007,20,578,High,27750333.3955383,36285.8489218384
1348,53033006600,66,Census Tract 66,Cascade/Eastlake,11.3,2008,0.078,0.005,80,1263,,11110296.8534851,21995.1062951424
1349,53033006900,69,Census Tract 69,Queen Anne,12.3,2008,0.058,0.011,34,468,,9742176.64987183,15666.5439544695
1350,53033006000,60,Census Tract 60,Queen Anne,12.3,2008,0.093,0.011,55,668,,14158764.7126465,19123.0326298116
1351,53033005201,52.01,Census Tract 52.01,Wallingford,11.2,2008,0.051,0.013,19,273,,7536632.48083496,14175.9240617134
1352,53033005000,50,Census Tract 50,Wallingford,11.2,2008,0.057,0.022,62,897,,8151942.29489136,11560.148011522
1353,53033008600,86,Census Tract 86,First Hill,6.1,2008,0.053,0.011,46,1003,,7656616.62564087,11640.7206126296
1354,53033008002,80.02,Census Tract 80.02,Belltown,13.1,2008,0.08,0.014,14,1131,,2522029.80825806,7998.38246587977
1355,53033007901,79.01,Census Tract 79.01,Central Area/Squire Park,5.3,2008,0.059,0.007,46,863,,2876299.50189209,7879.40433949822
1356,53033007202,72.02,Census Tract 72.02,Cascade/Eastlake,11.3,2008,0.057,0.009,10,559,,3020075.66329956,7591.70188344636
1357,53033007301,73.01,Census Tract 73.01,Cascade/Eastlake,11.3,2008,0.055,0.015,9,746,,2699344.10806274,7422.61069281975
1358,53033010302,103.02,Census Tract 103.02,Columbia City,4.2,2008,0.054,0.015,17,259,,6804418.75059509,11267.2532000827
1359,53033009100,91,Census Tract 91,Pioneer Square/International District,13.3,2008,0.133,-0.005,15,920,,4419685.26577759,10608.3854115205
1360,53033009200,92,Census Tract 92,Pioneer Square/International District,13.3,2008,0.044,0.01,10,321,Medium,3456088.55044556,12687.1211893969
1361,53033011700,117,Census Tract 117,South Beacon Hill/NewHolly,3.4,2008,0,0,0,0,,37826036.2597046,29439.6267373345
1362,53033000500,5,Census Tract 5,Broadview/Bitter Lake,9.1,2008,0,0,0,0,,30294741.0541992,27094.5667843899
1363,53033000601,6.01,Census Tract 6.01,Haller Lake,9.5,2008,0.037,0.012,16,600,Medium,15404952.5828857,20078.9564759328
1364,53033003500,35,Census Tract 35,Greenwood/Phinney Ridge,9.3,2008,0.035,0.008,21,259,Medium,13828061.6665344,16634.3489620973
1365,53033001500,15,Census Tract 15,North Beach/Blue Ridge,10.1,2008,0.051,0,4,59,,12300447.062561,13960.3795463703
1366,53033001400,14,Census Tract 14,North Beach/Blue Ridge,10.1,2008,0.046,0.011,21,433,Medium,23073388.6559448,30536.3374485091
1367,53033001300,13,Census Tract 13,Licton Springs,9.2,2008,0.062,0.011,72,870,,12710036.9901733,14881.0870453396
1368,53033003800,38,Census Tract 38,Ravenna/Bryant,7.3,2008,0.421,0.012,6,159,,6722791.39416504,10392.5315540704
1369,53033007001,70.01,Census Tract 70.01,Queen Anne,12.3,2008,0.046,0.009,51,1380,Medium,3856290.05014038,9530.30256857274
1370,53033004800,48,Census Tract 48,Fremont,11.1,2008,0.042,0.01,25,216,Medium,13833886.8196411,18822.2365726525
1371,53033005100,51,Census Tract 51,Wallingford,11.2,2008,0.048,0.01,23,292,Medium,9490350.15280151,13462.5915467426
1372,53033008200,82,Census Tract 82,First Hill,6.1,2008,0.075,0.00599999999999999,13,1111,,4044773.82589722,9102.1403414799
1373,53033010101,101.01,Census Tract 101.01,Columbia City,4.2,2008,0.034,0.011,8,177,Medium,9381810.13056946,15311.6567050508
1374,53033012100,121,Census Tract 121,Arbor Heights,1.1,2008,0,0,0,0,,18538900.9337463,25983.6162383482
1375,53033011901,119.01,Census Tract 119.01,Rainier Beach,4.1,2008,0,0,0,0,,18097640.7372589,20485.6455423004
1376,53033000602,6.02,Census Tract 6.02,Haller Lake,9.5,2008,0.076,0.028,9,396,,25947507.8614197,23221.7047501309
1377,53033000201,2.01,Census Tract 2.01,Olympic Hills/Victory Heights,8.2,2008,0.041,0.018,12,836,Medium,19446176.3249207,18651.5780841956
1378,53033003302,33.02,Census Tract 33.02,Whittier Heights,10.2,2008,0.046,0.011,52,452,Medium,6749336.48599243,10550.8179265194
1379,53033005304,53.04,Census Tract 53.04,University District,7.2,2008,0,0,0,0,,786047.098052979,4083.12606626598
1380,53033004202,42.02,Census Tract 42.02,Ravenna/Bryant,7.3,2008,0.037,0,5,54,Medium,13141688.4516602,15651.6663663576
1381,53033007404,74.04,Census Tract 74.04,Capitol Hill,6.2,2008,0.054,0.008,61,1177,,1654579.82751465,5775.69998668964
1382,53033006701,67.01,Census Tract 67.01,Queen Anne,12.3,2008,0.068,0.00600000000000001,16,850,,3639833.1784668,12143.7792365382
1383,53033007800,78,Census Tract 78,Madrona/Leschi,5.1,2008,0.051,0.013,5,79,,22245158.163269,28746.3735215772
1384,53033007503,75.03,Census Tract 75.03,Capitol Hill,6.2,2008,0.059,-0.019,15,357,,2018614.36813354,6484.38948226953
1385,53033007201,72.01,Census Tract 72.01,Cascade/Eastlake,11.3,2008,0.063,0.012,12,1675,,1622558.90014648,5873.2165106452
1386,53033007203,72.03,Census Tract 72.03,Cascade/Eastlake,11.3,2008,0.318,0.218,8,380,,6238804.94293213,12493.9648041578
1387,53033010301,103.01,Census Tract 103.01,Columbia City,4.2,2008,0.058,0.02,4,52,,10792262.4648438,16924.3685147596
1388,53033009900,99,Census Tract 99,North Delridge,2.1,2008,0.058,0.024,16,464,,70254374.707016,64633.6615792341
1389,53033009500,95,Census Tract 95,Mt. Baker/North Rainier,4.4,2008,0.157,0.00700000000000001,12,140,,27424305.6749573,29618.2112966095
1390,53033009400,94,Census Tract 94,North Beacon Hill/Jefferson Park,3.6,2008,0.068,0.012,53,515,,18150625.6758423,18874.5831831158
1391,53033011801,118.01,Census Tract 118.01,Rainier Beach,4.1,2008,0.052,0.007,13,269,,12671173.5070038,15849.8135377743
1392,53033011602,116.02,Census Tract 116.02,Fauntleroy/Seaview,1.2,2008,0.044,0.00899999999999999,13,113,Medium,16924173.2272644,24704.0405747324
1393,53033011401,114.01,Census Tract 114.01,Roxhill/Westwood,2.4,2008,0.053,-0.004,6,565,,13273369.1432037,17478.0591593666
1394,53033010701,107.01,Census Tract 107.01,High Point,2.2,2008,0.065,0.018,5,214,,15726285.722641,21302.3651802902
1395,53033010602,106.02,Census Tract 106.02,Fauntleroy/Seaview,1.2,2008,0.046,0.014,21,324,Medium,15462014.0646667,23774.9471378089
1396,53033000900,9,Census Tract 9,Cedar Park/Meadowbrook,8.3,2008,0,0,0,0,,10031158.8856812,20828.1661958069
1397,53033000402,4.02,Census Tract 4.02,Broadview/Bitter Lake,9.1,2008,0.042,0.011,27,480,Medium,19362220.5229187,21397.1752981976
1398,53033000300,3,Census Tract 3,Haller Lake,9.5,2008,0.024,0,7,83,High,13033864.5966187,17298.0295354457
1399,53033003202,32.02,Census Tract 32.02,Sunset Hill/Loyal Heights,10.3,2008,0.041,0.009,34,345,Medium,10289818.4570313,12945.3948643709
1400,53033003000,30,Census Tract 30,Whittier Heights,10.2,2008,0.034,0.011,23,175,Medium,16072222.0088196,16061.947620856
1401,53033001701,17.01,Census Tract 17.01,Greenwood/Phinney Ridge,9.3,2008,0.054,0.015,28,515,,9609026.08453369,17164.4547776423
1402,53033001600,16,Census Tract 16,North Beach/Blue Ridge,10.1,2008,0.042,0.007,11,143,Medium,20575392.7101746,23147.6459804202
1403,53033002100,21,Census Tract 21,Wedgwood/View Ridge,7.4,2008,0.037,0.01,16,188,Medium,14696796.7441101,16139.9218598102
1404,53033003900,39,Census Tract 39,Wedgwood/View Ridge,7.4,2008,0.019,0,8,108,High,10481334.9800415,13200.9092050947
1405,53033007102,71.02,Census Tract 71.02,Queen Anne,12.3,2008,0.084,-0.015,21,724,,3615500.8977356,11499.9407456685
1406,53033006702,67.02,Census Tract 67.02,Queen Anne,12.3,2008,0.054,0.007,32,427,,3280147.99505615,8593.8649046644
1407,53033005401,54.01,Census Tract 54.01,Fremont,11.1,2008,0.037,0.01,32,375,Medium,7892270.58761597,19740.10787087
1408,53033008004,80.04,Census Tract 80.04,Belltown,13.1,2008,0.075,0,7,738,,2908326.63348389,14944.9795882911
1409,53033008003,80.03,Census Tract 80.03,Belltown,13.1,2008,0.037,0.00199999999999999,7,402,Medium,2122043.71142578,8720.99942149515
1410,53033008402,84.02,Census Tract 84.02,Capitol Hill,6.2,2008,0.054,0.009,40,1187,,1565507.71533203,5220.86848686108
1411,53033007303,73.03,Census Tract 73.03,Cascade/Eastlake,11.3,2008,0.062,0.028,2,178,,3374596.39306641,7984.8635220016
1412,53033010002,100.02,Census Tract 100.02,North Beacon Hill/Jefferson Park,3.6,2008,0.053,0.008,19,419,,10204645.644455,13732.7653894052
1413,53033011902,119.02,Census Tract 119.02,Rainier Beach,4.1,2008,0,0,0,0,,16290813.6344757,28897.5986341236
1414,53033011802,118.02,Census Tract 118.02,Rainier Beach,4.1,2008,0.06,0.015,3,67,,12323056.7394714,17201.5467858114
1415,53033004703,47.03,Census Tract 47.03,Ballard,10.4,2008,0.04,0.013,52,478,Medium,13030918.1381531,18718.8593915212
1416,53033001000,10,Census Tract 10,Cedar Park/Meadowbrook,8.3,2008,0.139,0.00800000000000001,5,122,,10270271.6852112,13147.0305998084
1417,53033000403,4.03,Census Tract 4.03,Broadview/Bitter Lake,9.1,2008,0.042,0.015,11,409,Medium,7881185.92349243,14097.0266947453
1418,53033003201,32.01,Census Tract 32.01,Sunset Hill/Loyal Heights,10.3,2008,0.037,0.006,27,618,Medium,11927788.6225891,32094.5033857248
1419,53033004600,46,Census Tract 46,Green Lake,9.4,2008,0.046,0,7,65,Medium,27829368.7579956,25514.2239990877
1420,53033004702,47.02,Census Tract 47.02,Ballard,10.4,2008,0.052,0.011,36,402,,2867507.734375,6956.44967487604
1421,53033002700,27,Census Tract 27,Green Lake,9.4,2008,0.046,0.012,22,263,Medium,17058079.2767029,21942.8352783745
1422,53033001800,18,Census Tract 18,Licton Springs,9.2,2008,0.048,0.013,59,608,Medium,10182882.2714539,13946.100028213
1423,53033005202,52.02,Census Tract 52.02,Wallingford,11.2,2008,0.053,0.027,43,957,,2865193.63619995,7845.30321659896
1424,53033005303,53.03,Census Tract 53.03,University District,7.2,2008,0,0,0,0,,24349784.4945679,33904.6213661119
1425,53033004402,44.02,Census Tract 44.02,University District,7.2,2008,0.051,0.007,57,908,,3175021.43328857,7487.97985687102
1426,53033004401,44.01,Census Tract 44.01,University District,7.2,2008,0.136,0.00600000000000001,28,324,,7479571.76147461,12948.9751357778
1427,53033005307,53.07,Census Tract 53.07,University District,7.2,2008,0.064,0.006,18,345,,1399526.47988892,4758.85069026771
1428,53033004101,41.01,Census Tract 41.01,Laurelhurst/Sand Point,7.5,2008,0.014,0,3,71,High,16716852.6628113,24230.1579430562
1429,53033005402,54.02,Census Tract 54.02,Fremont,11.1,2008,0.072,0.048,39,391,,4993141.86450195,10063.7978469566
1430,53033007700,77,Census Tract 77,Central Area/Squire Park,5.3,2008,0.045,0.008,19,269,Medium,11391208.2196655,15242.2097594939
1431,53033007502,75.02,Census Tract 75.02,Capitol Hill,6.2,2008,0.058,-0.005,58,937,,3400503.55529785,7403.62929266713
1432,53033007600,76,Census Tract 76,Miller Park,6.4,2008,0.048,0.007,46,682,Medium,6155389.38891602,9906.36833563623
1433,53033010200,102,Census Tract 102,Seward Park,4.3,2008,0.039,0,4,76,Medium,30129079.2078857,33439.4693972433
1434,53033010401,104.01,Census Tract 104.01,Beacon Hill,3.5,2008,0,0,0,0,,17543421.029068,17342.9302013933
1435,53033010402,104.02,Census Tract 104.02,Beacon Hill,3.5,2008,0.07,0.014,5,71,,18759692.8948212,18925.0430066197
1436,53033010501,105.01,Census Tract 105.01,West Seattle Junction/Genesee Hill,1.3,2008,0.061,0.015,12,280,,7986746.71530151,12490.0968039152
1437,53033010102,101.02,Census Tract 101.02,Columbia City,4.2,2008,0,0,0,0,,17314610.0391541,22274.170768035
1438,53033009802,98.02,Census Tract 98.02,West Seattle Junction/Genesee Hill,1.3,2008,0.08,0.00800000000000001,18,200,,9927510.52307129,12982.7549339758
1439,53033009000,90,Census Tract 90,Judkins Park,5.2,2008,0.052,0.011,14,194,,9212173.19689941,14319.1029916181
1440,53033026400,264,Census Tract 264,South Park,3.1,2008,0,0,0,0,,461382.048629761,5763.40767367231
1441,53033001201,12.01,Census Tract 12.01,Northgate/Maple Leaf,8.1,2009,0.052,-0.003,21,1209,,10851861.641449,15899.7733430541
1442,53033000404,4.04,Census Tract 4.04,Broadview/Bitter Lake,9.1,2009,0.06,0.008,8,515,,6791652.7237854,12962.5584131713
1443,53033004901,49.01,Census Tract 49.01,Fremont,11.1,2009,0.06,0.008,108,991,,5350888.21542358,9379.65576684679
1444,53033003601,36.01,Census Tract 36.01,Green Lake,9.4,2009,0.048,-0.076,36,631,Medium,7255879.06799316,11894.2888948854
1445,53033002800,28,Census Tract 28,Greenwood/Phinney Ridge,9.3,2009,0.049,0.003,33,326,Medium,10637151.8217773,13201.311297987
1446,53033003100,31,Census Tract 31,Sunset Hill/Loyal Heights,10.3,2009,0.045,0.009,15,112,Medium,23137464.0452271,24704.5678017235
1447,53033006400,64,Census Tract 64,Miller Park,6.4,2009,0.058,0.009,5,103,,9726351.90356445,13186.7701844683
1448,53033004301,43.01,Census Tract 43.01,Ravenna/Bryant,7.3,2009,0.043,0,8,69,Medium,10539780.5728455,17192.703749828
1449,53033002500,25,Census Tract 25,Ravenna/Bryant,7.3,2009,0.047,0,3,64,Medium,10594634.2979736,16442.9685869958
1450,53033002200,22,Census Tract 22,Wedgwood/View Ridge,7.4,2009,0.027,0,5,73,High,30127208.0188904,28505.8067930163
1451,53033004000,40,Census Tract 40,Laurelhurst/Sand Point,7.5,2009,0.037,0.018,2,54,Medium,26374983.680542,27560.0138429836
1452,53033005804,58.04,Census Tract 58.04,Interbay,12.2,2009,0.055,0.006,35,577,,25124062.7388306,48668.2722430527
1453,53033006800,68,Census Tract 68,Queen Anne,12.3,2009,0.044,0.007,25,298,Medium,7729250.27154541,11275.3773479613
1454,53033008102,81.02,Census Tract 81.02,Downtown Commercial Core,13.2,2009,0.075,0.00599999999999999,5,173,,5987812.08642578,14339.9950294181
1455,53033008101,81.01,Census Tract 81.01,Downtown Commercial Core,13.2,2009,0.045,0.004,5,885,Medium,2992165.47857666,11427.1467556707
1456,53033007902,79.02,Census Tract 79.02,Central Area/Squire Park,5.3,2009,0.054,0.001,15,514,,4641637.80010986,9715.12087740264
1457,53033007302,73.02,Census Tract 73.02,Cascade/Eastlake,11.3,2009,0.195,0.141,5,988,,3368769.26522827,7802.42635391176
1458,53033007101,71.01,Census Tract 71.01,Queen Anne,12.3,2009,0.09,-0.025,18,654,,5328474.60678101,9004.94722654019
1459,53033009300,93,Census Tract 93,Duwamish/SODO,3.3,2009,0.06,0.008,11,268,,102171584.839813,53946.3734519274
1460,53033010502,105.02,Census Tract 105.02,West Seattle Junction/Genesee Hill,1.3,2009,0.129,0.043,23,595,,10504351.3417664,14546.1362419116
1461,53033010001,100.01,Census Tract 100.01,North Beacon Hill/Jefferson Park,3.6,2009,0.052,0.008,17,248,,25052474.6053925,25628.9245317132
1462,53033009801,98.01,Census Tract 98.01,West Seattle Junction/Genesee Hill,1.3,2009,0.058,0.009,20,224,,10814248.9397583,13291.5490832838
1463,53033008900,89,Census Tract 89,Madrona/Leschi,5.1,2009,0.046,0.008,16,239,Medium,13690717.169342,19328.7463975703
1464,53033026300,263,Census Tract 263,Rainier Beach,4.1,2009,0,0,0,0,,30724.63331604,954.048024444965
1465,53033012000,120,Census Tract 120,Arbor Heights,1.1,2009,0,0,0,0,,15560990.4431915,16787.974281693
1466,53033011101,111.01,Census Tract 111.01,Columbia City,4.2,2009,0.059,0.006,13,170,,12236718.0846863,15552.0743493747
1467,53033011001,110.01,Census Tract 110.01,South Beacon Hill/NewHolly,3.4,2009,0,0,0,0,,11629041.0737,16287.3553131872
1468,53033010800,108,Census Tract 108,Riverview,2.3,2009,0.034,0,3,59,Medium,44087445.2204437,39019.3474976913
1469,53033000800,8,Census Tract 8,Cedar Park/Meadowbrook,8.3,2009,0,0,0,0,,12290810.0239868,15312.0874645944
1470,53033003400,34,Census Tract 34,Greenwood/Phinney Ridge,9.3,2009,0.043,0,9,93,Medium,8472471.71472168,12629.322933575
1471,53033005306,53.06,Census Tract 53.06,University District,7.2,2009,0.054,0.005,18,680,,2157906.05789185,5954.87262312138
1472,53033004302,43.02,Census Tract 43.02,Ravenna/Bryant,7.3,2009,0.063,0.009,59,1023,,3564115.6701355,7987.27441919544
1473,53033002400,24,Census Tract 24,Wedgwood/View Ridge,7.4,2009,0,0,0,0,,10359919.7832642,13151.7125244876
1474,53033004102,41.02,Census Tract 41.02,Laurelhurst/Sand Point,7.5,2009,0.072,0.00499999999999999,8,623,,17933927.2689209,23350.8002922279
1475,53033005600,56,Census Tract 56,Magnolia,12.1,2009,0,0,0,0,,32045056.1363831,29943.5055294428
1476,53033006703,67.03,Census Tract 67.03,Queen Anne,12.3,2009,0.066,0.002,35,608,,6427171.88375854,10846.4930444777
1477,53033006100,61,Census Tract 61,Montlake/Portage Bay,7.1,2009,0.074,0.00699999999999999,82,1127,,11959193.7410278,21477.2648301767
1478,53033005700,57,Census Tract 57,Magnolia,12.1,2009,0.063,0.009,28,352,,53305584.4251709,44506.5655358236
1479,53033005901,59.01,Census Tract 59.01,Queen Anne,12.3,2009,0.051,0.007,29,389,,8449086.71850586,19075.2924234318
1480,53033008401,84.01,Census Tract 84.01,Capitol Hill,6.2,2009,0.063,0.007,18,783,,2700766.60922241,9275.81826751285
1481,53033008300,83,Census Tract 83,First Hill,6.1,2009,0.04,0.004,12,867,Medium,2561276.49777222,8632.13489440587
1482,53033007501,75.01,Census Tract 75.01,Capitol Hill,6.2,2009,0.052,0.007,82,1454,,3210519.93661499,7219.62364175991
1483,53033009702,97.02,Census Tract 97.02,West Seattle Junction/Genesee Hill,1.3,2009,0.048,0.01,7,105,Medium,23899907.4262695,28258.7625684306
1484,53033008800,88,Census Tract 88,Central Area/Squire Park,5.3,2009,0.054,0,28,240,,10210038.8581238,13202.5268569703
1485,53033008500,85,Census Tract 85,First Hill,6.1,2009,0.063,0.005,18,884,,4854121.3192749,9025.58161466663
1486,53033026500,265,Census Tract 265,Highland Park,2.5,2009,0,0,0,0,,4617675.48258972,11234.9647811896
1487,53033011601,116.01,Census Tract 116.01,Fauntleroy/Seaview,1.2,2009,0.038,0,6,80,Medium,16710842.8944397,20011.9659924997
1488,53033011300,113,Census Tract 113,Highland Park,2.5,2009,0.067,-0.012,16,328,,37260682.9683075,27184.1613850878
1489,53033011500,115,Census Tract 115,Roxhill/Westwood,2.4,2009,0.1,0.00800000000000001,12,250,,16558652.7529297,19887.3089363241
1490,53033010601,106.01,Census Tract 106.01,Fauntleroy/Seaview,1.2,2009,0.039,0.005,25,381,Medium,11724162.319458,14458.8370353337
1491,53033001202,12.02,Census Tract 12.02,Northgate/Maple Leaf,8.1,2009,0.109,0.04,10,585,,8841145.88363647,13324.9900925288
1492,53033000102,1.02,Census Tract 1.02,Cedar Park/Meadowbrook,8.3,2009,0.054,-0.007,14,558,,15446821.4830017,19552.3623304664
1493,53033004701,47.01,Census Tract 47.01,Ballard,10.4,2009,0.051,0.006,48,624,,6036028.32614136,13539.0476262898
1494,53033004500,45,Census Tract 45,Wallingford,11.2,2009,0,0,0,0,,7222109.8883667,11018.3020934985
1495,53033002900,29,Census Tract 29,Greenwood/Phinney Ridge,9.3,2009,0.06,0.004,24,248,,10614791.1058044,13366.3196709081
1496,53033004201,42.01,Census Tract 42.01,Ravenna/Bryant,7.3,2009,0.051,0.006,10,178,,13390664.2680969,18286.1439211159
1497,53033007403,74.03,Census Tract 74.03,Capitol Hill,6.2,2009,0.049,0.007,49,1007,Medium,1276089.0690918,5227.49528678734
1498,53033007002,70.02,Census Tract 70.02,Queen Anne,12.3,2009,0.059,0.008,74,1551,,4746869.84552002,9490.79905735624
1499,53033005803,58.03,Census Tract 58.03,Interbay,12.2,2009,0.068,0.00600000000000001,30,355,,8956173.42456055,17129.1988103483
1500,53033005902,59.02,Census Tract 59.02,Queen Anne,12.3,2009,0.068,0.01,10,103,,11010649.894989,15184.2205727179
1501,53033004902,49.02,Census Tract 49.02,Fremont,11.1,2009,0.05,0.00700000000000001,62,847,Medium,6448262.3397522,10801.7314915315
1502,53033005801,58.01,Census Tract 58.01,Interbay,12.2,2009,0.075,0.022,41,1022,,19618424.2433472,25500.0139546944
1503,53033007406,74.06,Census Tract 74.06,Capitol Hill,6.2,2009,0.051,0.006,41,1078,,1623443.82748413,6764.47724113477
1504,53033007405,74.05,Census Tract 74.05,Capitol Hill,6.2,2009,0.057,0.00600000000000001,47,1307,,1418974.04168701,5012.79869002574
1505,53033009701,97.01,Census Tract 97.01,Alki/Admiral,1.4,2009,0.061,0.008,35,395,,19291172.1184692,29764.000341636
1506,53033009600,96,Census Tract 96,Alki/Admiral,1.4,2009,0.07,0.00700000000000001,33,443,,19741501.6534882,20745.4059998832
1507,53033008700,87,Census Tract 87,Central Area/Squire Park,5.3,2009,0.072,0.00599999999999999,39,485,,7883013.1696167,11432.3842123557
1508,53033011402,114.02,Census Tract 114.02,Roxhill/Westwood,2.4,2009,0.054,0.007,23,405,,12779277.8645477,17351.055007292
1509,53033011200,112,Census Tract 112,South Park,3.1,2009,0.08,0.011,15,175,,26463890.0310974,27002.3375751905
1510,53033010900,109,Census Tract 109,Georgetown,3.2,2009,0.058,0.00700000000000001,13,137,,51677122.7107849,44978.7538438156
1511,53033011002,110.02,Census Tract 110.02,South Beacon Hill/NewHolly,3.4,2009,0,0,0,0,,18508908.4571838,22511.1267649617
1512,53033011102,111.02,Census Tract 111.02,Seward Park,4.3,2009,0.038,-0.008,22,450,Medium,13970026.6890106,20411.1700649139
1513,53033010702,107.02,Census Tract 107.02,High Point,2.2,2009,0,0,0,0,,8396926.79307556,14935.9302412484
1514,53033001100,11,Census Tract 11,Olympic Hills/Victory Heights,8.2,2009,0.112,0.00600000000000001,11,188,,11416399.5888062,14159.1273465597
1515,53033000700,7,Census Tract 7,Olympic Hills/Victory Heights,8.2,2009,0.062,0.008,54,810,,13932242.3934631,16134.0299149422
1516,53033000202,2.02,Census Tract 2.02,Olympic Hills/Victory Heights,8.2,2009,0.091,0.032,6,187,,15930118.4908752,17285.8273694368
1517,53033000101,1.01,Census Tract 1.01,Cedar Park/Meadowbrook,8.3,2009,0.068,0.00900000000000001,34,1032,,4465058.88146973,8662.07421505589
1518,53033003301,33.01,Census Tract 33.01,Whittier Heights,10.2,2009,0.046,0.01,58,525,Medium,7202858.49346924,11177.1813262219
1519,53033003602,36.02,Census Tract 36.02,Green Lake,9.4,2009,0.071,-0.001,41,552,,5621886.08477783,11471.0943824279
1520,53033001900,19,Census Tract 19,Northgate/Maple Leaf,8.1,2009,0.091,0.029,9,516,,17945171.5240173,18948.4812689278
1521,53033001702,17.02,Census Tract 17.02,Greenwood/Phinney Ridge,9.3,2009,0,0,0,0,,13779275.7612915,17476.4075143324
1522,53033006500,65,Census Tract 65,North Capitol Hill,6.3,2009,0.057,0.007,76,1017,,12352257.7561951,17921.5013322026
1523,53033006200,62,Census Tract 62,Montlake/Portage Bay,7.1,2009,0,0,0,0,,24610619.7424011,40010.5992573485
1524,53033005305,53.05,Census Tract 53.05,University District,7.2,2009,0.072,0.012,46,1174,,2292236.61618042,6048.60922233999
1525,53033002600,26,Census Tract 26,Ravenna/Bryant,7.3,2009,0.047,0.005,5,191,Medium,13398040.1758728,15933.937900155
1526,53033002000,20,Census Tract 20,Northgate/Maple Leaf,8.1,2009,0.044,0.01,9,206,Medium,12183878.8231506,15509.5457092747
1527,53033006300,63,Census Tract 63,Madison Park,6.5,2009,0.033,0.007,20,578,Medium,27750333.3955383,36285.8489218384
1528,53033006600,66,Census Tract 66,Cascade/Eastlake,11.3,2009,0.123,0.045,81,1467,,11110296.8534851,21995.1062951424
1529,53033006900,69,Census Tract 69,Queen Anne,12.3,2009,0.066,0.008,34,468,,9742176.64987183,15666.5439544695
1530,53033006000,60,Census Tract 60,Queen Anne,12.3,2009,0.107,0.014,56,760,,14158764.7126465,19123.0326298116
1531,53033005201,52.01,Census Tract 52.01,Wallingford,11.2,2009,0.059,0.008,19,273,,7536632.48083496,14175.9240617134
1532,53033005000,50,Census Tract 50,Wallingford,11.2,2009,0.055,-0.002,62,897,,8151942.29489136,11560.148011522
1533,53033008600,86,Census Tract 86,First Hill,6.1,2009,0.071,0.018,46,1003,,7656616.62564087,11640.7206126296
1534,53033008002,80.02,Census Tract 80.02,Belltown,13.1,2009,0.081,0.001,14,1131,,2522029.80825806,7998.38246587977
1535,53033007901,79.01,Census Tract 79.01,Central Area/Squire Park,5.3,2009,0.066,0.00700000000000001,46,863,,2876299.50189209,7879.40433949822
1536,53033007202,72.02,Census Tract 72.02,Cascade/Eastlake,11.3,2009,0.064,0.007,10,559,,3020075.66329956,7591.70188344636
1537,53033007301,73.01,Census Tract 73.01,Cascade/Eastlake,11.3,2009,0.06,0.005,9,746,,2699344.10806274,7422.61069281975
1538,53033010302,103.02,Census Tract 103.02,Columbia City,4.2,2009,0.062,0.008,17,259,,6804418.75059509,11267.2532000827
1539,53033009100,91,Census Tract 91,Pioneer Square/International District,13.3,2009,0.138,0.005,15,920,,4419685.26577759,10608.3854115205
1540,53033009200,92,Census Tract 92,Pioneer Square/International District,13.3,2009,0.047,0.003,10,321,Medium,3456088.55044556,12687.1211893969
1541,53033011700,117,Census Tract 117,South Beacon Hill/NewHolly,3.4,2009,0,0,0,0,,37826036.2597046,29439.6267373345
1542,53033000500,5,Census Tract 5,Broadview/Bitter Lake,9.1,2009,0,0,0,0,,30294741.0541992,27094.5667843899
1543,53033000601,6.01,Census Tract 6.01,Haller Lake,9.5,2009,0.043,0.006,17,610,Medium,15404952.5828857,20078.9564759328
1544,53033003500,35,Census Tract 35,Greenwood/Phinney Ridge,9.3,2009,0.046,0.011,21,259,Medium,13828061.6665344,16634.3489620973
1545,53033001500,15,Census Tract 15,North Beach/Blue Ridge,10.1,2009,0.068,0.017,4,59,,12300447.062561,13960.3795463703
1546,53033001400,14,Census Tract 14,North Beach/Blue Ridge,10.1,2009,0.053,0.007,21,433,,23073388.6559448,30536.3374485091
1547,53033001300,13,Census Tract 13,Licton Springs,9.2,2009,0.068,0.00600000000000001,72,870,,12710036.9901733,14881.0870453396
1548,53033003800,38,Census Tract 38,Ravenna/Bryant,7.3,2009,0.428,0.00700000000000001,6,159,,6722791.39416504,10392.5315540704
1549,53033007001,70.01,Census Tract 70.01,Queen Anne,12.3,2009,0.056,0.01,50,1377,,3856290.05014038,9530.30256857274
1550,53033004800,48,Census Tract 48,Fremont,11.1,2009,0.046,0.004,25,216,Medium,13833886.8196411,18822.2365726525
1551,53033005100,51,Census Tract 51,Wallingford,11.2,2009,0.055,0.007,23,292,,9490350.15280151,13462.5915467426
1552,53033008200,82,Census Tract 82,First Hill,6.1,2009,0.054,-0.021,13,1279,,4044773.82589722,9102.1403414799
1553,53033010101,101.01,Census Tract 101.01,Columbia City,4.2,2009,0.045,0.011,8,177,Medium,9381810.13056946,15311.6567050508
1554,53033012100,121,Census Tract 121,Arbor Heights,1.1,2009,0,0,0,0,,18538900.9337463,25983.6162383482
1555,53033011901,119.01,Census Tract 119.01,Rainier Beach,4.1,2009,0,0,0,0,,18097640.7372589,20485.6455423004
1556,53033000602,6.02,Census Tract 6.02,Haller Lake,9.5,2009,0.083,0.00700000000000001,9,396,,25947507.8614197,23221.7047501309
1557,53033000201,2.01,Census Tract 2.01,Olympic Hills/Victory Heights,8.2,2009,0.053,0.012,12,836,,19446176.3249207,18651.5780841956
1558,53033003302,33.02,Census Tract 33.02,Whittier Heights,10.2,2009,0.053,0.007,52,452,,6749336.48599243,10550.8179265194
1559,53033005304,53.04,Census Tract 53.04,University District,7.2,2009,0,0,0,0,,786047.098052979,4083.12606626598
1560,53033004202,42.02,Census Tract 42.02,Ravenna/Bryant,7.3,2009,0.037,0,5,54,Medium,13141688.4516602,15651.6663663576
1561,53033007404,74.04,Census Tract 74.04,Capitol Hill,6.2,2009,0.061,0.007,61,1177,,1654579.82751465,5775.69998668964
1562,53033006701,67.01,Census Tract 67.01,Queen Anne,12.3,2009,0.071,0.00299999999999999,16,850,,3639833.1784668,12143.7792365382
1563,53033007800,78,Census Tract 78,Madrona/Leschi,5.1,2009,0.051,0,5,79,,22245158.163269,28746.3735215772
1564,53033007503,75.03,Census Tract 75.03,Capitol Hill,6.2,2009,0.056,-0.003,15,357,,2018614.36813354,6484.38948226953
1565,53033007201,72.01,Census Tract 72.01,Cascade/Eastlake,11.3,2009,0.089,0.026,13,1926,,1622558.90014648,5873.2165106452
1566,53033007203,72.03,Census Tract 72.03,Cascade/Eastlake,11.3,2009,0.167,-0.151,8,424,,6238804.94293213,12493.9648041578
1567,53033010301,103.01,Census Tract 103.01,Columbia City,4.2,2009,0.058,0,4,52,,10792262.4648438,16924.3685147596
1568,53033009900,99,Census Tract 99,North Delridge,2.1,2009,0.063,0.005,16,464,,70254374.707016,64633.6615792341
1569,53033009500,95,Census Tract 95,Mt. Baker/North Rainier,4.4,2009,0.164,0.00700000000000001,12,140,,27424305.6749573,29618.2112966095
1570,53033009400,94,Census Tract 94,North Beacon Hill/Jefferson Park,3.6,2009,0.076,0.00799999999999999,53,515,,18150625.6758423,18874.5831831158
1571,53033011801,118.01,Census Tract 118.01,Rainier Beach,4.1,2009,0.059,0.007,13,269,,12671173.5070038,15849.8135377743
1572,53033011602,116.02,Census Tract 116.02,Fauntleroy/Seaview,1.2,2009,0.053,0.009,13,113,,16924173.2272644,24704.0405747324
1573,53033011401,114.01,Census Tract 114.01,Roxhill/Westwood,2.4,2009,0.074,0.021,6,565,,13273369.1432037,17478.0591593666
1574,53033010701,107.01,Census Tract 107.01,High Point,2.2,2009,0.084,0.019,5,214,,15726285.722641,21302.3651802902
1575,53033010602,106.02,Census Tract 106.02,Fauntleroy/Seaview,1.2,2009,0.049,0.003,21,324,Medium,15462014.0646667,23774.9471378089
1576,53033000900,9,Census Tract 9,Cedar Park/Meadowbrook,8.3,2009,0,0,0,0,,10031158.8856812,20828.1661958069
1577,53033000402,4.02,Census Tract 4.02,Broadview/Bitter Lake,9.1,2009,0.048,0.006,27,480,Medium,19362220.5229187,21397.1752981976
1578,53033000300,3,Census Tract 3,Haller Lake,9.5,2009,0.036,0.012,7,83,Medium,13033864.5966187,17298.0295354457
1579,53033003202,32.02,Census Tract 32.02,Sunset Hill/Loyal Heights,10.3,2009,0.049,0.008,34,345,Medium,10289818.4570313,12945.3948643709
1580,53033003000,30,Census Tract 30,Whittier Heights,10.2,2009,0.04,0.006,23,175,Medium,16072222.0088196,16061.947620856
1581,53033001701,17.01,Census Tract 17.01,Greenwood/Phinney Ridge,9.3,2009,0.057,0.003,29,561,,9609026.08453369,17164.4547776423
1582,53033001600,16,Census Tract 16,North Beach/Blue Ridge,10.1,2009,0.049,0.007,11,143,Medium,20575392.7101746,23147.6459804202
1583,53033002100,21,Census Tract 21,Wedgwood/View Ridge,7.4,2009,0.043,0.006,16,188,Medium,14696796.7441101,16139.9218598102
1584,53033003900,39,Census Tract 39,Wedgwood/View Ridge,7.4,2009,0.028,0.009,8,108,High,10481334.9800415,13200.9092050947
1585,53033007102,71.02,Census Tract 71.02,Queen Anne,12.3,2009,0.093,0.00899999999999999,21,724,,3615500.8977356,11499.9407456685
1586,53033006702,67.02,Census Tract 67.02,Queen Anne,12.3,2009,0.063,0.009,32,427,,3280147.99505615,8593.8649046644
1587,53033005401,54.01,Census Tract 54.01,Fremont,11.1,2009,0.043,0.006,32,375,Medium,7892270.58761597,19740.10787087
1588,53033008004,80.04,Census Tract 80.04,Belltown,13.1,2009,0.061,-0.014,7,738,,2908326.63348389,14944.9795882911
1589,53033008003,80.03,Census Tract 80.03,Belltown,13.1,2009,0.04,0.003,7,402,Medium,2122043.71142578,8720.99942149515
1590,53033008402,84.02,Census Tract 84.02,Capitol Hill,6.2,2009,0.061,0.007,40,1187,,1565507.71533203,5220.86848686108
1591,53033007303,73.03,Census Tract 73.03,Cascade/Eastlake,11.3,2009,0.098,0.036,3,386,,3374596.39306641,7984.8635220016
1592,53033010002,100.02,Census Tract 100.02,North Beacon Hill/Jefferson Park,3.6,2009,0.074,0.021,19,419,,10204645.644455,13732.7653894052
1593,53033011902,119.02,Census Tract 119.02,Rainier Beach,4.1,2009,0,0,0,0,,16290813.6344757,28897.5986341236
1594,53033011802,118.02,Census Tract 118.02,Rainier Beach,4.1,2009,0.075,0.015,3,67,,12323056.7394714,17201.5467858114
1595,53033004703,47.03,Census Tract 47.03,Ballard,10.4,2009,0.06,0.02,53,739,,13030918.1381531,18718.8593915212
1596,53033001000,10,Census Tract 10,Cedar Park/Meadowbrook,8.3,2009,0.148,0.00899999999999998,5,122,,10270271.6852112,13147.0305998084
1597,53033000403,4.03,Census Tract 4.03,Broadview/Bitter Lake,9.1,2009,0.049,0.007,11,409,Medium,7881185.92349243,14097.0266947453
1598,53033003201,32.01,Census Tract 32.01,Sunset Hill/Loyal Heights,10.3,2009,0.042,0.005,27,618,Medium,11927788.6225891,32094.5033857248
1599,53033004600,46,Census Tract 46,Green Lake,9.4,2009,0.062,0.016,7,65,,27829368.7579956,25514.2239990877
1600,53033004702,47.02,Census Tract 47.02,Ballard,10.4,2009,0.06,0.008,36,402,,2867507.734375,6956.44967487604
1601,53033002700,27,Census Tract 27,Green Lake,9.4,2009,0.053,0.007,23,284,,17058079.2767029,21942.8352783745
1602,53033001800,18,Census Tract 18,Licton Springs,9.2,2009,0.053,0.005,59,608,,10182882.2714539,13946.100028213
1603,53033005202,52.02,Census Tract 52.02,Wallingford,11.2,2009,0.051,-0.002,45,995,,2865193.63619995,7845.30321659896
1604,53033005303,53.03,Census Tract 53.03,University District,7.2,2009,0,0,0,0,,24349784.4945679,33904.6213661119
1605,53033004402,44.02,Census Tract 44.02,University District,7.2,2009,0.057,0.00600000000000001,58,918,,3175021.43328857,7487.97985687102
1606,53033004401,44.01,Census Tract 44.01,University District,7.2,2009,0.142,0.00599999999999998,28,324,,7479571.76147461,12948.9751357778
1607,53033005307,53.07,Census Tract 53.07,University District,7.2,2009,0.07,0.00600000000000001,18,345,,1399526.47988892,4758.85069026771
1608,53033004101,41.01,Census Tract 41.01,Laurelhurst/Sand Point,7.5,2009,0.014,0,3,71,High,16716852.6628113,24230.1579430562
1609,53033005402,54.02,Census Tract 54.02,Fremont,11.1,2009,0.046,-0.026,39,391,Medium,4993141.86450195,10063.7978469566
1610,53033007700,77,Census Tract 77,Central Area/Squire Park,5.3,2009,0.044,-0.001,20,315,Medium,11391208.2196655,15242.2097594939
1611,53033007502,75.02,Census Tract 75.02,Capitol Hill,6.2,2009,0.087,0.029,57,913,,3400503.55529785,7403.62929266713
1612,53033007600,76,Census Tract 76,Miller Park,6.4,2009,0.056,0.008,46,682,,6155389.38891602,9906.36833563623
1613,53033010200,102,Census Tract 102,Seward Park,4.3,2009,0.053,0.014,4,76,,30129079.2078857,33439.4693972433
1614,53033010401,104.01,Census Tract 104.01,Beacon Hill,3.5,2009,0,0,0,0,,17543421.029068,17342.9302013933
1615,53033010402,104.02,Census Tract 104.02,Beacon Hill,3.5,2009,0.07,0,5,71,,18759692.8948212,18925.0430066197
1616,53033010501,105.01,Census Tract 105.01,West Seattle Junction/Genesee Hill,1.3,2009,0.064,0.003,12,280,,7986746.71530151,12490.0968039152
1617,53033010102,101.02,Census Tract 101.02,Columbia City,4.2,2009,0,0,0,0,,17314610.0391541,22274.170768035
1618,53033009802,98.02,Census Tract 98.02,West Seattle Junction/Genesee Hill,1.3,2009,0.09,0.01,18,200,,9927510.52307129,12982.7549339758
1619,53033009000,90,Census Tract 90,Judkins Park,5.2,2009,0.075,0.023,15,442,,9212173.19689941,14319.1029916181
1620,53033026400,264,Census Tract 264,South Park,3.1,2009,0,0,0,0,,461382.048629761,5763.40767367231
1621,53033001201,12.01,Census Tract 12.01,Northgate/Maple Leaf,8.1,2010,0.045,-0.007,21,1209,Medium,10851861.641449,15899.7733430541
1622,53033000404,4.04,Census Tract 4.04,Broadview/Bitter Lake,9.1,2010,0.056,-0.004,8,515,,6791652.7237854,12962.5584131713
1623,53033004901,49.01,Census Tract 49.01,Fremont,11.1,2010,0.057,-0.003,108,991,,5350888.21542358,9379.65576684679
1624,53033003601,36.01,Census Tract 36.01,Green Lake,9.4,2010,0.052,0.004,36,631,,7255879.06799316,11894.2888948854
1625,53033002800,28,Census Tract 28,Greenwood/Phinney Ridge,9.3,2010,0.046,-0.003,33,326,Medium,10637151.8217773,13201.311297987
1626,53033003100,31,Census Tract 31,Sunset Hill/Loyal Heights,10.3,2010,0.036,-0.009,15,112,Medium,23137464.0452271,24704.5678017235
1627,53033006400,64,Census Tract 64,Miller Park,6.4,2010,0.049,-0.009,5,103,Medium,9726351.90356445,13186.7701844683
1628,53033004301,43.01,Census Tract 43.01,Ravenna/Bryant,7.3,2010,0.043,0,8,69,Medium,10539780.5728455,17192.703749828
1629,53033002500,25,Census Tract 25,Ravenna/Bryant,7.3,2010,0.047,0,3,64,Medium,10594634.2979736,16442.9685869958
1630,53033002200,22,Census Tract 22,Wedgwood/View Ridge,7.4,2010,0.027,0,5,73,High,30127208.0188904,28505.8067930163
1631,53033004000,40,Census Tract 40,Laurelhurst/Sand Point,7.5,2010,0.019,-0.018,2,54,High,26374983.680542,27560.0138429836
1632,53033005804,58.04,Census Tract 58.04,Interbay,12.2,2010,0.05,-0.005,35,577,Medium,25124062.7388306,48668.2722430527
1633,53033006800,68,Census Tract 68,Queen Anne,12.3,2010,0.04,-0.004,25,298,Medium,7729250.27154541,11275.3773479613
1634,53033008102,81.02,Census Tract 81.02,Downtown Commercial Core,13.2,2010,0.069,-0.00599999999999999,5,173,,5987812.08642578,14339.9950294181
1635,53033008101,81.01,Census Tract 81.01,Downtown Commercial Core,13.2,2010,0.049,0.004,5,885,Medium,2992165.47857666,11427.1467556707
1636,53033007902,79.02,Census Tract 79.02,Central Area/Squire Park,5.3,2010,0.066,0.012,15,514,,4641637.80010986,9715.12087740264
1637,53033007302,73.02,Census Tract 73.02,Cascade/Eastlake,11.3,2010,0.1,-0.095,5,988,,3368769.26522827,7802.42635391176
1638,53033007101,71.01,Census Tract 71.01,Queen Anne,12.3,2010,0.07,-0.02,18,654,,5328474.60678101,9004.94722654019
1639,53033009300,93,Census Tract 93,Duwamish/SODO,3.3,2010,0.052,-0.008,11,268,,102171584.839813,53946.3734519274
1640,53033010502,105.02,Census Tract 105.02,West Seattle Junction/Genesee Hill,1.3,2010,0.091,-0.038,23,746,,10504351.3417664,14546.1362419116
1641,53033010001,100.01,Census Tract 100.01,North Beacon Hill/Jefferson Park,3.6,2010,0.044,-0.008,17,248,Medium,25052474.6053925,25628.9245317132
1642,53033009801,98.01,Census Tract 98.01,West Seattle Junction/Genesee Hill,1.3,2010,0.054,-0.004,20,224,,10814248.9397583,13291.5490832838
1643,53033008900,89,Census Tract 89,Madrona/Leschi,5.1,2010,0.038,-0.008,16,239,Medium,13690717.169342,19328.7463975703
1644,53033026300,263,Census Tract 263,Rainier Beach,4.1,2010,0,0,0,0,,30724.63331604,954.048024444965
1645,53033012000,120,Census Tract 120,Arbor Heights,1.1,2010,0,0,0,0,,15560990.4431915,16787.974281693
1646,53033011101,111.01,Census Tract 111.01,Columbia City,4.2,2010,0.053,-0.006,13,170,,12236718.0846863,15552.0743493747
1647,53033011001,110.01,Census Tract 110.01,South Beacon Hill/NewHolly,3.4,2010,0,0,0,0,,11629041.0737,16287.3553131872
1648,53033010800,108,Census Tract 108,Riverview,2.3,2010,0.034,0,3,59,Medium,44087445.2204437,39019.3474976913
1649,53033000800,8,Census Tract 8,Cedar Park/Meadowbrook,8.3,2010,0,0,0,0,,12290810.0239868,15312.0874645944
1650,53033003400,34,Census Tract 34,Greenwood/Phinney Ridge,9.3,2010,0.043,0,9,93,Medium,8472471.71472168,12629.322933575
1651,53033005306,53.06,Census Tract 53.06,University District,7.2,2010,0.047,-0.007,18,680,Medium,2157906.05789185,5954.87262312138
1652,53033004302,43.02,Census Tract 43.02,Ravenna/Bryant,7.3,2010,0.054,-0.009,59,1023,,3564115.6701355,7987.27441919544
1653,53033002400,24,Census Tract 24,Wedgwood/View Ridge,7.4,2010,0,0,0,0,,10359919.7832642,13151.7125244876
1654,53033004102,41.02,Census Tract 41.02,Laurelhurst/Sand Point,7.5,2010,0.074,0.002,7,487,,17933927.2689209,23350.8002922279
1655,53033005600,56,Census Tract 56,Magnolia,12.1,2010,0,0,0,0,,32045056.1363831,29943.5055294428
1656,53033006703,67.03,Census Tract 67.03,Queen Anne,12.3,2010,0.064,-0.002,35,608,,6427171.88375854,10846.4930444777
1657,53033006100,61,Census Tract 61,Montlake/Portage Bay,7.1,2010,0.074,0,82,1127,,11959193.7410278,21477.2648301767
1658,53033005700,57,Census Tract 57,Magnolia,12.1,2010,0.06,-0.003,28,352,,53305584.4251709,44506.5655358236
1659,53033005901,59.01,Census Tract 59.01,Queen Anne,12.3,2010,0.051,0,29,389,,8449086.71850586,19075.2924234318
1660,53033008401,84.01,Census Tract 84.01,Capitol Hill,6.2,2010,0.057,-0.006,18,783,,2700766.60922241,9275.81826751285
1661,53033008300,83,Census Tract 83,First Hill,6.1,2010,0.036,-0.004,12,867,Medium,2561276.49777222,8632.13489440587
1662,53033007501,75.01,Census Tract 75.01,Capitol Hill,6.2,2010,0.047,-0.005,82,1454,Medium,3210519.93661499,7219.62364175991
1663,53033009702,97.02,Census Tract 97.02,West Seattle Junction/Genesee Hill,1.3,2010,0.048,0,7,105,Medium,23899907.4262695,28258.7625684306
1664,53033008800,88,Census Tract 88,Central Area/Squire Park,5.3,2010,0.05,-0.004,28,240,Medium,10210038.8581238,13202.5268569703
1665,53033008500,85,Census Tract 85,First Hill,6.1,2010,0.053,-0.01,18,884,,4854121.3192749,9025.58161466663
1666,53033026500,265,Census Tract 265,Highland Park,2.5,2010,0,0,0,0,,4617675.48258972,11234.9647811896
1667,53033011601,116.01,Census Tract 116.01,Fauntleroy/Seaview,1.2,2010,0.038,0,6,80,Medium,16710842.8944397,20011.9659924997
1668,53033011300,113,Census Tract 113,Highland Park,2.5,2010,0.067,0,16,328,,37260682.9683075,27184.1613850878
1669,53033011500,115,Census Tract 115,Roxhill/Westwood,2.4,2010,0.092,-0.00800000000000001,12,250,,16558652.7529297,19887.3089363241
1670,53033010601,106.01,Census Tract 106.01,Fauntleroy/Seaview,1.2,2010,0.037,-0.002,25,381,Medium,11724162.319458,14458.8370353337
1671,53033001202,12.02,Census Tract 12.02,Northgate/Maple Leaf,8.1,2010,0.065,-0.044,10,585,,8841145.88363647,13324.9900925288
1672,53033000102,1.02,Census Tract 1.02,Cedar Park/Meadowbrook,8.3,2010,0.05,-0.004,14,558,Medium,15446821.4830017,19552.3623304664
1673,53033004701,47.01,Census Tract 47.01,Ballard,10.4,2010,0.099,0.048,49,892,,6036028.32614136,13539.0476262898
1674,53033004500,45,Census Tract 45,Wallingford,11.2,2010,0,0,0,0,,7222109.8883667,11018.3020934985
1675,53033002900,29,Census Tract 29,Greenwood/Phinney Ridge,9.3,2010,0.052,-0.008,24,248,,10614791.1058044,13366.3196709081
1676,53033004201,42.01,Census Tract 42.01,Ravenna/Bryant,7.3,2010,0.039,-0.012,10,178,Medium,13390664.2680969,18286.1439211159
1677,53033007403,74.03,Census Tract 74.03,Capitol Hill,6.2,2010,0.067,0.018,49,1289,,1276089.0690918,5227.49528678734
1678,53033007002,70.02,Census Tract 70.02,Queen Anne,12.3,2010,0.054,-0.005,74,1551,,4746869.84552002,9490.79905735624
1679,53033005803,58.03,Census Tract 58.03,Interbay,12.2,2010,0.062,-0.00600000000000001,30,355,,8956173.42456055,17129.1988103483
1680,53033005902,59.02,Census Tract 59.02,Queen Anne,12.3,2010,0.058,-0.01,10,103,,11010649.894989,15184.2205727179
1681,53033004902,49.02,Census Tract 49.02,Fremont,11.1,2010,0.046,-0.004,62,847,Medium,6448262.3397522,10801.7314915315
1682,53033005801,58.01,Census Tract 58.01,Interbay,12.2,2010,0.062,-0.013,41,1022,,19618424.2433472,25500.0139546944
1683,53033007406,74.06,Census Tract 74.06,Capitol Hill,6.2,2010,0.047,-0.004,41,1078,Medium,1623443.82748413,6764.47724113477
1684,53033007405,74.05,Census Tract 74.05,Capitol Hill,6.2,2010,0.052,-0.005,47,1307,,1418974.04168701,5012.79869002574
1685,53033009701,97.01,Census Tract 97.01,Alki/Admiral,1.4,2010,0.053,-0.008,35,395,,19291172.1184692,29764.000341636
1686,53033009600,96,Census Tract 96,Alki/Admiral,1.4,2010,0.065,-0.005,33,443,,19741501.6534882,20745.4059998832
1687,53033008700,87,Census Tract 87,Central Area/Squire Park,5.3,2010,0.069,-0.00299999999999999,38,479,,7883013.1696167,11432.3842123557
1688,53033011402,114.02,Census Tract 114.02,Roxhill/Westwood,2.4,2010,0.049,-0.005,23,405,Medium,12779277.8645477,17351.055007292
1689,53033011200,112,Census Tract 112,South Park,3.1,2010,0.074,-0.00600000000000001,15,175,,26463890.0310974,27002.3375751905
1690,53033010900,109,Census Tract 109,Georgetown,3.2,2010,0.241,0.183,13,137,,51677122.7107849,44978.7538438156
1691,53033011002,110.02,Census Tract 110.02,South Beacon Hill/NewHolly,3.4,2010,0,0,0,0,,18508908.4571838,22511.1267649617
1692,53033011102,111.02,Census Tract 111.02,Seward Park,4.3,2010,0.031,-0.007,22,450,Medium,13970026.6890106,20411.1700649139
1693,53033010702,107.02,Census Tract 107.02,High Point,2.2,2010,0,0,0,0,,8396926.79307556,14935.9302412484
1694,53033001100,11,Census Tract 11,Olympic Hills/Victory Heights,8.2,2010,0.101,-0.011,11,188,,11416399.5888062,14159.1273465597
1695,53033000700,7,Census Tract 7,Olympic Hills/Victory Heights,8.2,2010,0.051,-0.011,54,810,,13932242.3934631,16134.0299149422
1696,53033000202,2.02,Census Tract 2.02,Olympic Hills/Victory Heights,8.2,2010,0.06,-0.031,5,182,,15930118.4908752,17285.8273694368
1697,53033000101,1.01,Census Tract 1.01,Cedar Park/Meadowbrook,8.3,2010,0.06,-0.00800000000000001,34,1032,,4465058.88146973,8662.07421505589
1698,53033003301,33.01,Census Tract 33.01,Whittier Heights,10.2,2010,0.042,-0.004,58,525,Medium,7202858.49346924,11177.1813262219
1699,53033003602,36.02,Census Tract 36.02,Green Lake,9.4,2010,0.067,-0.00399999999999999,41,552,,5621886.08477783,11471.0943824279
1700,53033001900,19,Census Tract 19,Northgate/Maple Leaf,8.1,2010,0.085,-0.00599999999999999,9,516,,17945171.5240173,18948.4812689278
1701,53033001702,17.02,Census Tract 17.02,Greenwood/Phinney Ridge,9.3,2010,0,0,0,0,,13779275.7612915,17476.4075143324
1702,53033006500,65,Census Tract 65,North Capitol Hill,6.3,2010,0.054,-0.003,74,999,,12352257.7561951,17921.5013322026
1703,53033006200,62,Census Tract 62,Montlake/Portage Bay,7.1,2010,0,0,0,0,,24610619.7424011,40010.5992573485
1704,53033005305,53.05,Census Tract 53.05,University District,7.2,2010,0.062,-0.01,46,1174,,2292236.61618042,6048.60922233999
1705,53033002600,26,Census Tract 26,Ravenna/Bryant,7.3,2010,0.042,-0.005,5,191,Medium,13398040.1758728,15933.937900155
1706,53033002000,20,Census Tract 20,Northgate/Maple Leaf,8.1,2010,0.039,-0.005,9,206,Medium,12183878.8231506,15509.5457092747
1707,53033006300,63,Census Tract 63,Madison Park,6.5,2010,0.028,-0.005,20,578,High,27750333.3955383,36285.8489218384
1708,53033006600,66,Census Tract 66,Cascade/Eastlake,11.3,2010,0.084,-0.039,81,1467,,11110296.8534851,21995.1062951424
1709,53033006900,69,Census Tract 69,Queen Anne,12.3,2010,0.06,-0.00600000000000001,34,468,,9742176.64987183,15666.5439544695
1710,53033006000,60,Census Tract 60,Queen Anne,12.3,2010,0.101,-0.00599999999999999,56,760,,14158764.7126465,19123.0326298116
1711,53033005201,52.01,Census Tract 52.01,Wallingford,11.2,2010,0.051,-0.008,19,273,,7536632.48083496,14175.9240617134
1712,53033005000,50,Census Tract 50,Wallingford,11.2,2010,0.05,-0.005,63,904,Medium,8151942.29489136,11560.148011522
1713,53033008600,86,Census Tract 86,First Hill,6.1,2010,0.054,-0.017,43,982,,7656616.62564087,11640.7206126296
1714,53033008002,80.02,Census Tract 80.02,Belltown,13.1,2010,0.077,-0.004,14,1131,,2522029.80825806,7998.38246587977
1715,53033007901,79.01,Census Tract 79.01,Central Area/Squire Park,5.3,2010,0.061,-0.005,46,863,,2876299.50189209,7879.40433949822
1716,53033007202,72.02,Census Tract 72.02,Cascade/Eastlake,11.3,2010,0.057,-0.007,10,559,,3020075.66329956,7591.70188344636
1717,53033007301,73.01,Census Tract 73.01,Cascade/Eastlake,11.3,2010,0.053,-0.007,10,751,,2699344.10806274,7422.61069281975
1718,53033010302,103.02,Census Tract 103.02,Columbia City,4.2,2010,0.054,-0.008,17,259,,6804418.75059509,11267.2532000827
1719,53033009100,91,Census Tract 91,Pioneer Square/International District,13.3,2010,0.138,0,15,920,,4419685.26577759,10608.3854115205
1720,53033009200,92,Census Tract 92,Pioneer Square/International District,13.3,2010,0.044,-0.003,10,321,Medium,3456088.55044556,12687.1211893969
1721,53033011700,117,Census Tract 117,South Beacon Hill/NewHolly,3.4,2010,0,0,0,0,,37826036.2597046,29439.6267373345
1722,53033000500,5,Census Tract 5,Broadview/Bitter Lake,9.1,2010,0,0,0,0,,30294741.0541992,27094.5667843899
1723,53033000601,6.01,Census Tract 6.01,Haller Lake,9.5,2010,0.036,-0.007,17,610,Medium,15404952.5828857,20078.9564759328
1724,53033003500,35,Census Tract 35,Greenwood/Phinney Ridge,9.3,2010,0.042,-0.004,21,259,Medium,13828061.6665344,16634.3489620973
1725,53033001500,15,Census Tract 15,North Beach/Blue Ridge,10.1,2010,0.068,0,4,59,,12300447.062561,13960.3795463703
1726,53033001400,14,Census Tract 14,North Beach/Blue Ridge,10.1,2010,0.046,-0.007,21,433,Medium,23073388.6559448,30536.3374485091
1727,53033001300,13,Census Tract 13,Licton Springs,9.2,2010,0.061,-0.00700000000000001,72,870,,12710036.9901733,14881.0870453396
1728,53033003800,38,Census Tract 38,Ravenna/Bryant,7.3,2010,0.415,-0.013,6,159,,6722791.39416504,10392.5315540704
1729,53033007001,70.01,Census Tract 70.01,Queen Anne,12.3,2010,0.049,-0.007,50,1377,Medium,3856290.05014038,9530.30256857274
1730,53033004800,48,Census Tract 48,Fremont,11.1,2010,0.046,0,25,216,Medium,13833886.8196411,18822.2365726525
1731,53033005100,51,Census Tract 51,Wallingford,11.2,2010,0.055,0,23,292,,9490350.15280151,13462.5915467426
1732,53033008200,82,Census Tract 82,First Hill,6.1,2010,0.041,-0.013,12,1214,Medium,4044773.82589722,9102.1403414799
1733,53033010101,101.01,Census Tract 101.01,Columbia City,4.2,2010,0.034,-0.011,8,177,Medium,9381810.13056946,15311.6567050508
1734,53033012100,121,Census Tract 121,Arbor Heights,1.1,2010,0,0,0,0,,18538900.9337463,25983.6162383482
1735,53033011901,119.01,Census Tract 119.01,Rainier Beach,4.1,2010,0,0,0,0,,18097640.7372589,20485.6455423004
1736,53033000602,6.02,Census Tract 6.02,Haller Lake,9.5,2010,0.061,-0.022,9,396,,25947507.8614197,23221.7047501309
1737,53033000201,2.01,Census Tract 2.01,Olympic Hills/Victory Heights,8.2,2010,0.036,-0.017,12,836,Medium,19446176.3249207,18651.5780841956
1738,53033003302,33.02,Census Tract 33.02,Whittier Heights,10.2,2010,0.051,-0.002,52,452,,6749336.48599243,10550.8179265194
1739,53033005304,53.04,Census Tract 53.04,University District,7.2,2010,0,0,0,0,,786047.098052979,4083.12606626598
1740,53033004202,42.02,Census Tract 42.02,Ravenna/Bryant,7.3,2010,0.037,0,5,54,Medium,13141688.4516602,15651.6663663576
1741,53033007404,74.04,Census Tract 74.04,Capitol Hill,6.2,2010,0.058,-0.003,61,1177,,1654579.82751465,5775.69998668964
1742,53033006701,67.01,Census Tract 67.01,Queen Anne,12.3,2010,0.064,-0.00699999999999999,16,850,,3639833.1784668,12143.7792365382
1743,53033007800,78,Census Tract 78,Madrona/Leschi,5.1,2010,0.051,0,5,79,,22245158.163269,28746.3735215772
1744,53033007503,75.03,Census Tract 75.03,Capitol Hill,6.2,2010,0.17,0.114,15,466,,2018614.36813354,6484.38948226953
1745,53033007201,72.01,Census Tract 72.01,Cascade/Eastlake,11.3,2010,0.067,-0.022,13,1926,,1622558.90014648,5873.2165106452
1746,53033007203,72.03,Census Tract 72.03,Cascade/Eastlake,11.3,2010,0.094,-0.073,8,424,,6238804.94293213,12493.9648041578
1747,53033010301,103.01,Census Tract 103.01,Columbia City,4.2,2010,0.058,0,4,52,,10792262.4648438,16924.3685147596
1748,53033009900,99,Census Tract 99,North Delridge,2.1,2010,0.05,-0.013,16,464,Medium,70254374.707016,64633.6615792341
1749,53033009500,95,Census Tract 95,Mt. Baker/North Rainier,4.4,2010,0.157,-0.00700000000000001,12,140,,27424305.6749573,29618.2112966095
1750,53033009400,94,Census Tract 94,North Beacon Hill/Jefferson Park,3.6,2010,0.07,-0.00599999999999999,51,501,,18150625.6758423,18874.5831831158
1751,53033011801,118.01,Census Tract 118.01,Rainier Beach,4.1,2010,0.093,0.034,13,269,,12671173.5070038,15849.8135377743
1752,53033011602,116.02,Census Tract 116.02,Fauntleroy/Seaview,1.2,2010,0.044,-0.009,13,113,Medium,16924173.2272644,24704.0405747324
1753,53033011401,114.01,Census Tract 114.01,Roxhill/Westwood,2.4,2010,0.064,-0.01,6,565,,13273369.1432037,17478.0591593666
1754,53033010701,107.01,Census Tract 107.01,High Point,2.2,2010,0.061,-0.023,5,214,,15726285.722641,21302.3651802902
1755,53033010602,106.02,Census Tract 106.02,Fauntleroy/Seaview,1.2,2010,0.043,-0.00600000000000001,21,324,Medium,15462014.0646667,23774.9471378089
1756,53033000900,9,Census Tract 9,Cedar Park/Meadowbrook,8.3,2010,0,0,0,0,,10031158.8856812,20828.1661958069
1757,53033000402,4.02,Census Tract 4.02,Broadview/Bitter Lake,9.1,2010,0.042,-0.006,27,480,Medium,19362220.5229187,21397.1752981976
1758,53033000300,3,Census Tract 3,Haller Lake,9.5,2010,0.024,-0.012,7,83,High,13033864.5966187,17298.0295354457
1759,53033003202,32.02,Census Tract 32.02,Sunset Hill/Loyal Heights,10.3,2010,0.046,-0.003,34,345,Medium,10289818.4570313,12945.3948643709
1760,53033003000,30,Census Tract 30,Whittier Heights,10.2,2010,0.04,0,23,175,Medium,16072222.0088196,16061.947620856
1761,53033001701,17.01,Census Tract 17.01,Greenwood/Phinney Ridge,9.3,2010,0.053,-0.004,30,571,,9609026.08453369,17164.4547776423
1762,53033001600,16,Census Tract 16,North Beach/Blue Ridge,10.1,2010,0.049,0,11,143,Medium,20575392.7101746,23147.6459804202
1763,53033002100,21,Census Tract 21,Wedgwood/View Ridge,7.4,2010,0.037,-0.006,16,188,Medium,14696796.7441101,16139.9218598102
1764,53033003900,39,Census Tract 39,Wedgwood/View Ridge,7.4,2010,0.019,-0.009,8,108,High,10481334.9800415,13200.9092050947
1765,53033007102,71.02,Census Tract 71.02,Queen Anne,12.3,2010,0.08,-0.013,21,724,,3615500.8977356,11499.9407456685
1766,53033006702,67.02,Census Tract 67.02,Queen Anne,12.3,2010,0.059,-0.004,32,427,,3280147.99505615,8593.8649046644
1767,53033005401,54.01,Census Tract 54.01,Fremont,11.1,2010,0.04,-0.003,32,375,Medium,7892270.58761597,19740.10787087
1768,53033008004,80.04,Census Tract 80.04,Belltown,13.1,2010,0.081,0.02,7,738,,2908326.63348389,14944.9795882911
1769,53033008003,80.03,Census Tract 80.03,Belltown,13.1,2010,0.032,-0.008,7,402,Medium,2122043.71142578,8720.99942149515
1770,53033008402,84.02,Census Tract 84.02,Capitol Hill,6.2,2010,0.056,-0.005,40,1187,,1565507.71533203,5220.86848686108
1771,53033007303,73.03,Census Tract 73.03,Cascade/Eastlake,11.3,2010,0.057,-0.041,3,386,,3374596.39306641,7984.8635220016
1772,53033010002,100.02,Census Tract 100.02,North Beacon Hill/Jefferson Park,3.6,2010,0.057,-0.017,19,419,,10204645.644455,13732.7653894052
1773,53033011902,119.02,Census Tract 119.02,Rainier Beach,4.1,2010,0,0,0,0,,16290813.6344757,28897.5986341236
1774,53033011802,118.02,Census Tract 118.02,Rainier Beach,4.1,2010,0.06,-0.015,3,67,,12323056.7394714,17201.5467858114
1775,53033004703,47.03,Census Tract 47.03,Ballard,10.4,2010,0.05,-0.01,53,739,Medium,13030918.1381531,18718.8593915212
1776,53033001000,10,Census Tract 10,Cedar Park/Meadowbrook,8.3,2010,0.139,-0.00899999999999998,5,122,,10270271.6852112,13147.0305998084
1777,53033000403,4.03,Census Tract 4.03,Broadview/Bitter Lake,9.1,2010,0.037,-0.012,11,409,Medium,7881185.92349243,14097.0266947453
1778,53033003201,32.01,Census Tract 32.01,Sunset Hill/Loyal Heights,10.3,2010,0.036,-0.00600000000000001,27,618,Medium,11927788.6225891,32094.5033857248
1779,53033004600,46,Census Tract 46,Green Lake,9.4,2010,0.062,0,7,65,,27829368.7579956,25514.2239990877
1780,53033004702,47.02,Census Tract 47.02,Ballard,10.4,2010,0.057,-0.003,36,402,,2867507.734375,6956.44967487604
1781,53033002700,27,Census Tract 27,Green Lake,9.4,2010,0.049,-0.004,23,284,Medium,17058079.2767029,21942.8352783745
1782,53033001800,18,Census Tract 18,Licton Springs,9.2,2010,0.044,-0.009,59,608,Medium,10182882.2714539,13946.100028213
1783,53033005202,52.02,Census Tract 52.02,Wallingford,11.2,2010,0.037,-0.014,45,995,Medium,2865193.63619995,7845.30321659896
1784,53033005303,53.03,Census Tract 53.03,University District,7.2,2010,0,0,0,0,,24349784.4945679,33904.6213661119
1785,53033004402,44.02,Census Tract 44.02,University District,7.2,2010,0.051,-0.00600000000000001,58,918,,3175021.43328857,7487.97985687102
1786,53033004401,44.01,Census Tract 44.01,University District,7.2,2010,0.139,-0.00299999999999997,28,324,,7479571.76147461,12948.9751357778
1787,53033005307,53.07,Census Tract 53.07,University District,7.2,2010,0.064,-0.00600000000000001,18,345,,1399526.47988892,4758.85069026771
1788,53033004101,41.01,Census Tract 41.01,Laurelhurst/Sand Point,7.5,2010,0.014,0,3,71,High,16716852.6628113,24230.1579430562
1789,53033005402,54.02,Census Tract 54.02,Fremont,11.1,2010,0.036,-0.01,39,391,Medium,4993141.86450195,10063.7978469566
1790,53033007700,77,Census Tract 77,Central Area/Squire Park,5.3,2010,0.041,-0.003,20,315,Medium,11391208.2196655,15242.2097594939
1791,53033007502,75.02,Census Tract 75.02,Capitol Hill,6.2,2010,0.07,-0.017,57,982,,3400503.55529785,7403.62929266713
1792,53033007600,76,Census Tract 76,Miller Park,6.4,2010,0.051,-0.005,46,682,,6155389.38891602,9906.36833563623
1793,53033010200,102,Census Tract 102,Seward Park,4.3,2010,0.039,-0.014,4,76,Medium,30129079.2078857,33439.4693972433
1794,53033010401,104.01,Census Tract 104.01,Beacon Hill,3.5,2010,0,0,0,0,,17543421.029068,17342.9302013933
1795,53033010402,104.02,Census Tract 104.02,Beacon Hill,3.5,2010,0.07,0,5,71,,18759692.8948212,18925.0430066197
1796,53033010501,105.01,Census Tract 105.01,West Seattle Junction/Genesee Hill,1.3,2010,0.061,-0.003,12,280,,7986746.71530151,12490.0968039152
1797,53033010102,101.02,Census Tract 101.02,Columbia City,4.2,2010,0,0,0,0,,17314610.0391541,22274.170768035
1798,53033009802,98.02,Census Tract 98.02,West Seattle Junction/Genesee Hill,1.3,2010,0.085,-0.00499999999999999,18,200,,9927510.52307129,12982.7549339758
1799,53033009000,90,Census Tract 90,Judkins Park,5.2,2010,0.068,-0.00699999999999999,15,442,,9212173.19689941,14319.1029916181
1800,53033026400,264,Census Tract 264,South Park,3.1,2010,0,0,0,0,,461382.048629761,5763.40767367231
1801,53033001201,12.01,Census Tract 12.01,Northgate/Maple Leaf,8.1,2011,0.047,0.002,21,1209,Medium,10851861.641449,15899.7733430541
1802,53033000404,4.04,Census Tract 4.04,Broadview/Bitter Lake,9.1,2011,0.066,0.01,8,515,,6791652.7237854,12962.5584131713
1803,53033004901,49.01,Census Tract 49.01,Fremont,11.1,2011,0.059,0.00199999999999999,108,991,,5350888.21542358,9379.65576684679
1804,53033003601,36.01,Census Tract 36.01,Green Lake,9.4,2011,0.065,0.013,36,631,,7255879.06799316,11894.2888948854
1805,53033002800,28,Census Tract 28,Greenwood/Phinney Ridge,9.3,2011,0.046,0,33,326,Medium,10637151.8217773,13201.311297987
1806,53033003100,31,Census Tract 31,Sunset Hill/Loyal Heights,10.3,2011,0.045,0.009,15,112,Medium,23137464.0452271,24704.5678017235
1807,53033006400,64,Census Tract 64,Miller Park,6.4,2011,0.049,0,5,103,Medium,9726351.90356445,13186.7701844683
1808,53033004301,43.01,Census Tract 43.01,Ravenna/Bryant,7.3,2011,0.043,0,8,69,Medium,10539780.5728455,17192.703749828
1809,53033002500,25,Census Tract 25,Ravenna/Bryant,7.3,2011,0.047,0,3,64,Medium,10594634.2979736,16442.9685869958
1810,53033002200,22,Census Tract 22,Wedgwood/View Ridge,7.4,2011,0.027,0,5,73,High,30127208.0188904,28505.8067930163
1811,53033004000,40,Census Tract 40,Laurelhurst/Sand Point,7.5,2011,0.019,0,2,54,High,26374983.680542,27560.0138429836
1812,53033005804,58.04,Census Tract 58.04,Interbay,12.2,2011,0.05,0,35,577,Medium,25124062.7388306,48668.2722430527
1813,53033006800,68,Census Tract 68,Queen Anne,12.3,2011,0.037,-0.003,25,298,Medium,7729250.27154541,11275.3773479613
1814,53033008102,81.02,Census Tract 81.02,Downtown Commercial Core,13.2,2011,0.069,0,5,173,,5987812.08642578,14339.9950294181
1815,53033008101,81.01,Census Tract 81.01,Downtown Commercial Core,13.2,2011,0.07,0.021,5,885,,2992165.47857666,11427.1467556707
1816,53033007902,79.02,Census Tract 79.02,Central Area/Squire Park,5.3,2011,0.054,-0.012,15,514,,4641637.80010986,9715.12087740264
1817,53033007302,73.02,Census Tract 73.02,Cascade/Eastlake,11.3,2011,0.063,-0.037,5,988,,3368769.26522827,7802.42635391176
1818,53033007101,71.01,Census Tract 71.01,Queen Anne,12.3,2011,0.072,0.00199999999999999,19,677,,5328474.60678101,9004.94722654019
1819,53033009300,93,Census Tract 93,Duwamish/SODO,3.3,2011,0.049,-0.003,11,268,Medium,102171584.839813,53946.3734519274
1820,53033010502,105.02,Census Tract 105.02,West Seattle Junction/Genesee Hill,1.3,2011,0.079,-0.012,23,746,,10504351.3417664,14546.1362419116
1821,53033010001,100.01,Census Tract 100.01,North Beacon Hill/Jefferson Park,3.6,2011,0.044,0,17,248,Medium,25052474.6053925,25628.9245317132
1822,53033009801,98.01,Census Tract 98.01,West Seattle Junction/Genesee Hill,1.3,2011,0.152,0.098,21,302,,10814248.9397583,13291.5490832838
1823,53033008900,89,Census Tract 89,Madrona/Leschi,5.1,2011,0.042,0.004,16,239,Medium,13690717.169342,19328.7463975703
1824,53033026300,263,Census Tract 263,Rainier Beach,4.1,2011,0,0,0,0,,30724.63331604,954.048024444965
1825,53033012000,120,Census Tract 120,Arbor Heights,1.1,2011,0,0,0,0,,15560990.4431915,16787.974281693
1826,53033011101,111.01,Census Tract 111.01,Columbia City,4.2,2011,0.192,0.139,14,521,,12236718.0846863,15552.0743493747
1827,53033011001,110.01,Census Tract 110.01,South Beacon Hill/NewHolly,3.4,2011,0,0,0,0,,11629041.0737,16287.3553131872
1828,53033010800,108,Census Tract 108,Riverview,2.3,2011,0.034,0,3,59,Medium,44087445.2204437,39019.3474976913
1829,53033000800,8,Census Tract 8,Cedar Park/Meadowbrook,8.3,2011,0,0,0,0,,12290810.0239868,15312.0874645944
1830,53033003400,34,Census Tract 34,Greenwood/Phinney Ridge,9.3,2011,0.043,0,9,93,Medium,8472471.71472168,12629.322933575
1831,53033005306,53.06,Census Tract 53.06,University District,7.2,2011,0.051,0.004,18,680,,2157906.05789185,5954.87262312138
1832,53033004302,43.02,Census Tract 43.02,Ravenna/Bryant,7.3,2011,0.054,0,59,1023,,3564115.6701355,7987.27441919544
1833,53033002400,24,Census Tract 24,Wedgwood/View Ridge,7.4,2011,0,0,0,0,,10359919.7832642,13151.7125244876
1834,53033004102,41.02,Census Tract 41.02,Laurelhurst/Sand Point,7.5,2011,0.076,0.002,7,487,,17933927.2689209,23350.8002922279
1835,53033005600,56,Census Tract 56,Magnolia,12.1,2011,0,0,0,0,,32045056.1363831,29943.5055294428
1836,53033006703,67.03,Census Tract 67.03,Queen Anne,12.3,2011,0.072,0.00799999999999999,35,608,,6427171.88375854,10846.4930444777
1837,53033006100,61,Census Tract 61,Montlake/Portage Bay,7.1,2011,0.073,-0.001,82,1127,,11959193.7410278,21477.2648301767
1838,53033005700,57,Census Tract 57,Magnolia,12.1,2011,0.057,-0.003,28,352,,53305584.4251709,44506.5655358236
1839,53033005901,59.01,Census Tract 59.01,Queen Anne,12.3,2011,0.041,-0.01,29,389,Medium,8449086.71850586,19075.2924234318
1840,53033008401,84.01,Census Tract 84.01,Capitol Hill,6.2,2011,0.057,0,17,773,,2700766.60922241,9275.81826751285
1841,53033008300,83,Census Tract 83,First Hill,6.1,2011,0.035,-0.000999999999999994,12,867,Medium,2561276.49777222,8632.13489440587
1842,53033007501,75.01,Census Tract 75.01,Capitol Hill,6.2,2011,0.046,-0.001,82,1454,Medium,3210519.93661499,7219.62364175991
1843,53033009702,97.02,Census Tract 97.02,West Seattle Junction/Genesee Hill,1.3,2011,0.038,-0.01,7,105,Medium,23899907.4262695,28258.7625684306
1844,53033008800,88,Census Tract 88,Central Area/Squire Park,5.3,2011,0.05,0,28,240,Medium,10210038.8581238,13202.5268569703
1845,53033008500,85,Census Tract 85,First Hill,6.1,2011,0.05,-0.003,18,884,Medium,4854121.3192749,9025.58161466663
1846,53033026500,265,Census Tract 265,Highland Park,2.5,2011,0,0,0,0,,4617675.48258972,11234.9647811896
1847,53033011601,116.01,Census Tract 116.01,Fauntleroy/Seaview,1.2,2011,0.038,0,6,80,Medium,16710842.8944397,20011.9659924997
1848,53033011300,113,Census Tract 113,Highland Park,2.5,2011,0.073,0.00599999999999999,16,328,,37260682.9683075,27184.1613850878
1849,53033011500,115,Census Tract 115,Roxhill/Westwood,2.4,2011,0.092,0,12,250,,16558652.7529297,19887.3089363241
1850,53033010601,106.01,Census Tract 106.01,Fauntleroy/Seaview,1.2,2011,0.034,-0.003,25,381,Medium,11724162.319458,14458.8370353337
1851,53033001202,12.02,Census Tract 12.02,Northgate/Maple Leaf,8.1,2011,0.068,0.003,10,585,,8841145.88363647,13324.9900925288
1852,53033000102,1.02,Census Tract 1.02,Cedar Park/Meadowbrook,8.3,2011,0.04,-0.01,15,643,Medium,15446821.4830017,19552.3623304664
1853,53033004701,47.01,Census Tract 47.01,Ballard,10.4,2011,0.058,-0.041,48,884,,6036028.32614136,13539.0476262898
1854,53033004500,45,Census Tract 45,Wallingford,11.2,2011,0,0,0,0,,7222109.8883667,11018.3020934985
1855,53033002900,29,Census Tract 29,Greenwood/Phinney Ridge,9.3,2011,0.056,0.004,24,248,,10614791.1058044,13366.3196709081
1856,53033004201,42.01,Census Tract 42.01,Ravenna/Bryant,7.3,2011,0.045,0.006,10,178,Medium,13390664.2680969,18286.1439211159
1857,53033007403,74.03,Census Tract 74.03,Capitol Hill,6.2,2011,0.044,-0.023,49,1289,Medium,1276089.0690918,5227.49528678734
1858,53033007002,70.02,Census Tract 70.02,Queen Anne,12.3,2011,0.061,0.007,74,1551,,4746869.84552002,9490.79905735624
1859,53033005803,58.03,Census Tract 58.03,Interbay,12.2,2011,0.062,0,30,355,,8956173.42456055,17129.1988103483
1860,53033005902,59.02,Census Tract 59.02,Queen Anne,12.3,2011,0.058,0,10,103,,11010649.894989,15184.2205727179
1861,53033004902,49.02,Census Tract 49.02,Fremont,11.1,2011,0.048,0.002,62,847,Medium,6448262.3397522,10801.7314915315
1862,53033005801,58.01,Census Tract 58.01,Interbay,12.2,2011,0.052,-0.01,42,1034,,19618424.2433472,25500.0139546944
1863,53033007406,74.06,Census Tract 74.06,Capitol Hill,6.2,2011,0.046,-0.001,41,1078,Medium,1623443.82748413,6764.47724113477
1864,53033007405,74.05,Census Tract 74.05,Capitol Hill,6.2,2011,0.053,0.001,47,1307,,1418974.04168701,5012.79869002574
1865,53033009701,97.01,Census Tract 97.01,Alki/Admiral,1.4,2011,0.053,0,35,395,,19291172.1184692,29764.000341636
1866,53033009600,96,Census Tract 96,Alki/Admiral,1.4,2011,0.063,-0.002,33,443,,19741501.6534882,20745.4059998832
1867,53033008700,87,Census Tract 87,Central Area/Squire Park,5.3,2011,0.069,0,38,479,,7883013.1696167,11432.3842123557
1868,53033011402,114.02,Census Tract 114.02,Roxhill/Westwood,2.4,2011,0.049,0,23,405,Medium,12779277.8645477,17351.055007292
1869,53033011200,112,Census Tract 112,South Park,3.1,2011,0.069,-0.00499999999999999,15,175,,26463890.0310974,27002.3375751905
1870,53033010900,109,Census Tract 109,Georgetown,3.2,2011,0.055,-0.186,11,110,,51677122.7107849,44978.7538438156
1871,53033011002,110.02,Census Tract 110.02,South Beacon Hill/NewHolly,3.4,2011,0,0,0,0,,18508908.4571838,22511.1267649617
1872,53033011102,111.02,Census Tract 111.02,Seward Park,4.3,2011,0.031,0,22,450,Medium,13970026.6890106,20411.1700649139
1873,53033010702,107.02,Census Tract 107.02,High Point,2.2,2011,0,0,0,0,,8396926.79307556,14935.9302412484
1874,53033001100,11,Census Tract 11,Olympic Hills/Victory Heights,8.2,2011,0.106,0.00499999999999999,11,188,,11416399.5888062,14159.1273465597
1875,53033000700,7,Census Tract 7,Olympic Hills/Victory Heights,8.2,2011,0.05,-0.000999999999999994,53,803,Medium,13932242.3934631,16134.0299149422
1876,53033000202,2.02,Census Tract 2.02,Olympic Hills/Victory Heights,8.2,2011,0.06,0,5,182,,15930118.4908752,17285.8273694368
1877,53033000101,1.01,Census Tract 1.01,Cedar Park/Meadowbrook,8.3,2011,0.061,0.001,34,1032,,4465058.88146973,8662.07421505589
1878,53033003301,33.01,Census Tract 33.01,Whittier Heights,10.2,2011,0.046,0.004,57,520,Medium,7202858.49346924,11177.1813262219
1879,53033003602,36.02,Census Tract 36.02,Green Lake,9.4,2011,0.067,0,41,552,,5621886.08477783,11471.0943824279
1880,53033001900,19,Census Tract 19,Northgate/Maple Leaf,8.1,2011,0.056,-0.029,9,516,,17945171.5240173,18948.4812689278
1881,53033001702,17.02,Census Tract 17.02,Greenwood/Phinney Ridge,9.3,2011,0,0,0,0,,13779275.7612915,17476.4075143324
1882,53033006500,65,Census Tract 65,North Capitol Hill,6.3,2011,0.053,-0.001,74,999,,12352257.7561951,17921.5013322026
1883,53033006200,62,Census Tract 62,Montlake/Portage Bay,7.1,2011,0,0,0,0,,24610619.7424011,40010.5992573485
1884,53033005305,53.05,Census Tract 53.05,University District,7.2,2011,0.061,-0.001,46,1174,,2292236.61618042,6048.60922233999
1885,53033002600,26,Census Tract 26,Ravenna/Bryant,7.3,2011,0.042,0,5,191,Medium,13398040.1758728,15933.937900155
1886,53033002000,20,Census Tract 20,Northgate/Maple Leaf,8.1,2011,0.039,0,9,206,Medium,12183878.8231506,15509.5457092747
1887,53033006300,63,Census Tract 63,Madison Park,6.5,2011,0.028,0,20,578,High,27750333.3955383,36285.8489218384
1888,53033006600,66,Census Tract 66,Cascade/Eastlake,11.3,2011,0.076,-0.00800000000000001,81,1467,,11110296.8534851,21995.1062951424
1889,53033006900,69,Census Tract 69,Queen Anne,12.3,2011,0.06,0,34,468,,9742176.64987183,15666.5439544695
1890,53033006000,60,Census Tract 60,Queen Anne,12.3,2011,0.101,0,56,760,,14158764.7126465,19123.0326298116
1891,53033005201,52.01,Census Tract 52.01,Wallingford,11.2,2011,0.055,0.004,19,273,,7536632.48083496,14175.9240617134
1892,53033005000,50,Census Tract 50,Wallingford,11.2,2011,0.051,0.000999999999999994,63,904,,8151942.29489136,11560.148011522
1893,53033008600,86,Census Tract 86,First Hill,6.1,2011,0.052,-0.002,43,982,,7656616.62564087,11640.7206126296
1894,53033008002,80.02,Census Tract 80.02,Belltown,13.1,2011,0.069,-0.00799999999999999,14,1131,,2522029.80825806,7998.38246587977
1895,53033007901,79.01,Census Tract 79.01,Central Area/Squire Park,5.3,2011,0.072,0.011,46,863,,2876299.50189209,7879.40433949822
1896,53033007202,72.02,Census Tract 72.02,Cascade/Eastlake,11.3,2011,0.059,0.00199999999999999,10,559,,3020075.66329956,7591.70188344636
1897,53033007301,73.01,Census Tract 73.01,Cascade/Eastlake,11.3,2011,0.061,0.008,10,751,,2699344.10806274,7422.61069281975
1898,53033010302,103.02,Census Tract 103.02,Columbia City,4.2,2011,0.05,-0.004,17,259,Medium,6804418.75059509,11267.2532000827
1899,53033009100,91,Census Tract 91,Pioneer Square/International District,13.3,2011,0.146,0.00799999999999998,15,920,,4419685.26577759,10608.3854115205
1900,53033009200,92,Census Tract 92,Pioneer Square/International District,13.3,2011,0.044,0,10,321,Medium,3456088.55044556,12687.1211893969
1901,53033011700,117,Census Tract 117,South Beacon Hill/NewHolly,3.4,2011,0,0,0,0,,37826036.2597046,29439.6267373345
1902,53033000500,5,Census Tract 5,Broadview/Bitter Lake,9.1,2011,0,0,0,0,,30294741.0541992,27094.5667843899
1903,53033000601,6.01,Census Tract 6.01,Haller Lake,9.5,2011,0.038,0.002,17,610,Medium,15404952.5828857,20078.9564759328
1904,53033003500,35,Census Tract 35,Greenwood/Phinney Ridge,9.3,2011,0.046,0.004,21,259,Medium,13828061.6665344,16634.3489620973
1905,53033001500,15,Census Tract 15,North Beach/Blue Ridge,10.1,2011,0.068,0,4,59,,12300447.062561,13960.3795463703
1906,53033001400,14,Census Tract 14,North Beach/Blue Ridge,10.1,2011,0.046,0,21,433,Medium,23073388.6559448,30536.3374485091
1907,53033001300,13,Census Tract 13,Licton Springs,9.2,2011,0.061,0,72,870,,12710036.9901733,14881.0870453396
1908,53033003800,38,Census Tract 38,Ravenna/Bryant,7.3,2011,0.421,0.00600000000000001,6,159,,6722791.39416504,10392.5315540704
1909,53033007001,70.01,Census Tract 70.01,Queen Anne,12.3,2011,0.046,-0.003,50,1377,Medium,3856290.05014038,9530.30256857274
1910,53033004800,48,Census Tract 48,Fremont,11.1,2011,0.051,0.005,25,216,,13833886.8196411,18822.2365726525
1911,53033005100,51,Census Tract 51,Wallingford,11.2,2011,0.055,0,23,292,,9490350.15280151,13462.5915467426
1912,53033008200,82,Census Tract 82,First Hill,6.1,2011,0.044,0.003,12,1214,Medium,4044773.82589722,9102.1403414799
1913,53033010101,101.01,Census Tract 101.01,Columbia City,4.2,2011,0.034,0,8,177,Medium,9381810.13056946,15311.6567050508
1914,53033012100,121,Census Tract 121,Arbor Heights,1.1,2011,0,0,0,0,,18538900.9337463,25983.6162383482
1915,53033011901,119.01,Census Tract 119.01,Rainier Beach,4.1,2011,0,0,0,0,,18097640.7372589,20485.6455423004
1916,53033000602,6.02,Census Tract 6.02,Haller Lake,9.5,2011,0.073,0.012,9,396,,25947507.8614197,23221.7047501309
1917,53033000201,2.01,Census Tract 2.01,Olympic Hills/Victory Heights,8.2,2011,0.032,-0.004,12,836,Medium,19446176.3249207,18651.5780841956
1918,53033003302,33.02,Census Tract 33.02,Whittier Heights,10.2,2011,0.053,0.002,52,452,,6749336.48599243,10550.8179265194
1919,53033005304,53.04,Census Tract 53.04,University District,7.2,2011,0,0,0,0,,786047.098052979,4083.12606626598
1920,53033004202,42.02,Census Tract 42.02,Ravenna/Bryant,7.3,2011,0.037,0,5,54,Medium,13141688.4516602,15651.6663663576
1921,53033007404,74.04,Census Tract 74.04,Capitol Hill,6.2,2011,0.056,-0.002,61,1177,,1654579.82751465,5775.69998668964
1922,53033006701,67.01,Census Tract 67.01,Queen Anne,12.3,2011,0.067,0.003,16,850,,3639833.1784668,12143.7792365382
1923,53033007800,78,Census Tract 78,Madrona/Leschi,5.1,2011,0.051,0,5,79,,22245158.163269,28746.3735215772
1924,53033007503,75.03,Census Tract 75.03,Capitol Hill,6.2,2011,0.077,-0.093,15,466,,2018614.36813354,6484.38948226953
1925,53033007201,72.01,Census Tract 72.01,Cascade/Eastlake,11.3,2011,0.064,-0.003,13,1926,,1622558.90014648,5873.2165106452
1926,53033007203,72.03,Census Tract 72.03,Cascade/Eastlake,11.3,2011,0.09,-0.004,8,424,,6238804.94293213,12493.9648041578
1927,53033010301,103.01,Census Tract 103.01,Columbia City,4.2,2011,0.058,0,4,52,,10792262.4648438,16924.3685147596
1928,53033009900,99,Census Tract 99,North Delridge,2.1,2011,0.057,0.007,17,471,,70254374.707016,64633.6615792341
1929,53033009500,95,Census Tract 95,Mt. Baker/North Rainier,4.4,2011,0.157,0,12,140,,27424305.6749573,29618.2112966095
1930,53033009400,94,Census Tract 94,North Beacon Hill/Jefferson Park,3.6,2011,0.066,-0.004,51,501,,18150625.6758423,18874.5831831158
1931,53033011801,118.01,Census Tract 118.01,Rainier Beach,4.1,2011,0.054,-0.039,12,258,,12671173.5070038,15849.8135377743
1932,53033011602,116.02,Census Tract 116.02,Fauntleroy/Seaview,1.2,2011,0.044,0,13,113,Medium,16924173.2272644,24704.0405747324
1933,53033011401,114.01,Census Tract 114.01,Roxhill/Westwood,2.4,2011,0.058,-0.006,6,565,,13273369.1432037,17478.0591593666
1934,53033010701,107.01,Census Tract 107.01,High Point,2.2,2011,0.065,0.004,5,214,,15726285.722641,21302.3651802902
1935,53033010602,106.02,Census Tract 106.02,Fauntleroy/Seaview,1.2,2011,0.043,0,21,324,Medium,15462014.0646667,23774.9471378089
1936,53033000900,9,Census Tract 9,Cedar Park/Meadowbrook,8.3,2011,0,0,0,0,,10031158.8856812,20828.1661958069
1937,53033000402,4.02,Census Tract 4.02,Broadview/Bitter Lake,9.1,2011,0.042,0,27,480,Medium,19362220.5229187,21397.1752981976
1938,53033000300,3,Census Tract 3,Haller Lake,9.5,2011,0.024,0,7,83,High,13033864.5966187,17298.0295354457
1939,53033003202,32.02,Census Tract 32.02,Sunset Hill/Loyal Heights,10.3,2011,0.049,0.003,34,345,Medium,10289818.4570313,12945.3948643709
1940,53033003000,30,Census Tract 30,Whittier Heights,10.2,2011,0.04,0,23,175,Medium,16072222.0088196,16061.947620856
1941,53033001701,17.01,Census Tract 17.01,Greenwood/Phinney Ridge,9.3,2011,0.051,-0.002,30,571,,9609026.08453369,17164.4547776423
1942,53033001600,16,Census Tract 16,North Beach/Blue Ridge,10.1,2011,0.049,0,11,143,Medium,20575392.7101746,23147.6459804202
1943,53033002100,21,Census Tract 21,Wedgwood/View Ridge,7.4,2011,0.037,0,16,188,Medium,14696796.7441101,16139.9218598102
1944,53033003900,39,Census Tract 39,Wedgwood/View Ridge,7.4,2011,0.019,0,8,108,High,10481334.9800415,13200.9092050947
1945,53033007102,71.02,Census Tract 71.02,Queen Anne,12.3,2011,0.083,0.003,21,724,,3615500.8977356,11499.9407456685
1946,53033006702,67.02,Census Tract 67.02,Queen Anne,12.3,2011,0.058,-0.000999999999999994,31,417,,3280147.99505615,8593.8649046644
1947,53033005401,54.01,Census Tract 54.01,Fremont,11.1,2011,0.043,0.003,32,375,Medium,7892270.58761597,19740.10787087
1948,53033008004,80.04,Census Tract 80.04,Belltown,13.1,2011,0.064,-0.017,7,738,,2908326.63348389,14944.9795882911
1949,53033008003,80.03,Census Tract 80.03,Belltown,13.1,2011,0.032,0,7,402,Medium,2122043.71142578,8720.99942149515
1950,53033008402,84.02,Census Tract 84.02,Capitol Hill,6.2,2011,0.054,-0.002,39,1177,,1565507.71533203,5220.86848686108
1951,53033007303,73.03,Census Tract 73.03,Cascade/Eastlake,11.3,2011,0.054,-0.003,3,386,,3374596.39306641,7984.8635220016
1952,53033010002,100.02,Census Tract 100.02,North Beacon Hill/Jefferson Park,3.6,2011,0.05,-0.007,19,419,Medium,10204645.644455,13732.7653894052
1953,53033011902,119.02,Census Tract 119.02,Rainier Beach,4.1,2011,0,0,0,0,,16290813.6344757,28897.5986341236
1954,53033011802,118.02,Census Tract 118.02,Rainier Beach,4.1,2011,0.06,0,3,67,,12323056.7394714,17201.5467858114
1955,53033004703,47.03,Census Tract 47.03,Ballard,10.4,2011,0.055,0.005,53,739,,13030918.1381531,18718.8593915212
1956,53033001000,10,Census Tract 10,Cedar Park/Meadowbrook,8.3,2011,0.139,0,5,122,,10270271.6852112,13147.0305998084
1957,53033000403,4.03,Census Tract 4.03,Broadview/Bitter Lake,9.1,2011,0.044,0.007,11,409,Medium,7881185.92349243,14097.0266947453
1958,53033003201,32.01,Census Tract 32.01,Sunset Hill/Loyal Heights,10.3,2011,0.038,0.002,26,612,Medium,11927788.6225891,32094.5033857248
1959,53033004600,46,Census Tract 46,Green Lake,9.4,2011,0.062,0,7,65,,27829368.7579956,25514.2239990877
1960,53033004702,47.02,Census Tract 47.02,Ballard,10.4,2011,0.06,0.003,36,402,,2867507.734375,6956.44967487604
1961,53033002700,27,Census Tract 27,Green Lake,9.4,2011,0.049,0,23,284,Medium,17058079.2767029,21942.8352783745
1962,53033001800,18,Census Tract 18,Licton Springs,9.2,2011,0.046,0.002,59,608,Medium,10182882.2714539,13946.100028213
1963,53033005202,52.02,Census Tract 52.02,Wallingford,11.2,2011,0.034,-0.003,45,995,Medium,2865193.63619995,7845.30321659896
1964,53033005303,53.03,Census Tract 53.03,University District,7.2,2011,0,0,0,0,,24349784.4945679,33904.6213661119
1965,53033004402,44.02,Census Tract 44.02,University District,7.2,2011,0.059,0.008,58,918,,3175021.43328857,7487.97985687102
1966,53033004401,44.01,Census Tract 44.01,University District,7.2,2011,0.136,-0.003,28,324,,7479571.76147461,12948.9751357778
1967,53033005307,53.07,Census Tract 53.07,University District,7.2,2011,0.064,0,18,345,,1399526.47988892,4758.85069026771
1968,53033004101,41.01,Census Tract 41.01,Laurelhurst/Sand Point,7.5,2011,0.014,0,3,71,High,16716852.6628113,24230.1579430562
1969,53033005402,54.02,Census Tract 54.02,Fremont,11.1,2011,0.038,0.002,39,391,Medium,4993141.86450195,10063.7978469566
1970,53033007700,77,Census Tract 77,Central Area/Squire Park,5.3,2011,0.041,0,20,315,Medium,11391208.2196655,15242.2097594939
1971,53033007502,75.02,Census Tract 75.02,Capitol Hill,6.2,2011,0.055,-0.015,56,967,,3400503.55529785,7403.62929266713
1972,53033007600,76,Census Tract 76,Miller Park,6.4,2011,0.051,0,46,682,,6155389.38891602,9906.36833563623
1973,53033010200,102,Census Tract 102,Seward Park,4.3,2011,0.039,0,4,76,Medium,30129079.2078857,33439.4693972433
1974,53033010401,104.01,Census Tract 104.01,Beacon Hill,3.5,2011,0,0,0,0,,17543421.029068,17342.9302013933
1975,53033010402,104.02,Census Tract 104.02,Beacon Hill,3.5,2011,0.07,0,5,71,,18759692.8948212,18925.0430066197
1976,53033010501,105.01,Census Tract 105.01,West Seattle Junction/Genesee Hill,1.3,2011,0.145,0.084,13,475,,7986746.71530151,12490.0968039152
1977,53033010102,101.02,Census Tract 101.02,Columbia City,4.2,2011,0,0,0,0,,17314610.0391541,22274.170768035
1978,53033009802,98.02,Census Tract 98.02,West Seattle Junction/Genesee Hill,1.3,2011,0.08,-0.005,18,200,,9927510.52307129,12982.7549339758
1979,53033009000,90,Census Tract 90,Judkins Park,5.2,2011,0.054,-0.014,16,478,,9212173.19689941,14319.1029916181
1980,53033026400,264,Census Tract 264,South Park,3.1,2011,0,0,0,0,,461382.048629761,5763.40767367231
1981,53033001201,12.01,Census Tract 12.01,Northgate/Maple Leaf,8.1,2012,0.042,-0.005,21,1209,Medium,10851861.641449,15899.7733430541
1982,53033000404,4.04,Census Tract 4.04,Broadview/Bitter Lake,9.1,2012,0.058,-0.008,8,515,,6791652.7237854,12962.5584131713
1983,53033004901,49.01,Census Tract 49.01,Fremont,11.1,2012,0.054,-0.005,108,991,,5350888.21542358,9379.65576684679
1984,53033003601,36.01,Census Tract 36.01,Green Lake,9.4,2012,0.044,-0.021,36,631,Medium,7255879.06799316,11894.2888948854
1985,53033002800,28,Census Tract 28,Greenwood/Phinney Ridge,9.3,2012,0.04,-0.006,33,326,Medium,10637151.8217773,13201.311297987
1986,53033003100,31,Census Tract 31,Sunset Hill/Loyal Heights,10.3,2012,0.036,-0.009,15,112,Medium,23137464.0452271,24704.5678017235
1987,53033006400,64,Census Tract 64,Miller Park,6.4,2012,0.039,-0.01,5,103,Medium,9726351.90356445,13186.7701844683
1988,53033004301,43.01,Census Tract 43.01,Ravenna/Bryant,7.3,2012,0.043,0,8,69,Medium,10539780.5728455,17192.703749828
1989,53033002500,25,Census Tract 25,Ravenna/Bryant,7.3,2012,0.047,0,3,64,Medium,10594634.2979736,16442.9685869958
1990,53033002200,22,Census Tract 22,Wedgwood/View Ridge,7.4,2012,0.171,0.144,6,164,,30127208.0188904,28505.8067930163
1991,53033004000,40,Census Tract 40,Laurelhurst/Sand Point,7.5,2012,0.029,0.01,3,69,High,26374983.680542,27560.0138429836
1992,53033005804,58.04,Census Tract 58.04,Interbay,12.2,2012,0.049,-0.001,35,577,Medium,25124062.7388306,48668.2722430527
1993,53033006800,68,Census Tract 68,Queen Anne,12.3,2012,0.037,0,25,298,Medium,7729250.27154541,11275.3773479613
1994,53033008102,81.02,Census Tract 81.02,Downtown Commercial Core,13.2,2012,0.069,0,5,173,,5987812.08642578,14339.9950294181
1995,53033008101,81.01,Census Tract 81.01,Downtown Commercial Core,13.2,2012,0.064,-0.00600000000000001,5,885,,2992165.47857666,11427.1467556707
1996,53033007902,79.02,Census Tract 79.02,Central Area/Squire Park,5.3,2012,0.04,-0.014,16,644,Medium,4641637.80010986,9715.12087740264
1997,53033007302,73.02,Census Tract 73.02,Cascade/Eastlake,11.3,2012,0.063,0,5,988,,3368769.26522827,7802.42635391176
1998,53033007101,71.01,Census Tract 71.01,Queen Anne,12.3,2012,0.115,0.043,21,993,,5328474.60678101,9004.94722654019
1999,53033009300,93,Census Tract 93,Duwamish/SODO,3.3,2012,0.06,0.011,11,268,,102171584.839813,53946.3734519274
2000,53033010502,105.02,Census Tract 105.02,West Seattle Junction/Genesee Hill,1.3,2012,0.074,-0.005,23,746,,10504351.3417664,14546.1362419116
2001,53033010001,100.01,Census Tract 100.01,North Beacon Hill/Jefferson Park,3.6,2012,0.04,-0.004,17,248,Medium,25052474.6053925,25628.9245317132
2002,53033009801,98.01,Census Tract 98.01,West Seattle Junction/Genesee Hill,1.3,2012,0.066,-0.086,21,302,,10814248.9397583,13291.5490832838
2003,53033008900,89,Census Tract 89,Madrona/Leschi,5.1,2012,0.033,-0.009,16,239,Medium,13690717.169342,19328.7463975703
2004,53033026300,263,Census Tract 263,Rainier Beach,4.1,2012,0,0,0,0,,30724.63331604,954.048024444965
2005,53033012000,120,Census Tract 120,Arbor Heights,1.1,2012,0,0,0,0,,15560990.4431915,16787.974281693
2006,53033011101,111.01,Census Tract 111.01,Columbia City,4.2,2012,0.073,-0.119,14,521,,12236718.0846863,15552.0743493747
2007,53033011001,110.01,Census Tract 110.01,South Beacon Hill/NewHolly,3.4,2012,0,0,0,0,,11629041.0737,16287.3553131872
2008,53033010800,108,Census Tract 108,Riverview,2.3,2012,0.034,0,3,59,Medium,44087445.2204437,39019.3474976913
2009,53033000800,8,Census Tract 8,Cedar Park/Meadowbrook,8.3,2012,0,0,0,0,,12290810.0239868,15312.0874645944
2010,53033003400,34,Census Tract 34,Greenwood/Phinney Ridge,9.3,2012,0.043,0,9,93,Medium,8472471.71472168,12629.322933575
2011,53033005306,53.06,Census Tract 53.06,University District,7.2,2012,0.051,0,18,680,,2157906.05789185,5954.87262312138
2012,53033004302,43.02,Census Tract 43.02,Ravenna/Bryant,7.3,2012,0.051,-0.003,59,1023,,3564115.6701355,7987.27441919544
2013,53033002400,24,Census Tract 24,Wedgwood/View Ridge,7.4,2012,0,0,0,0,,10359919.7832642,13151.7125244876
2014,53033004102,41.02,Census Tract 41.02,Laurelhurst/Sand Point,7.5,2012,0.039,-0.037,7,487,Medium,17933927.2689209,23350.8002922279
2015,53033005600,56,Census Tract 56,Magnolia,12.1,2012,0,0,0,0,,32045056.1363831,29943.5055294428
2016,53033006703,67.03,Census Tract 67.03,Queen Anne,12.3,2012,0.067,-0.00499999999999999,35,608,,6427171.88375854,10846.4930444777
2017,53033006100,61,Census Tract 61,Montlake/Portage Bay,7.1,2012,0.068,-0.00499999999999999,82,1127,,11959193.7410278,21477.2648301767
2018,53033005700,57,Census Tract 57,Magnolia,12.1,2012,0.054,-0.003,28,352,,53305584.4251709,44506.5655358236
2019,53033005901,59.01,Census Tract 59.01,Queen Anne,12.3,2012,0.041,0,29,389,Medium,8449086.71850586,19075.2924234318
2020,53033008401,84.01,Census Tract 84.01,Capitol Hill,6.2,2012,0.159,0.102,18,1009,,2700766.60922241,9275.81826751285
2021,53033008300,83,Census Tract 83,First Hill,6.1,2012,0.036,0.000999999999999994,12,867,Medium,2561276.49777222,8632.13489440587
2022,53033007501,75.01,Census Tract 75.01,Capitol Hill,6.2,2012,0.065,0.019,83,1688,,3210519.93661499,7219.62364175991
2023,53033009702,97.02,Census Tract 97.02,West Seattle Junction/Genesee Hill,1.3,2012,0.038,0,7,105,Medium,23899907.4262695,28258.7625684306
2024,53033008800,88,Census Tract 88,Central Area/Squire Park,5.3,2012,0.046,-0.004,28,240,Medium,10210038.8581238,13202.5268569703
2025,53033008500,85,Census Tract 85,First Hill,6.1,2012,0.051,0.000999999999999994,18,884,,4854121.3192749,9025.58161466663
2026,53033026500,265,Census Tract 265,Highland Park,2.5,2012,0,0,0,0,,4617675.48258972,11234.9647811896
2027,53033011601,116.01,Census Tract 116.01,Fauntleroy/Seaview,1.2,2012,0.038,0,6,80,Medium,16710842.8944397,20011.9659924997
2028,53033011300,113,Census Tract 113,Highland Park,2.5,2012,0.073,0,16,328,,37260682.9683075,27184.1613850878
2029,53033011500,115,Census Tract 115,Roxhill/Westwood,2.4,2012,0.092,0,12,250,,16558652.7529297,19887.3089363241
2030,53033010601,106.01,Census Tract 106.01,Fauntleroy/Seaview,1.2,2012,0.034,0,25,381,Medium,11724162.319458,14458.8370353337
2031,53033001202,12.02,Census Tract 12.02,Northgate/Maple Leaf,8.1,2012,0.051,-0.017,10,585,,8841145.88363647,13324.9900925288
2032,53033000102,1.02,Census Tract 1.02,Cedar Park/Meadowbrook,8.3,2012,0.039,-0.001,15,643,Medium,15446821.4830017,19552.3623304664
2033,53033004701,47.01,Census Tract 47.01,Ballard,10.4,2012,0.049,-0.009,47,876,Medium,6036028.32614136,13539.0476262898
2034,53033004500,45,Census Tract 45,Wallingford,11.2,2012,0,0,0,0,,7222109.8883667,11018.3020934985
2035,53033002900,29,Census Tract 29,Greenwood/Phinney Ridge,9.3,2012,0.048,-0.008,24,248,Medium,10614791.1058044,13366.3196709081
2036,53033004201,42.01,Census Tract 42.01,Ravenna/Bryant,7.3,2012,0.039,-0.006,10,178,Medium,13390664.2680969,18286.1439211159
2037,53033007403,74.03,Census Tract 74.03,Capitol Hill,6.2,2012,0.042,-0.00199999999999999,50,1344,Medium,1276089.0690918,5227.49528678734
2038,53033007002,70.02,Census Tract 70.02,Queen Anne,12.3,2012,0.051,-0.01,73,1539,,4746869.84552002,9490.79905735624
2039,53033005803,58.03,Census Tract 58.03,Interbay,12.2,2012,0.065,0.003,31,372,,8956173.42456055,17129.1988103483
2040,53033005902,59.02,Census Tract 59.02,Queen Anne,12.3,2012,0.058,0,10,103,,11010649.894989,15184.2205727179
2041,53033004902,49.02,Census Tract 49.02,Fremont,11.1,2012,0.048,0,62,847,Medium,6448262.3397522,10801.7314915315
2042,53033005801,58.01,Census Tract 58.01,Interbay,12.2,2012,0.045,-0.007,42,1034,Medium,19618424.2433472,25500.0139546944
2043,53033007406,74.06,Census Tract 74.06,Capitol Hill,6.2,2012,0.045,-0.001,41,1078,Medium,1623443.82748413,6764.47724113477
2044,53033007405,74.05,Census Tract 74.05,Capitol Hill,6.2,2012,0.049,-0.004,47,1307,Medium,1418974.04168701,5012.79869002574
2045,53033009701,97.01,Census Tract 97.01,Alki/Admiral,1.4,2012,0.051,-0.002,35,395,,19291172.1184692,29764.000341636
2046,53033009600,96,Census Tract 96,Alki/Admiral,1.4,2012,0.061,-0.002,33,443,,19741501.6534882,20745.4059998832
2047,53033008700,87,Census Tract 87,Central Area/Squire Park,5.3,2012,0.065,-0.004,38,479,,7883013.1696167,11432.3842123557
2048,53033011402,114.02,Census Tract 114.02,Roxhill/Westwood,2.4,2012,0.047,-0.002,23,405,Medium,12779277.8645477,17351.055007292
2049,53033011200,112,Census Tract 112,South Park,3.1,2012,0.069,0,15,175,,26463890.0310974,27002.3375751905
2050,53033010900,109,Census Tract 109,Georgetown,3.2,2012,0.045,-0.01,11,110,Medium,51677122.7107849,44978.7538438156
2051,53033011002,110.02,Census Tract 110.02,South Beacon Hill/NewHolly,3.4,2012,0,0,0,0,,18508908.4571838,22511.1267649617
2052,53033011102,111.02,Census Tract 111.02,Seward Park,4.3,2012,0.029,-0.002,22,450,High,13970026.6890106,20411.1700649139
2053,53033010702,107.02,Census Tract 107.02,High Point,2.2,2012,0,0,0,0,,8396926.79307556,14935.9302412484
2054,53033001100,11,Census Tract 11,Olympic Hills/Victory Heights,8.2,2012,0.064,-0.042,11,188,,11416399.5888062,14159.1273465597
2055,53033000700,7,Census Tract 7,Olympic Hills/Victory Heights,8.2,2012,0.045,-0.005,53,803,Medium,13932242.3934631,16134.0299149422
2056,53033000202,2.02,Census Tract 2.02,Olympic Hills/Victory Heights,8.2,2012,0.06,0,5,182,,15930118.4908752,17285.8273694368
2057,53033000101,1.01,Census Tract 1.01,Cedar Park/Meadowbrook,8.3,2012,0.053,-0.008,34,1032,,4465058.88146973,8662.07421505589
2058,53033003301,33.01,Census Tract 33.01,Whittier Heights,10.2,2012,0.04,-0.006,57,520,Medium,7202858.49346924,11177.1813262219
2059,53033003602,36.02,Census Tract 36.02,Green Lake,9.4,2012,0.065,-0.002,41,552,,5621886.08477783,11471.0943824279
2060,53033001900,19,Census Tract 19,Northgate/Maple Leaf,8.1,2012,0.047,-0.009,9,516,Medium,17945171.5240173,18948.4812689278
2061,53033001702,17.02,Census Tract 17.02,Greenwood/Phinney Ridge,9.3,2012,0,0,0,0,,13779275.7612915,17476.4075143324
2062,53033006500,65,Census Tract 65,North Capitol Hill,6.3,2012,0.051,-0.002,74,999,,12352257.7561951,17921.5013322026
2063,53033006200,62,Census Tract 62,Montlake/Portage Bay,7.1,2012,0,0,0,0,,24610619.7424011,40010.5992573485
2064,53033005305,53.05,Census Tract 53.05,University District,7.2,2012,0.061,0,46,1174,,2292236.61618042,6048.60922233999
2065,53033002600,26,Census Tract 26,Ravenna/Bryant,7.3,2012,0.042,0,5,191,Medium,13398040.1758728,15933.937900155
2066,53033002000,20,Census Tract 20,Northgate/Maple Leaf,8.1,2012,0.034,-0.005,9,206,Medium,12183878.8231506,15509.5457092747
2067,53033006300,63,Census Tract 63,Madison Park,6.5,2012,0.024,-0.004,20,578,High,27750333.3955383,36285.8489218384
2068,53033006600,66,Census Tract 66,Cascade/Eastlake,11.3,2012,0.074,-0.002,81,1467,,11110296.8534851,21995.1062951424
2069,53033006900,69,Census Tract 69,Queen Anne,12.3,2012,0.06,0,34,468,,9742176.64987183,15666.5439544695
2070,53033006000,60,Census Tract 60,Queen Anne,12.3,2012,0.093,-0.00800000000000001,56,760,,14158764.7126465,19123.0326298116
2071,53033005201,52.01,Census Tract 52.01,Wallingford,11.2,2012,0.075,0.02,20,320,,7536632.48083496,14175.9240617134
2072,53033005000,50,Census Tract 50,Wallingford,11.2,2012,0.049,-0.00199999999999999,63,904,Medium,8151942.29489136,11560.148011522
2073,53033008600,86,Census Tract 86,First Hill,6.1,2012,0.109,0.057,46,1195,,7656616.62564087,11640.7206126296
2074,53033008002,80.02,Census Tract 80.02,Belltown,13.1,2012,0.069,0,14,1131,,2522029.80825806,7998.38246587977
2075,53033007901,79.01,Census Tract 79.01,Central Area/Squire Park,5.3,2012,0.063,-0.00899999999999999,45,853,,2876299.50189209,7879.40433949822
2076,53033007202,72.02,Census Tract 72.02,Cascade/Eastlake,11.3,2012,0.073,0.014,10,559,,3020075.66329956,7591.70188344636
2077,53033007301,73.01,Census Tract 73.01,Cascade/Eastlake,11.3,2012,0.057,-0.004,10,751,,2699344.10806274,7422.61069281975
2078,53033010302,103.02,Census Tract 103.02,Columbia City,4.2,2012,0.07,0.02,18,383,,6804418.75059509,11267.2532000827
2079,53033009100,91,Census Tract 91,Pioneer Square/International District,13.3,2012,0.132,-0.014,14,912,,4419685.26577759,10608.3854115205
2080,53033009200,92,Census Tract 92,Pioneer Square/International District,13.3,2012,0.04,-0.004,10,321,Medium,3456088.55044556,12687.1211893969
2081,53033011700,117,Census Tract 117,South Beacon Hill/NewHolly,3.4,2012,0,0,0,0,,37826036.2597046,29439.6267373345
2082,53033000500,5,Census Tract 5,Broadview/Bitter Lake,9.1,2012,0,0,0,0,,30294741.0541992,27094.5667843899
2083,53033000601,6.01,Census Tract 6.01,Haller Lake,9.5,2012,0.034,-0.004,17,610,Medium,15404952.5828857,20078.9564759328
2084,53033003500,35,Census Tract 35,Greenwood/Phinney Ridge,9.3,2012,0.042,-0.004,21,259,Medium,13828061.6665344,16634.3489620973
2085,53033001500,15,Census Tract 15,North Beach/Blue Ridge,10.1,2012,0.051,-0.017,4,59,,12300447.062561,13960.3795463703
2086,53033001400,14,Census Tract 14,North Beach/Blue Ridge,10.1,2012,0.046,0,21,433,Medium,23073388.6559448,30536.3374485091
2087,53033001300,13,Census Tract 13,Licton Springs,9.2,2012,0.057,-0.004,72,870,,12710036.9901733,14881.0870453396
2088,53033003800,38,Census Tract 38,Ravenna/Bryant,7.3,2012,0.415,-0.00600000000000001,6,159,,6722791.39416504,10392.5315540704
2089,53033007001,70.01,Census Tract 70.01,Queen Anne,12.3,2012,0.046,0,50,1377,Medium,3856290.05014038,9530.30256857274
2090,53033004800,48,Census Tract 48,Fremont,11.1,2012,0.046,-0.005,25,216,Medium,13833886.8196411,18822.2365726525
2091,53033005100,51,Census Tract 51,Wallingford,11.2,2012,0.051,-0.004,23,292,,9490350.15280151,13462.5915467426
2092,53033008200,82,Census Tract 82,First Hill,6.1,2012,0.039,-0.005,12,1214,Medium,4044773.82589722,9102.1403414799
2093,53033010101,101.01,Census Tract 101.01,Columbia City,4.2,2012,0.034,0,8,177,Medium,9381810.13056946,15311.6567050508
2094,53033012100,121,Census Tract 121,Arbor Heights,1.1,2012,0,0,0,0,,18538900.9337463,25983.6162383482
2095,53033011901,119.01,Census Tract 119.01,Rainier Beach,4.1,2012,0,0,0,0,,18097640.7372589,20485.6455423004
2096,53033000602,6.02,Census Tract 6.02,Haller Lake,9.5,2012,0.056,-0.017,9,396,,25947507.8614197,23221.7047501309
2097,53033000201,2.01,Census Tract 2.01,Olympic Hills/Victory Heights,8.2,2012,0.035,0.003,12,836,Medium,19446176.3249207,18651.5780841956
2098,53033003302,33.02,Census Tract 33.02,Whittier Heights,10.2,2012,0.049,-0.004,52,452,Medium,6749336.48599243,10550.8179265194
2099,53033005304,53.04,Census Tract 53.04,University District,7.2,2012,0,0,0,0,,786047.098052979,4083.12606626598
2100,53033004202,42.02,Census Tract 42.02,Ravenna/Bryant,7.3,2012,0.037,0,5,54,Medium,13141688.4516602,15651.6663663576
2101,53033007404,74.04,Census Tract 74.04,Capitol Hill,6.2,2012,0.056,0,61,1177,,1654579.82751465,5775.69998668964
2102,53033006701,67.01,Census Tract 67.01,Queen Anne,12.3,2012,0.055,-0.012,16,850,,3639833.1784668,12143.7792365382
2103,53033007800,78,Census Tract 78,Madrona/Leschi,5.1,2012,0.051,0,5,79,,22245158.163269,28746.3735215772
2104,53033007503,75.03,Census Tract 75.03,Capitol Hill,6.2,2012,0.066,-0.011,15,561,,2018614.36813354,6484.38948226953
2105,53033007201,72.01,Census Tract 72.01,Cascade/Eastlake,11.3,2012,0.049,-0.015,14,2110,Medium,1622558.90014648,5873.2165106452
2106,53033007203,72.03,Census Tract 72.03,Cascade/Eastlake,11.3,2012,0.078,-0.012,8,424,,6238804.94293213,12493.9648041578
2107,53033010301,103.01,Census Tract 103.01,Columbia City,4.2,2012,0.038,-0.02,4,52,Medium,10792262.4648438,16924.3685147596
2108,53033009900,99,Census Tract 99,North Delridge,2.1,2012,0.087,0.03,18,531,,70254374.707016,64633.6615792341
2109,53033009500,95,Census Tract 95,Mt. Baker/North Rainier,4.4,2012,0.157,0,12,140,,27424305.6749573,29618.2112966095
2110,53033009400,94,Census Tract 94,North Beacon Hill/Jefferson Park,3.6,2012,0.062,-0.004,51,501,,18150625.6758423,18874.5831831158
2111,53033011801,118.01,Census Tract 118.01,Rainier Beach,4.1,2012,0.054,0,12,258,,12671173.5070038,15849.8135377743
2112,53033011602,116.02,Census Tract 116.02,Fauntleroy/Seaview,1.2,2012,0.044,0,13,113,Medium,16924173.2272644,24704.0405747324
2113,53033011401,114.01,Census Tract 114.01,Roxhill/Westwood,2.4,2012,0.057,-0.001,6,565,,13273369.1432037,17478.0591593666
2114,53033010701,107.01,Census Tract 107.01,High Point,2.2,2012,0.056,-0.009,5,214,,15726285.722641,21302.3651802902
2115,53033010602,106.02,Census Tract 106.02,Fauntleroy/Seaview,1.2,2012,0.043,0,21,324,Medium,15462014.0646667,23774.9471378089
2116,53033000900,9,Census Tract 9,Cedar Park/Meadowbrook,8.3,2012,0,0,0,0,,10031158.8856812,20828.1661958069
2117,53033000402,4.02,Census Tract 4.02,Broadview/Bitter Lake,9.1,2012,0.04,-0.002,27,480,Medium,19362220.5229187,21397.1752981976
2118,53033000300,3,Census Tract 3,Haller Lake,9.5,2012,0.024,0,7,83,High,13033864.5966187,17298.0295354457
2119,53033003202,32.02,Census Tract 32.02,Sunset Hill/Loyal Heights,10.3,2012,0.043,-0.00600000000000001,34,345,Medium,10289818.4570313,12945.3948643709
2120,53033003000,30,Census Tract 30,Whittier Heights,10.2,2012,0.034,-0.006,23,175,Medium,16072222.0088196,16061.947620856
2121,53033001701,17.01,Census Tract 17.01,Greenwood/Phinney Ridge,9.3,2012,0.046,-0.005,30,571,Medium,9609026.08453369,17164.4547776423
2122,53033001600,16,Census Tract 16,North Beach/Blue Ridge,10.1,2012,0.042,-0.007,11,143,Medium,20575392.7101746,23147.6459804202
2123,53033002100,21,Census Tract 21,Wedgwood/View Ridge,7.4,2012,0.032,-0.005,16,188,Medium,14696796.7441101,16139.9218598102
2124,53033003900,39,Census Tract 39,Wedgwood/View Ridge,7.4,2012,0.019,0,8,108,High,10481334.9800415,13200.9092050947
2125,53033007102,71.02,Census Tract 71.02,Queen Anne,12.3,2012,0.077,-0.00600000000000001,22,927,,3615500.8977356,11499.9407456685
2126,53033006702,67.02,Census Tract 67.02,Queen Anne,12.3,2012,0.174,0.116,32,535,,3280147.99505615,8593.8649046644
2127,53033005401,54.01,Census Tract 54.01,Fremont,11.1,2012,0.037,-0.006,32,375,Medium,7892270.58761597,19740.10787087
2128,53033008004,80.04,Census Tract 80.04,Belltown,13.1,2012,0.049,-0.015,7,738,Medium,2908326.63348389,14944.9795882911
2129,53033008003,80.03,Census Tract 80.03,Belltown,13.1,2012,0.072,0.04,7,402,,2122043.71142578,8720.99942149515
2130,53033008402,84.02,Census Tract 84.02,Capitol Hill,6.2,2012,0.062,0.008,39,1269,,1565507.71533203,5220.86848686108
2131,53033007303,73.03,Census Tract 73.03,Cascade/Eastlake,11.3,2012,0.052,-0.002,3,386,,3374596.39306641,7984.8635220016
2132,53033010002,100.02,Census Tract 100.02,North Beacon Hill/Jefferson Park,3.6,2012,0.045,-0.005,19,419,Medium,10204645.644455,13732.7653894052
2133,53033011902,119.02,Census Tract 119.02,Rainier Beach,4.1,2012,0,0,0,0,,16290813.6344757,28897.5986341236
2134,53033011802,118.02,Census Tract 118.02,Rainier Beach,4.1,2012,0.06,0,3,67,,12323056.7394714,17201.5467858114
2135,53033004703,47.03,Census Tract 47.03,Ballard,10.4,2012,0.047,-0.008,53,739,Medium,13030918.1381531,18718.8593915212
2136,53033001000,10,Census Tract 10,Cedar Park/Meadowbrook,8.3,2012,0.139,0,5,122,,10270271.6852112,13147.0305998084
2137,53033000403,4.03,Census Tract 4.03,Broadview/Bitter Lake,9.1,2012,0.032,-0.012,11,409,Medium,7881185.92349243,14097.0266947453
2138,53033003201,32.01,Census Tract 32.01,Sunset Hill/Loyal Heights,10.3,2012,0.033,-0.005,26,612,Medium,11927788.6225891,32094.5033857248
2139,53033004600,46,Census Tract 46,Green Lake,9.4,2012,0.046,-0.016,7,65,Medium,27829368.7579956,25514.2239990877
2140,53033004702,47.02,Census Tract 47.02,Ballard,10.4,2012,0.055,-0.005,36,402,,2867507.734375,6956.44967487604
2141,53033002700,27,Census Tract 27,Green Lake,9.4,2012,0.046,-0.003,23,284,Medium,17058079.2767029,21942.8352783745
2142,53033001800,18,Census Tract 18,Licton Springs,9.2,2012,0.039,-0.007,59,608,Medium,10182882.2714539,13946.100028213
2143,53033005202,52.02,Census Tract 52.02,Wallingford,11.2,2012,0.032,-0.002,45,995,Medium,2865193.63619995,7845.30321659896
2144,53033005303,53.03,Census Tract 53.03,University District,7.2,2012,0,0,0,0,,24349784.4945679,33904.6213661119
2145,53033004402,44.02,Census Tract 44.02,University District,7.2,2012,0.049,-0.01,57,910,Medium,3175021.43328857,7487.97985687102
2146,53033004401,44.01,Census Tract 44.01,University District,7.2,2012,0.136,0,28,324,,7479571.76147461,12948.9751357778
2147,53033005307,53.07,Census Tract 53.07,University District,7.2,2012,0.064,0,18,345,,1399526.47988892,4758.85069026771
2148,53033004101,41.01,Census Tract 41.01,Laurelhurst/Sand Point,7.5,2012,0.014,0,3,71,High,16716852.6628113,24230.1579430562
2149,53033005402,54.02,Census Tract 54.02,Fremont,11.1,2012,0.048,0.01,40,545,Medium,4993141.86450195,10063.7978469566
2150,53033007700,77,Census Tract 77,Central Area/Squire Park,5.3,2012,0.041,0,20,315,Medium,11391208.2196655,15242.2097594939
2151,53033007502,75.02,Census Tract 75.02,Capitol Hill,6.2,2012,0.054,-0.001,56,967,,3400503.55529785,7403.62929266713
2152,53033007600,76,Census Tract 76,Miller Park,6.4,2012,0.05,-0.000999999999999994,46,682,Medium,6155389.38891602,9906.36833563623
2153,53033010200,102,Census Tract 102,Seward Park,4.3,2012,0.039,0,4,76,Medium,30129079.2078857,33439.4693972433
2154,53033010401,104.01,Census Tract 104.01,Beacon Hill,3.5,2012,0,0,0,0,,17543421.029068,17342.9302013933
2155,53033010402,104.02,Census Tract 104.02,Beacon Hill,3.5,2012,0.056,-0.014,5,71,,18759692.8948212,18925.0430066197
2156,53033010501,105.01,Census Tract 105.01,West Seattle Junction/Genesee Hill,1.3,2012,0.086,-0.059,14,537,,7986746.71530151,12490.0968039152
2157,53033010102,101.02,Census Tract 101.02,Columbia City,4.2,2012,0,0,0,0,,17314610.0391541,22274.170768035
2158,53033009802,98.02,Census Tract 98.02,West Seattle Junction/Genesee Hill,1.3,2012,0.08,0,18,200,,9927510.52307129,12982.7549339758
2159,53033009000,90,Census Tract 90,Judkins Park,5.2,2012,0.054,0,16,478,,9212173.19689941,14319.1029916181
2160,53033026400,264,Census Tract 264,South Park,3.1,2012,0,0,0,0,,461382.048629761,5763.40767367231
2161,53033001201,12.01,Census Tract 12.01,Northgate/Maple Leaf,8.1,2013,0.047,0.005,21,1209,Medium,10851861.641449,15899.7733430541
2162,53033000404,4.04,Census Tract 4.04,Broadview/Bitter Lake,9.1,2013,0.06,0.00199999999999999,8,515,,6791652.7237854,12962.5584131713
2163,53033004901,49.01,Census Tract 49.01,Fremont,11.1,2013,0.051,-0.003,108,991,,5350888.21542358,9379.65576684679
2164,53033003601,36.01,Census Tract 36.01,Green Lake,9.4,2013,0.049,0.005,37,648,Medium,7255879.06799316,11894.2888948854
2165,53033002800,28,Census Tract 28,Greenwood/Phinney Ridge,9.3,2013,0.037,-0.003,33,326,Medium,10637151.8217773,13201.311297987
2166,53033003100,31,Census Tract 31,Sunset Hill/Loyal Heights,10.3,2013,0.036,0,15,112,Medium,23137464.0452271,24704.5678017235
2167,53033006400,64,Census Tract 64,Miller Park,6.4,2013,0.029,-0.01,5,103,High,9726351.90356445,13186.7701844683
2168,53033004301,43.01,Census Tract 43.01,Ravenna/Bryant,7.3,2013,0.029,-0.014,8,69,High,10539780.5728455,17192.703749828
2169,53033002500,25,Census Tract 25,Ravenna/Bryant,7.3,2013,0.047,0,3,64,Medium,10594634.2979736,16442.9685869958
2170,53033002200,22,Census Tract 22,Wedgwood/View Ridge,7.4,2013,0.049,-0.122,6,164,Medium,30127208.0188904,28505.8067930163
2171,53033004000,40,Census Tract 40,Laurelhurst/Sand Point,7.5,2013,0.029,0,3,69,High,26374983.680542,27560.0138429836
2172,53033005804,58.04,Census Tract 58.04,Interbay,12.2,2013,0.142,0.093,36,819,,25124062.7388306,48668.2722430527
2173,53033006800,68,Census Tract 68,Queen Anne,12.3,2013,0.037,0,25,298,Medium,7729250.27154541,11275.3773479613
2174,53033008102,81.02,Census Tract 81.02,Downtown Commercial Core,13.2,2013,0.045,-0.024,6,381,Medium,5987812.08642578,14339.9950294181
2175,53033008101,81.01,Census Tract 81.01,Downtown Commercial Core,13.2,2013,0.029,-0.035,5,885,High,2992165.47857666,11427.1467556707
2176,53033007902,79.02,Census Tract 79.02,Central Area/Squire Park,5.3,2013,0.05,0.01,16,644,Medium,4641637.80010986,9715.12087740264
2177,53033007302,73.02,Census Tract 73.02,Cascade/Eastlake,11.3,2013,0.062,-0.001,5,988,,3368769.26522827,7802.42635391176
2178,53033007101,71.01,Census Tract 71.01,Queen Anne,12.3,2013,0.064,-0.051,21,993,,5328474.60678101,9004.94722654019
2179,53033009300,93,Census Tract 93,Duwamish/SODO,3.3,2013,0.236,0.176,12,432,,102171584.839813,53946.3734519274
2180,53033010502,105.02,Census Tract 105.02,West Seattle Junction/Genesee Hill,1.3,2013,0.07,-0.00399999999999999,23,746,,10504351.3417664,14546.1362419116
2181,53033010001,100.01,Census Tract 100.01,North Beacon Hill/Jefferson Park,3.6,2013,0.028,-0.012,17,248,High,25052474.6053925,25628.9245317132
2182,53033009801,98.01,Census Tract 98.01,West Seattle Junction/Genesee Hill,1.3,2013,0.043,-0.023,21,302,Medium,10814248.9397583,13291.5490832838
2183,53033008900,89,Census Tract 89,Madrona/Leschi,5.1,2013,0.033,0,16,239,Medium,13690717.169342,19328.7463975703
2184,53033026300,263,Census Tract 263,Rainier Beach,4.1,2013,0,0,0,0,,30724.63331604,954.048024444965
2185,53033012000,120,Census Tract 120,Arbor Heights,1.1,2013,0,0,0,0,,15560990.4431915,16787.974281693
2186,53033011101,111.01,Census Tract 111.01,Columbia City,4.2,2013,0.046,-0.027,14,521,Medium,12236718.0846863,15552.0743493747
2187,53033011001,110.01,Census Tract 110.01,South Beacon Hill/NewHolly,3.4,2013,0,0,0,0,,11629041.0737,16287.3553131872
2188,53033010800,108,Census Tract 108,Riverview,2.3,2013,0.034,0,3,59,Medium,44087445.2204437,39019.3474976913
2189,53033000800,8,Census Tract 8,Cedar Park/Meadowbrook,8.3,2013,0,0,0,0,,12290810.0239868,15312.0874645944
2190,53033003400,34,Census Tract 34,Greenwood/Phinney Ridge,9.3,2013,0.043,0,9,93,Medium,8472471.71472168,12629.322933575
2191,53033005306,53.06,Census Tract 53.06,University District,7.2,2013,0.047,-0.004,18,680,Medium,2157906.05789185,5954.87262312138
2192,53033004302,43.02,Census Tract 43.02,Ravenna/Bryant,7.3,2013,0.05,-0.000999999999999994,59,1023,Medium,3564115.6701355,7987.27441919544
2193,53033002400,24,Census Tract 24,Wedgwood/View Ridge,7.4,2013,0,0,0,0,,10359919.7832642,13151.7125244876
2194,53033004102,41.02,Census Tract 41.02,Laurelhurst/Sand Point,7.5,2013,0.037,-0.002,7,487,Medium,17933927.2689209,23350.8002922279
2195,53033005600,56,Census Tract 56,Magnolia,12.1,2013,0,0,0,0,,32045056.1363831,29943.5055294428
2196,53033006703,67.03,Census Tract 67.03,Queen Anne,12.3,2013,0.067,0,35,608,,6427171.88375854,10846.4930444777
2197,53033006100,61,Census Tract 61,Montlake/Portage Bay,7.1,2013,0.06,-0.00800000000000001,83,1162,,11959193.7410278,21477.2648301767
2198,53033005700,57,Census Tract 57,Magnolia,12.1,2013,0.051,-0.003,28,352,,53305584.4251709,44506.5655358236
2199,53033005901,59.01,Census Tract 59.01,Queen Anne,12.3,2013,0.051,0.01,29,389,,8449086.71850586,19075.2924234318
2200,53033008401,84.01,Census Tract 84.01,Capitol Hill,6.2,2013,0.051,-0.108,18,1009,,2700766.60922241,9275.81826751285
2201,53033008300,83,Census Tract 83,First Hill,6.1,2013,0.045,0.009,13,987,Medium,2561276.49777222,8632.13489440587
2202,53033007501,75.01,Census Tract 75.01,Capitol Hill,6.2,2013,0.04,-0.025,83,1688,Medium,3210519.93661499,7219.62364175991
2203,53033009702,97.02,Census Tract 97.02,West Seattle Junction/Genesee Hill,1.3,2013,0.038,0,7,105,Medium,23899907.4262695,28258.7625684306
2204,53033008800,88,Census Tract 88,Central Area/Squire Park,5.3,2013,0.042,-0.004,28,240,Medium,10210038.8581238,13202.5268569703
2205,53033008500,85,Census Tract 85,First Hill,6.1,2013,0.046,-0.005,18,884,Medium,4854121.3192749,9025.58161466663
2206,53033026500,265,Census Tract 265,Highland Park,2.5,2013,0,0,0,0,,4617675.48258972,11234.9647811896
2207,53033011601,116.01,Census Tract 116.01,Fauntleroy/Seaview,1.2,2013,0.025,-0.013,6,80,High,16710842.8944397,20011.9659924997
2208,53033011300,113,Census Tract 113,Highland Park,2.5,2013,0.052,-0.021,16,328,,37260682.9683075,27184.1613850878
2209,53033011500,115,Census Tract 115,Roxhill/Westwood,2.4,2013,0.088,-0.004,12,250,,16558652.7529297,19887.3089363241
2210,53033010601,106.01,Census Tract 106.01,Fauntleroy/Seaview,1.2,2013,0.029,-0.005,25,381,High,11724162.319458,14458.8370353337
2211,53033001202,12.02,Census Tract 12.02,Northgate/Maple Leaf,8.1,2013,0.041,-0.01,10,585,Medium,8841145.88363647,13324.9900925288
2212,53033000102,1.02,Census Tract 1.02,Cedar Park/Meadowbrook,8.3,2013,0.048,0.009,15,643,Medium,15446821.4830017,19552.3623304664
2213,53033004701,47.01,Census Tract 47.01,Ballard,10.4,2013,0.063,0.014,48,894,,6036028.32614136,13539.0476262898
2214,53033004500,45,Census Tract 45,Wallingford,11.2,2013,0.038,-0.056,3,53,Medium,7222109.8883667,11018.3020934985
2215,53033002900,29,Census Tract 29,Greenwood/Phinney Ridge,9.3,2013,0.044,-0.004,24,248,Medium,10614791.1058044,13366.3196709081
2216,53033004201,42.01,Census Tract 42.01,Ravenna/Bryant,7.3,2013,0.034,-0.005,10,178,Medium,13390664.2680969,18286.1439211159
2217,53033007403,74.03,Census Tract 74.03,Capitol Hill,6.2,2013,0.044,0.00199999999999999,50,1344,Medium,1276089.0690918,5227.49528678734
2218,53033007002,70.02,Census Tract 70.02,Queen Anne,12.3,2013,0.047,-0.004,73,1539,Medium,4746869.84552002,9490.79905735624
2219,53033005803,58.03,Census Tract 58.03,Interbay,12.2,2013,0.054,-0.011,31,372,,8956173.42456055,17129.1988103483
2220,53033005902,59.02,Census Tract 59.02,Queen Anne,12.3,2013,0.058,0,10,103,,11010649.894989,15184.2205727179
2221,53033004902,49.02,Census Tract 49.02,Fremont,11.1,2013,0.048,0,62,847,Medium,6448262.3397522,10801.7314915315
2222,53033005801,58.01,Census Tract 58.01,Interbay,12.2,2013,0.036,-0.009,42,1034,Medium,19618424.2433472,25500.0139546944
2223,53033007406,74.06,Census Tract 74.06,Capitol Hill,6.2,2013,0.041,-0.004,41,1078,Medium,1623443.82748413,6764.47724113477
2224,53033007405,74.05,Census Tract 74.05,Capitol Hill,6.2,2013,0.047,-0.002,47,1307,Medium,1418974.04168701,5012.79869002574
2225,53033009701,97.01,Census Tract 97.01,Alki/Admiral,1.4,2013,0.046,-0.005,35,395,Medium,19291172.1184692,29764.000341636
2226,53033009600,96,Census Tract 96,Alki/Admiral,1.4,2013,0.056,-0.005,33,443,,19741501.6534882,20745.4059998832
2227,53033008700,87,Census Tract 87,Central Area/Squire Park,5.3,2013,0.054,-0.011,38,479,,7883013.1696167,11432.3842123557
2228,53033011402,114.02,Census Tract 114.02,Roxhill/Westwood,2.4,2013,0.042,-0.005,23,405,Medium,12779277.8645477,17351.055007292
2229,53033011200,112,Census Tract 112,South Park,3.1,2013,0.063,-0.00600000000000001,15,175,,26463890.0310974,27002.3375751905
2230,53033010900,109,Census Tract 109,Georgetown,3.2,2013,0.036,-0.009,11,110,Medium,51677122.7107849,44978.7538438156
2231,53033011002,110.02,Census Tract 110.02,South Beacon Hill/NewHolly,3.4,2013,0,0,0,0,,18508908.4571838,22511.1267649617
2232,53033011102,111.02,Census Tract 111.02,Seward Park,4.3,2013,0.027,-0.002,22,450,High,13970026.6890106,20411.1700649139
2233,53033010702,107.02,Census Tract 107.02,High Point,2.2,2013,0,0,0,0,,8396926.79307556,14935.9302412484
2234,53033001100,11,Census Tract 11,Olympic Hills/Victory Heights,8.2,2013,0.043,-0.021,11,188,Medium,11416399.5888062,14159.1273465597
2235,53033000700,7,Census Tract 7,Olympic Hills/Victory Heights,8.2,2013,0.041,-0.004,53,803,Medium,13932242.3934631,16134.0299149422
2236,53033000202,2.02,Census Tract 2.02,Olympic Hills/Victory Heights,8.2,2013,0.049,-0.011,5,182,Medium,15930118.4908752,17285.8273694368
2237,53033000101,1.01,Census Tract 1.01,Cedar Park/Meadowbrook,8.3,2013,0.047,-0.006,34,1032,Medium,4465058.88146973,8662.07421505589
2238,53033003301,33.01,Census Tract 33.01,Whittier Heights,10.2,2013,0.072,0.032,58,624,,7202858.49346924,11177.1813262219
2239,53033003602,36.02,Census Tract 36.02,Green Lake,9.4,2013,0.064,-0.001,43,643,,5621886.08477783,11471.0943824279
2240,53033001900,19,Census Tract 19,Northgate/Maple Leaf,8.1,2013,0.035,-0.012,9,516,Medium,17945171.5240173,18948.4812689278
2241,53033001702,17.02,Census Tract 17.02,Greenwood/Phinney Ridge,9.3,2013,0,0,0,0,,13779275.7612915,17476.4075143324
2242,53033006500,65,Census Tract 65,North Capitol Hill,6.3,2013,0.043,-0.008,74,999,Medium,12352257.7561951,17921.5013322026
2243,53033006200,62,Census Tract 62,Montlake/Portage Bay,7.1,2013,0,0,0,0,,24610619.7424011,40010.5992573485
2244,53033005305,53.05,Census Tract 53.05,University District,7.2,2013,0.058,-0.003,45,1166,,2292236.61618042,6048.60922233999
2245,53033002600,26,Census Tract 26,Ravenna/Bryant,7.3,2013,0.037,-0.005,5,191,Medium,13398040.1758728,15933.937900155
2246,53033002000,20,Census Tract 20,Northgate/Maple Leaf,8.1,2013,0.029,-0.005,9,206,High,12183878.8231506,15509.5457092747
2247,53033006300,63,Census Tract 63,Madison Park,6.5,2013,0.026,0.002,20,578,High,27750333.3955383,36285.8489218384
2248,53033006600,66,Census Tract 66,Cascade/Eastlake,11.3,2013,0.067,-0.00699999999999999,81,1467,,11110296.8534851,21995.1062951424
2249,53033006900,69,Census Tract 69,Queen Anne,12.3,2013,0.058,-0.00199999999999999,34,468,,9742176.64987183,15666.5439544695
2250,53033006000,60,Census Tract 60,Queen Anne,12.3,2013,0.101,0.00800000000000001,57,765,,14158764.7126465,19123.0326298116
2251,53033005201,52.01,Census Tract 52.01,Wallingford,11.2,2013,0.05,-0.025,20,320,Medium,7536632.48083496,14175.9240617134
2252,53033005000,50,Census Tract 50,Wallingford,11.2,2013,0.047,-0.002,65,1026,Medium,8151942.29489136,11560.148011522
2253,53033008600,86,Census Tract 86,First Hill,6.1,2013,0.087,-0.022,47,1300,,7656616.62564087,11640.7206126296
2254,53033008002,80.02,Census Tract 80.02,Belltown,13.1,2013,0.065,-0.004,14,1131,,2522029.80825806,7998.38246587977
2255,53033007901,79.01,Census Tract 79.01,Central Area/Squire Park,5.3,2013,0.065,0.002,46,913,,2876299.50189209,7879.40433949822
2256,53033007202,72.02,Census Tract 72.02,Cascade/Eastlake,11.3,2013,0.148,0.075,12,1401,,3020075.66329956,7591.70188344636
2257,53033007301,73.01,Census Tract 73.01,Cascade/Eastlake,11.3,2013,0.074,0.017,11,1029,,2699344.10806274,7422.61069281975
2258,53033010302,103.02,Census Tract 103.02,Columbia City,4.2,2013,0.031,-0.039,18,383,Medium,6804418.75059509,11267.2532000827
2259,53033009100,91,Census Tract 91,Pioneer Square/International District,13.3,2013,0.125,-0.00700000000000001,14,912,,4419685.26577759,10608.3854115205
2260,53033009200,92,Census Tract 92,Pioneer Square/International District,13.3,2013,0.037,-0.003,10,321,Medium,3456088.55044556,12687.1211893969
2261,53033011700,117,Census Tract 117,South Beacon Hill/NewHolly,3.4,2013,0,0,0,0,,37826036.2597046,29439.6267373345
2262,53033000500,5,Census Tract 5,Broadview/Bitter Lake,9.1,2013,0,0,0,0,,30294741.0541992,27094.5667843899
2263,53033000601,6.01,Census Tract 6.01,Haller Lake,9.5,2013,0.025,-0.009,17,610,High,15404952.5828857,20078.9564759328
2264,53033003500,35,Census Tract 35,Greenwood/Phinney Ridge,9.3,2013,0.039,-0.003,21,259,Medium,13828061.6665344,16634.3489620973
2265,53033001500,15,Census Tract 15,North Beach/Blue Ridge,10.1,2013,0.051,0,4,59,,12300447.062561,13960.3795463703
2266,53033001400,14,Census Tract 14,North Beach/Blue Ridge,10.1,2013,0.044,-0.002,21,433,Medium,23073388.6559448,30536.3374485091
2267,53033001300,13,Census Tract 13,Licton Springs,9.2,2013,0.057,0,73,897,,12710036.9901733,14881.0870453396
2268,53033003800,38,Census Tract 38,Ravenna/Bryant,7.3,2013,0.409,-0.00600000000000001,6,159,,6722791.39416504,10392.5315540704
2269,53033007001,70.01,Census Tract 70.01,Queen Anne,12.3,2013,0.041,-0.005,50,1377,Medium,3856290.05014038,9530.30256857274
2270,53033004800,48,Census Tract 48,Fremont,11.1,2013,0.034,-0.012,26,265,Medium,13833886.8196411,18822.2365726525
2271,53033005100,51,Census Tract 51,Wallingford,11.2,2013,0.071,0.02,24,350,,9490350.15280151,13462.5915467426
2272,53033008200,82,Census Tract 82,First Hill,6.1,2013,0.045,0.006,12,1214,Medium,4044773.82589722,9102.1403414799
2273,53033010101,101.01,Census Tract 101.01,Columbia City,4.2,2013,0.023,-0.011,8,177,High,9381810.13056946,15311.6567050508
2274,53033012100,121,Census Tract 121,Arbor Heights,1.1,2013,0,0,0,0,,18538900.9337463,25983.6162383482
2275,53033011901,119.01,Census Tract 119.01,Rainier Beach,4.1,2013,0,0,0,0,,18097640.7372589,20485.6455423004
2276,53033000602,6.02,Census Tract 6.02,Haller Lake,9.5,2013,0.043,-0.013,9,396,Medium,25947507.8614197,23221.7047501309
2277,53033000201,2.01,Census Tract 2.01,Olympic Hills/Victory Heights,8.2,2013,0.045,0.01,12,836,Medium,19446176.3249207,18651.5780841956
2278,53033003302,33.02,Census Tract 33.02,Whittier Heights,10.2,2013,0.048,-0.001,53,458,Medium,6749336.48599243,10550.8179265194
2279,53033005304,53.04,Census Tract 53.04,University District,7.2,2013,0,0,0,0,,786047.098052979,4083.12606626598
2280,53033004202,42.02,Census Tract 42.02,Ravenna/Bryant,7.3,2013,0.037,0,5,54,Medium,13141688.4516602,15651.6663663576
2281,53033007404,74.04,Census Tract 74.04,Capitol Hill,6.2,2013,0.051,-0.005,62,1225,,1654579.82751465,5775.69998668964
2282,53033006701,67.01,Census Tract 67.01,Queen Anne,12.3,2013,0.052,-0.003,17,1134,,3639833.1784668,12143.7792365382
2283,53033007800,78,Census Tract 78,Madrona/Leschi,5.1,2013,0.051,0,5,79,,22245158.163269,28746.3735215772
2284,53033007503,75.03,Census Tract 75.03,Capitol Hill,6.2,2013,0.058,-0.008,16,619,,2018614.36813354,6484.38948226953
2285,53033007201,72.01,Census Tract 72.01,Cascade/Eastlake,11.3,2013,0.062,0.013,14,2110,,1622558.90014648,5873.2165106452
2286,53033007203,72.03,Census Tract 72.03,Cascade/Eastlake,11.3,2013,0.052,-0.026,8,424,,6238804.94293213,12493.9648041578
2287,53033010301,103.01,Census Tract 103.01,Columbia City,4.2,2013,0.038,0,4,52,Medium,10792262.4648438,16924.3685147596
2288,53033009900,99,Census Tract 99,North Delridge,2.1,2013,0.104,0.017,20,743,,70254374.707016,64633.6615792341
2289,53033009500,95,Census Tract 95,Mt. Baker/North Rainier,4.4,2013,0.15,-0.00700000000000001,12,140,,27424305.6749573,29618.2112966095
2290,53033009400,94,Census Tract 94,North Beacon Hill/Jefferson Park,3.6,2013,0.052,-0.01,51,501,,18150625.6758423,18874.5831831158
2291,53033011801,118.01,Census Tract 118.01,Rainier Beach,4.1,2013,0.047,-0.007,12,258,Medium,12671173.5070038,15849.8135377743
2292,53033011602,116.02,Census Tract 116.02,Fauntleroy/Seaview,1.2,2013,0.035,-0.00899999999999999,13,113,Medium,16924173.2272644,24704.0405747324
2293,53033011401,114.01,Census Tract 114.01,Roxhill/Westwood,2.4,2013,0.057,0,6,565,,13273369.1432037,17478.0591593666
2294,53033010701,107.01,Census Tract 107.01,High Point,2.2,2013,0.065,0.009,5,214,,15726285.722641,21302.3651802902
2295,53033010602,106.02,Census Tract 106.02,Fauntleroy/Seaview,1.2,2013,0.037,-0.006,21,324,Medium,15462014.0646667,23774.9471378089
2296,53033000900,9,Census Tract 9,Cedar Park/Meadowbrook,8.3,2013,0,0,0,0,,10031158.8856812,20828.1661958069
2297,53033000402,4.02,Census Tract 4.02,Broadview/Bitter Lake,9.1,2013,0.033,-0.007,27,480,Medium,19362220.5229187,21397.1752981976
2298,53033000300,3,Census Tract 3,Haller Lake,9.5,2013,0.024,0,7,83,High,13033864.5966187,17298.0295354457
2299,53033003202,32.02,Census Tract 32.02,Sunset Hill/Loyal Heights,10.3,2013,0.041,-0.00199999999999999,34,345,Medium,10289818.4570313,12945.3948643709
2300,53033003000,30,Census Tract 30,Whittier Heights,10.2,2013,0.04,0.006,24,226,Medium,16072222.0088196,16061.947620856
2301,53033001701,17.01,Census Tract 17.01,Greenwood/Phinney Ridge,9.3,2013,0.059,0.013,33,598,,9609026.08453369,17164.4547776423
2302,53033001600,16,Census Tract 16,North Beach/Blue Ridge,10.1,2013,0.042,0,11,143,Medium,20575392.7101746,23147.6459804202
2303,53033002100,21,Census Tract 21,Wedgwood/View Ridge,7.4,2013,0.032,0,16,188,Medium,14696796.7441101,16139.9218598102
2304,53033003900,39,Census Tract 39,Wedgwood/View Ridge,7.4,2013,0.019,0,8,108,High,10481334.9800415,13200.9092050947
2305,53033007102,71.02,Census Tract 71.02,Queen Anne,12.3,2013,0.078,0.001,23,972,,3615500.8977356,11499.9407456685
2306,53033006702,67.02,Census Tract 67.02,Queen Anne,12.3,2013,0.058,-0.116,32,535,,3280147.99505615,8593.8649046644
2307,53033005401,54.01,Census Tract 54.01,Fremont,11.1,2013,0.052,0.015,33,427,,7892270.58761597,19740.10787087
2308,53033008004,80.04,Census Tract 80.04,Belltown,13.1,2013,0.109,0.06,8,869,,2908326.63348389,14944.9795882911
2309,53033008003,80.03,Census Tract 80.03,Belltown,13.1,2013,0.133,0.061,8,525,,2122043.71142578,8720.99942149515
2310,53033008402,84.02,Census Tract 84.02,Capitol Hill,6.2,2013,0.056,-0.006,40,1403,,1565507.71533203,5220.86848686108
2311,53033007303,73.03,Census Tract 73.03,Cascade/Eastlake,11.3,2013,0.072,0.02,4,531,,3374596.39306641,7984.8635220016
2312,53033010002,100.02,Census Tract 100.02,North Beacon Hill/Jefferson Park,3.6,2013,0.043,-0.002,19,419,Medium,10204645.644455,13732.7653894052
2313,53033011902,119.02,Census Tract 119.02,Rainier Beach,4.1,2013,0,0,0,0,,16290813.6344757,28897.5986341236
2314,53033011802,118.02,Census Tract 118.02,Rainier Beach,4.1,2013,0.06,0,3,67,,12323056.7394714,17201.5467858114
2315,53033004703,47.03,Census Tract 47.03,Ballard,10.4,2013,0.04,-0.007,54,905,Medium,13030918.1381531,18718.8593915212
2316,53033001000,10,Census Tract 10,Cedar Park/Meadowbrook,8.3,2013,0.131,-0.00800000000000001,5,122,,10270271.6852112,13147.0305998084
2317,53033000403,4.03,Census Tract 4.03,Broadview/Bitter Lake,9.1,2013,0.027,-0.005,11,409,High,7881185.92349243,14097.0266947453
2318,53033003201,32.01,Census Tract 32.01,Sunset Hill/Loyal Heights,10.3,2013,0.047,0.014,26,612,Medium,11927788.6225891,32094.5033857248
2319,53033004600,46,Census Tract 46,Green Lake,9.4,2013,0.046,0,7,65,Medium,27829368.7579956,25514.2239990877
2320,53033004702,47.02,Census Tract 47.02,Ballard,10.4,2013,0.072,0.017,37,667,,2867507.734375,6956.44967487604
2321,53033002700,27,Census Tract 27,Green Lake,9.4,2013,0.042,-0.004,23,284,Medium,17058079.2767029,21942.8352783745
2322,53033001800,18,Census Tract 18,Licton Springs,9.2,2013,0.035,-0.004,59,608,Medium,10182882.2714539,13946.100028213
2323,53033005202,52.02,Census Tract 52.02,Wallingford,11.2,2013,0.032,0,45,995,Medium,2865193.63619995,7845.30321659896
2324,53033005303,53.03,Census Tract 53.03,University District,7.2,2013,0,0,0,0,,24349784.4945679,33904.6213661119
2325,53033004402,44.02,Census Tract 44.02,University District,7.2,2013,0.056,0.007,58,1008,,3175021.43328857,7487.97985687102
2326,53033004401,44.01,Census Tract 44.01,University District,7.2,2013,0.135,-0.001,27,318,,7479571.76147461,12948.9751357778
2327,53033005307,53.07,Census Tract 53.07,University District,7.2,2013,0.061,-0.003,18,345,,1399526.47988892,4758.85069026771
2328,53033004101,41.01,Census Tract 41.01,Laurelhurst/Sand Point,7.5,2013,0.014,0,3,71,High,16716852.6628113,24230.1579430562
2329,53033005402,54.02,Census Tract 54.02,Fremont,11.1,2013,0.039,-0.009,40,545,Medium,4993141.86450195,10063.7978469566
2330,53033007700,77,Census Tract 77,Central Area/Squire Park,5.3,2013,0.041,0,20,315,Medium,11391208.2196655,15242.2097594939
2331,53033007502,75.02,Census Tract 75.02,Capitol Hill,6.2,2013,0.081,0.027,58,1100,,3400503.55529785,7403.62929266713
2332,53033007600,76,Census Tract 76,Miller Park,6.4,2013,0.055,0.005,48,744,,6155389.38891602,9906.36833563623
2333,53033010200,102,Census Tract 102,Seward Park,4.3,2013,0.039,0,4,76,Medium,30129079.2078857,33439.4693972433
2334,53033010401,104.01,Census Tract 104.01,Beacon Hill,3.5,2013,0,0,0,0,,17543421.029068,17342.9302013933
2335,53033010402,104.02,Census Tract 104.02,Beacon Hill,3.5,2013,0.056,0,5,71,,18759692.8948212,18925.0430066197
2336,53033010501,105.01,Census Tract 105.01,West Seattle Junction/Genesee Hill,1.3,2013,0.058,-0.028,14,537,,7986746.71530151,12490.0968039152
2337,53033010102,101.02,Census Tract 101.02,Columbia City,4.2,2013,0,0,0,0,,17314610.0391541,22274.170768035
2338,53033009802,98.02,Census Tract 98.02,West Seattle Junction/Genesee Hill,1.3,2013,0.075,-0.005,18,200,,9927510.52307129,12982.7549339758
2339,53033009000,90,Census Tract 90,Judkins Park,5.2,2013,0.046,-0.008,16,478,Medium,9212173.19689941,14319.1029916181
2340,53033026400,264,Census Tract 264,South Park,3.1,2013,0,0,0,0,,461382.048629761,5763.40767367231
2341,53033001201,12.01,Census Tract 12.01,Northgate/Maple Leaf,8.1,2014,0.049,0.002,22,1217,Medium,10851861.641449,15899.7733430541
2342,53033000404,4.04,Census Tract 4.04,Broadview/Bitter Lake,9.1,2014,0.066,0.00600000000000001,8,515,,6791652.7237854,12962.5584131713
2343,53033004901,49.01,Census Tract 49.01,Fremont,11.1,2014,0.054,0.003,108,991,,5350888.21542358,9379.65576684679
2344,53033003601,36.01,Census Tract 36.01,Green Lake,9.4,2014,0.042,-0.007,37,648,Medium,7255879.06799316,11894.2888948854
2345,53033002800,28,Census Tract 28,Greenwood/Phinney Ridge,9.3,2014,0.037,0,33,326,Medium,10637151.8217773,13201.311297987
2346,53033003100,31,Census Tract 31,Sunset Hill/Loyal Heights,10.3,2014,0.036,0,15,112,Medium,23137464.0452271,24704.5678017235
2347,53033006400,64,Census Tract 64,Miller Park,6.4,2014,0.029,0,5,103,High,9726351.90356445,13186.7701844683
2348,53033004301,43.01,Census Tract 43.01,Ravenna/Bryant,7.3,2014,0.029,0,8,69,High,10539780.5728455,17192.703749828
2349,53033002500,25,Census Tract 25,Ravenna/Bryant,7.3,2014,0.031,-0.016,3,64,Medium,10594634.2979736,16442.9685869958
2350,53033002200,22,Census Tract 22,Wedgwood/View Ridge,7.4,2014,0.067,0.018,6,164,,30127208.0188904,28505.8067930163
2351,53033004000,40,Census Tract 40,Laurelhurst/Sand Point,7.5,2014,0.029,0,3,69,High,26374983.680542,27560.0138429836
2352,53033005804,58.04,Census Tract 58.04,Interbay,12.2,2014,0.044,-0.098,36,912,Medium,25124062.7388306,48668.2722430527
2353,53033006800,68,Census Tract 68,Queen Anne,12.3,2014,0.396,0.359,26,543,,7729250.27154541,11275.3773479613
2354,53033008102,81.02,Census Tract 81.02,Downtown Commercial Core,13.2,2014,0.068,0.023,6,381,,5987812.08642578,14339.9950294181
2355,53033008101,81.01,Census Tract 81.01,Downtown Commercial Core,13.2,2014,0.051,0.022,5,885,,2992165.47857666,11427.1467556707
2356,53033007902,79.02,Census Tract 79.02,Central Area/Squire Park,5.3,2014,0.043,-0.00700000000000001,16,644,Medium,4641637.80010986,9715.12087740264
2357,53033007302,73.02,Census Tract 73.02,Cascade/Eastlake,11.3,2014,0.039,-0.023,5,988,Medium,3368769.26522827,7802.42635391176
2358,53033007101,71.01,Census Tract 71.01,Queen Anne,12.3,2014,0.059,-0.005,22,1046,,5328474.60678101,9004.94722654019
2359,53033009300,93,Census Tract 93,Duwamish/SODO,3.3,2014,0.422,0.186,13,765,,102171584.839813,53946.3734519274
2360,53033010502,105.02,Census Tract 105.02,West Seattle Junction/Genesee Hill,1.3,2014,0.169,0.099,24,974,,10504351.3417664,14546.1362419116
2361,53033010001,100.01,Census Tract 100.01,North Beacon Hill/Jefferson Park,3.6,2014,0.028,0,17,248,High,25052474.6053925,25628.9245317132
2362,53033009801,98.01,Census Tract 98.01,West Seattle Junction/Genesee Hill,1.3,2014,0.036,-0.007,21,302,Medium,10814248.9397583,13291.5490832838
2363,53033008900,89,Census Tract 89,Madrona/Leschi,5.1,2014,0.033,0,16,239,Medium,13690717.169342,19328.7463975703
2364,53033026300,263,Census Tract 263,Rainier Beach,4.1,2014,0,0,0,0,,30724.63331604,954.048024444965
2365,53033012000,120,Census Tract 120,Arbor Heights,1.1,2014,0,0,0,0,,15560990.4431915,16787.974281693
2366,53033011101,111.01,Census Tract 111.01,Columbia City,4.2,2014,0.048,0.002,14,521,Medium,12236718.0846863,15552.0743493747
2367,53033011001,110.01,Census Tract 110.01,South Beacon Hill/NewHolly,3.4,2014,0,0,0,0,,11629041.0737,16287.3553131872
2368,53033010800,108,Census Tract 108,Riverview,2.3,2014,0.034,0,3,59,Medium,44087445.2204437,39019.3474976913
2369,53033000800,8,Census Tract 8,Cedar Park/Meadowbrook,8.3,2014,0,0,0,0,,12290810.0239868,15312.0874645944
2370,53033003400,34,Census Tract 34,Greenwood/Phinney Ridge,9.3,2014,0.043,0,9,93,Medium,8472471.71472168,12629.322933575
2371,53033005306,53.06,Census Tract 53.06,University District,7.2,2014,0.038,-0.009,18,680,Medium,2157906.05789185,5954.87262312138
2372,53033004302,43.02,Census Tract 43.02,Ravenna/Bryant,7.3,2014,0.036,-0.014,59,1023,Medium,3564115.6701355,7987.27441919544
2373,53033002400,24,Census Tract 24,Wedgwood/View Ridge,7.4,2014,0,0,0,0,,10359919.7832642,13151.7125244876
2374,53033004102,41.02,Census Tract 41.02,Laurelhurst/Sand Point,7.5,2014,0.021,-0.016,7,487,High,17933927.2689209,23350.8002922279
2375,53033005600,56,Census Tract 56,Magnolia,12.1,2014,0,0,0,0,,32045056.1363831,29943.5055294428
2376,53033006703,67.03,Census Tract 67.03,Queen Anne,12.3,2014,0.072,0.00499999999999999,35,608,,6427171.88375854,10846.4930444777
2377,53033006100,61,Census Tract 61,Montlake/Portage Bay,7.1,2014,0.063,0.003,83,1162,,11959193.7410278,21477.2648301767
2378,53033005700,57,Census Tract 57,Magnolia,12.1,2014,0.043,-0.008,28,352,Medium,53305584.4251709,44506.5655358236
2379,53033005901,59.01,Census Tract 59.01,Queen Anne,12.3,2014,0.039,-0.012,29,389,Medium,8449086.71850586,19075.2924234318
2380,53033008401,84.01,Census Tract 84.01,Capitol Hill,6.2,2014,0.039,-0.012,18,1009,Medium,2700766.60922241,9275.81826751285
2381,53033008300,83,Census Tract 83,First Hill,6.1,2014,0.044,-0.001,13,987,Medium,2561276.49777222,8632.13489440587
2382,53033007501,75.01,Census Tract 75.01,Capitol Hill,6.2,2014,0.058,0.018,87,1863,,3210519.93661499,7219.62364175991
2383,53033009702,97.02,Census Tract 97.02,West Seattle Junction/Genesee Hill,1.3,2014,0.038,0,7,105,Medium,23899907.4262695,28258.7625684306
2384,53033008800,88,Census Tract 88,Central Area/Squire Park,5.3,2014,0.042,0,28,240,Medium,10210038.8581238,13202.5268569703
2385,53033008500,85,Census Tract 85,First Hill,6.1,2014,0.048,0.002,18,884,Medium,4854121.3192749,9025.58161466663
2386,53033026500,265,Census Tract 265,Highland Park,2.5,2014,0,0,0,0,,4617675.48258972,11234.9647811896
2387,53033011601,116.01,Census Tract 116.01,Fauntleroy/Seaview,1.2,2014,0.025,0,6,80,High,16710842.8944397,20011.9659924997
2388,53033011300,113,Census Tract 113,Highland Park,2.5,2014,0.04,-0.012,16,328,Medium,37260682.9683075,27184.1613850878
2389,53033011500,115,Census Tract 115,Roxhill/Westwood,2.4,2014,0.088,0,12,250,,16558652.7529297,19887.3089363241
2390,53033010601,106.01,Census Tract 106.01,Fauntleroy/Seaview,1.2,2014,0.031,0.002,25,381,Medium,11724162.319458,14458.8370353337
2391,53033001202,12.02,Census Tract 12.02,Northgate/Maple Leaf,8.1,2014,0.176,0.135,11,850,,8841145.88363647,13324.9900925288
2392,53033000102,1.02,Census Tract 1.02,Cedar Park/Meadowbrook,8.3,2014,0.04,-0.008,15,643,Medium,15446821.4830017,19552.3623304664
2393,53033004701,47.01,Census Tract 47.01,Ballard,10.4,2014,0.044,-0.019,48,894,Medium,6036028.32614136,13539.0476262898
2394,53033004500,45,Census Tract 45,Wallingford,11.2,2014,0.038,0,3,53,Medium,7222109.8883667,11018.3020934985
2395,53033002900,29,Census Tract 29,Greenwood/Phinney Ridge,9.3,2014,0.066,0.022,25,286,,10614791.1058044,13366.3196709081
2396,53033004201,42.01,Census Tract 42.01,Ravenna/Bryant,7.3,2014,0.034,0,10,178,Medium,13390664.2680969,18286.1439211159
2397,53033007403,74.03,Census Tract 74.03,Capitol Hill,6.2,2014,0.078,0.034,51,1414,,1276089.0690918,5227.49528678734
2398,53033007002,70.02,Census Tract 70.02,Queen Anne,12.3,2014,0.044,-0.003,73,1539,Medium,4746869.84552002,9490.79905735624
2399,53033005803,58.03,Census Tract 58.03,Interbay,12.2,2014,0.055,0.001,32,382,,8956173.42456055,17129.1988103483
2400,53033005902,59.02,Census Tract 59.02,Queen Anne,12.3,2014,0.029,-0.029,10,103,High,11010649.894989,15184.2205727179
2401,53033004902,49.02,Census Tract 49.02,Fremont,11.1,2014,0.051,0.003,62,847,,6448262.3397522,10801.7314915315
2402,53033005801,58.01,Census Tract 58.01,Interbay,12.2,2014,0.027,-0.009,42,1034,High,19618424.2433472,25500.0139546944
2403,53033007406,74.06,Census Tract 74.06,Capitol Hill,6.2,2014,0.055,0.014,42,1154,,1623443.82748413,6764.47724113477
2404,53033007405,74.05,Census Tract 74.05,Capitol Hill,6.2,2014,0.05,0.003,48,1345,Medium,1418974.04168701,5012.79869002574
2405,53033009701,97.01,Census Tract 97.01,Alki/Admiral,1.4,2014,0.043,-0.003,35,395,Medium,19291172.1184692,29764.000341636
2406,53033009600,96,Census Tract 96,Alki/Admiral,1.4,2014,0.052,-0.004,33,443,,19741501.6534882,20745.4059998832
2407,53033008700,87,Census Tract 87,Central Area/Squire Park,5.3,2014,0.05,-0.004,38,479,Medium,7883013.1696167,11432.3842123557
2408,53033011402,114.02,Census Tract 114.02,Roxhill/Westwood,2.4,2014,0.042,0,23,405,Medium,12779277.8645477,17351.055007292
2409,53033011200,112,Census Tract 112,South Park,3.1,2014,0.063,0,15,175,,26463890.0310974,27002.3375751905
2410,53033010900,109,Census Tract 109,Georgetown,3.2,2014,0.036,0,11,110,Medium,51677122.7107849,44978.7538438156
2411,53033011002,110.02,Census Tract 110.02,South Beacon Hill/NewHolly,3.4,2014,0,0,0,0,,18508908.4571838,22511.1267649617
2412,53033011102,111.02,Census Tract 111.02,Seward Park,4.3,2014,0.027,0,22,450,High,13970026.6890106,20411.1700649139
2413,53033010702,107.02,Census Tract 107.02,High Point,2.2,2014,0,0,0,0,,8396926.79307556,14935.9302412484
2414,53033001100,11,Census Tract 11,Olympic Hills/Victory Heights,8.2,2014,0.048,0.005,11,188,Medium,11416399.5888062,14159.1273465597
2415,53033000700,7,Census Tract 7,Olympic Hills/Victory Heights,8.2,2014,0.039,-0.002,53,803,Medium,13932242.3934631,16134.0299149422
2416,53033000202,2.02,Census Tract 2.02,Olympic Hills/Victory Heights,8.2,2014,0.038,-0.011,5,182,Medium,15930118.4908752,17285.8273694368
2417,53033000101,1.01,Census Tract 1.01,Cedar Park/Meadowbrook,8.3,2014,0.048,0.001,35,1361,Medium,4465058.88146973,8662.07421505589
2418,53033003301,33.01,Census Tract 33.01,Whittier Heights,10.2,2014,0.066,-0.00599999999999999,58,624,,7202858.49346924,11177.1813262219
2419,53033003602,36.02,Census Tract 36.02,Green Lake,9.4,2014,0.311,0.247,44,940,,5621886.08477783,11471.0943824279
2420,53033001900,19,Census Tract 19,Northgate/Maple Leaf,8.1,2014,0.023,-0.012,9,516,High,17945171.5240173,18948.4812689278
2421,53033001702,17.02,Census Tract 17.02,Greenwood/Phinney Ridge,9.3,2014,0,0,0,0,,13779275.7612915,17476.4075143324
2422,53033006500,65,Census Tract 65,North Capitol Hill,6.3,2014,0.053,0.01,76,1108,,12352257.7561951,17921.5013322026
2423,53033006200,62,Census Tract 62,Montlake/Portage Bay,7.1,2014,0,0,0,0,,24610619.7424011,40010.5992573485
2424,53033005305,53.05,Census Tract 53.05,University District,7.2,2014,0.058,0,45,1166,,2292236.61618042,6048.60922233999
2425,53033002600,26,Census Tract 26,Ravenna/Bryant,7.3,2014,0.042,0.005,5,191,Medium,13398040.1758728,15933.937900155
2426,53033002000,20,Census Tract 20,Northgate/Maple Leaf,8.1,2014,0.024,-0.005,9,206,High,12183878.8231506,15509.5457092747
2427,53033006300,63,Census Tract 63,Madison Park,6.5,2014,0.029,0.003,20,578,High,27750333.3955383,36285.8489218384
2428,53033006600,66,Census Tract 66,Cascade/Eastlake,11.3,2014,0.066,-0.001,81,1467,,11110296.8534851,21995.1062951424
2429,53033006900,69,Census Tract 69,Queen Anne,12.3,2014,0.053,-0.005,34,468,,9742176.64987183,15666.5439544695
2430,53033006000,60,Census Tract 60,Queen Anne,12.3,2014,0.152,0.051,57,765,,14158764.7126465,19123.0326298116
2431,53033005201,52.01,Census Tract 52.01,Wallingford,11.2,2014,0.131,0.081,21,482,,7536632.48083496,14175.9240617134
2432,53033005000,50,Census Tract 50,Wallingford,11.2,2014,0.047,0,65,1026,Medium,8151942.29489136,11560.148011522
2433,53033008600,86,Census Tract 86,First Hill,6.1,2014,0.062,-0.025,47,1300,,7656616.62564087,11640.7206126296
2434,53033008002,80.02,Census Tract 80.02,Belltown,13.1,2014,0.182,0.117,16,1519,,2522029.80825806,7998.38246587977
2435,53033007901,79.01,Census Tract 79.01,Central Area/Squire Park,5.3,2014,0.049,-0.016,46,913,Medium,2876299.50189209,7879.40433949822
2436,53033007202,72.02,Census Tract 72.02,Cascade/Eastlake,11.3,2014,0.061,-0.087,12,1401,,3020075.66329956,7591.70188344636
2437,53033007301,73.01,Census Tract 73.01,Cascade/Eastlake,11.3,2014,0.077,0.003,13,1453,,2699344.10806274,7422.61069281975
2438,53033010302,103.02,Census Tract 103.02,Columbia City,4.2,2014,0.05,0.019,18,383,Medium,6804418.75059509,11267.2532000827
2439,53033009100,91,Census Tract 91,Pioneer Square/International District,13.3,2014,0.125,0,14,912,,4419685.26577759,10608.3854115205
2440,53033009200,92,Census Tract 92,Pioneer Square/International District,13.3,2014,0.037,0,10,321,Medium,3456088.55044556,12687.1211893969
2441,53033011700,117,Census Tract 117,South Beacon Hill/NewHolly,3.4,2014,0,0,0,0,,37826036.2597046,29439.6267373345
2442,53033000500,5,Census Tract 5,Broadview/Bitter Lake,9.1,2014,0,0,0,0,,30294741.0541992,27094.5667843899
2443,53033000601,6.01,Census Tract 6.01,Haller Lake,9.5,2014,0.021,-0.004,17,610,High,15404952.5828857,20078.9564759328
2444,53033003500,35,Census Tract 35,Greenwood/Phinney Ridge,9.3,2014,0.042,0.003,21,259,Medium,13828061.6665344,16634.3489620973
2445,53033001500,15,Census Tract 15,North Beach/Blue Ridge,10.1,2014,0.051,0,4,59,,12300447.062561,13960.3795463703
2446,53033001400,14,Census Tract 14,North Beach/Blue Ridge,10.1,2014,0.042,-0.00199999999999999,21,433,Medium,23073388.6559448,30536.3374485091
2447,53033001300,13,Census Tract 13,Licton Springs,9.2,2014,0.038,-0.019,73,897,Medium,12710036.9901733,14881.0870453396
2448,53033003800,38,Census Tract 38,Ravenna/Bryant,7.3,2014,0.409,0,6,159,,6722791.39416504,10392.5315540704
2449,53033007001,70.01,Census Tract 70.01,Queen Anne,12.3,2014,0.038,-0.003,50,1377,Medium,3856290.05014038,9530.30256857274
2450,53033004800,48,Census Tract 48,Fremont,11.1,2014,0.049,0.015,26,265,Medium,13833886.8196411,18822.2365726525
2451,53033005100,51,Census Tract 51,Wallingford,11.2,2014,0.049,-0.022,24,350,Medium,9490350.15280151,13462.5915467426
2452,53033008200,82,Census Tract 82,First Hill,6.1,2014,0.193,0.148,13,1600,,4044773.82589722,9102.1403414799
2453,53033010101,101.01,Census Tract 101.01,Columbia City,4.2,2014,0.023,0,8,177,High,9381810.13056946,15311.6567050508
2454,53033012100,121,Census Tract 121,Arbor Heights,1.1,2014,0,0,0,0,,18538900.9337463,25983.6162383482
2455,53033011901,119.01,Census Tract 119.01,Rainier Beach,4.1,2014,0,0,0,0,,18097640.7372589,20485.6455423004
2456,53033000602,6.02,Census Tract 6.02,Haller Lake,9.5,2014,0.056,0.013,9,396,,25947507.8614197,23221.7047501309
2457,53033000201,2.01,Census Tract 2.01,Olympic Hills/Victory Heights,8.2,2014,0.038,-0.007,12,836,Medium,19446176.3249207,18651.5780841956
2458,53033003302,33.02,Census Tract 33.02,Whittier Heights,10.2,2014,0.048,0,53,458,Medium,6749336.48599243,10550.8179265194
2459,53033005304,53.04,Census Tract 53.04,University District,7.2,2014,0,0,0,0,,786047.098052979,4083.12606626598
2460,53033004202,42.02,Census Tract 42.02,Ravenna/Bryant,7.3,2014,0.037,0,5,54,Medium,13141688.4516602,15651.6663663576
2461,53033007404,74.04,Census Tract 74.04,Capitol Hill,6.2,2014,0.05,-0.000999999999999994,62,1225,Medium,1654579.82751465,5775.69998668964
2462,53033006701,67.01,Census Tract 67.01,Queen Anne,12.3,2014,0.064,0.012,17,1134,,3639833.1784668,12143.7792365382
2463,53033007800,78,Census Tract 78,Madrona/Leschi,5.1,2014,0.038,-0.013,5,79,Medium,22245158.163269,28746.3735215772
2464,53033007503,75.03,Census Tract 75.03,Capitol Hill,6.2,2014,0.151,0.093,19,994,,2018614.36813354,6484.38948226953
2465,53033007201,72.01,Census Tract 72.01,Cascade/Eastlake,11.3,2014,0.084,0.022,15,2271,,1622558.90014648,5873.2165106452
2466,53033007203,72.03,Census Tract 72.03,Cascade/Eastlake,11.3,2014,0.17,0.118,10,788,,6238804.94293213,12493.9648041578
2467,53033010301,103.01,Census Tract 103.01,Columbia City,4.2,2014,0.038,0,4,52,Medium,10792262.4648438,16924.3685147596
2468,53033009900,99,Census Tract 99,North Delridge,2.1,2014,0.111,0.00700000000000001,22,923,,70254374.707016,64633.6615792341
2469,53033009500,95,Census Tract 95,Mt. Baker/North Rainier,4.4,2014,0.143,-0.00700000000000001,12,140,,27424305.6749573,29618.2112966095
2470,53033009400,94,Census Tract 94,North Beacon Hill/Jefferson Park,3.6,2014,0.065,0.013,52,600,,18150625.6758423,18874.5831831158
2471,53033011801,118.01,Census Tract 118.01,Rainier Beach,4.1,2014,0.047,0,12,258,Medium,12671173.5070038,15849.8135377743
2472,53033011602,116.02,Census Tract 116.02,Fauntleroy/Seaview,1.2,2014,0.035,0,13,113,Medium,16924173.2272644,24704.0405747324
2473,53033011401,114.01,Census Tract 114.01,Roxhill/Westwood,2.4,2014,0.028,-0.029,6,565,High,13273369.1432037,17478.0591593666
2474,53033010701,107.01,Census Tract 107.01,High Point,2.2,2014,0.051,-0.014,5,214,,15726285.722641,21302.3651802902
2475,53033010602,106.02,Census Tract 106.02,Fauntleroy/Seaview,1.2,2014,0.04,0.003,21,324,Medium,15462014.0646667,23774.9471378089
2476,53033000900,9,Census Tract 9,Cedar Park/Meadowbrook,8.3,2014,0,0,0,0,,10031158.8856812,20828.1661958069
2477,53033000402,4.02,Census Tract 4.02,Broadview/Bitter Lake,9.1,2014,0.035,0.002,27,480,Medium,19362220.5229187,21397.1752981976
2478,53033000300,3,Census Tract 3,Haller Lake,9.5,2014,0.024,0,7,83,High,13033864.5966187,17298.0295354457
2479,53033003202,32.02,Census Tract 32.02,Sunset Hill/Loyal Heights,10.3,2014,0.043,0.00199999999999999,34,345,Medium,10289818.4570313,12945.3948643709
2480,53033003000,30,Census Tract 30,Whittier Heights,10.2,2014,0.048,0.008,25,251,Medium,16072222.0088196,16061.947620856
2481,53033001701,17.01,Census Tract 17.01,Greenwood/Phinney Ridge,9.3,2014,0.116,0.057,35,709,,9609026.08453369,17164.4547776423
2482,53033001600,16,Census Tract 16,North Beach/Blue Ridge,10.1,2014,0.042,0,11,143,Medium,20575392.7101746,23147.6459804202
2483,53033002100,21,Census Tract 21,Wedgwood/View Ridge,7.4,2014,0.027,-0.005,16,188,High,14696796.7441101,16139.9218598102
2484,53033003900,39,Census Tract 39,Wedgwood/View Ridge,7.4,2014,0.019,0,8,108,High,10481334.9800415,13200.9092050947
2485,53033007102,71.02,Census Tract 71.02,Queen Anne,12.3,2014,0.13,0.052,26,1214,,3615500.8977356,11499.9407456685
2486,53033006702,67.02,Census Tract 67.02,Queen Anne,12.3,2014,0.164,0.106,33,821,,3280147.99505615,8593.8649046644
2487,53033005401,54.01,Census Tract 54.01,Fremont,11.1,2014,0.216,0.164,35,801,,7892270.58761597,19740.10787087
2488,53033008004,80.04,Census Tract 80.04,Belltown,13.1,2014,0.053,-0.056,8,869,,2908326.63348389,14944.9795882911
2489,53033008003,80.03,Census Tract 80.03,Belltown,13.1,2014,0.261,0.128,10,872,,2122043.71142578,8720.99942149515
2490,53033008402,84.02,Census Tract 84.02,Capitol Hill,6.2,2014,0.071,0.015,40,1403,,1565507.71533203,5220.86848686108
2491,53033007303,73.03,Census Tract 73.03,Cascade/Eastlake,11.3,2014,0.051,-0.021,4,531,,3374596.39306641,7984.8635220016
2492,53033010002,100.02,Census Tract 100.02,North Beacon Hill/Jefferson Park,3.6,2014,0.088,0.045,20,465,,10204645.644455,13732.7653894052
2493,53033011902,119.02,Census Tract 119.02,Rainier Beach,4.1,2014,0,0,0,0,,16290813.6344757,28897.5986341236
2494,53033011802,118.02,Census Tract 118.02,Rainier Beach,4.1,2014,0.06,0,3,67,,12323056.7394714,17201.5467858114
2495,53033004703,47.03,Census Tract 47.03,Ballard,10.4,2014,0.055,0.015,54,905,,13030918.1381531,18718.8593915212
2496,53033001000,10,Census Tract 10,Cedar Park/Meadowbrook,8.3,2014,0.123,-0.00800000000000001,5,122,,10270271.6852112,13147.0305998084
2497,53033000403,4.03,Census Tract 4.03,Broadview/Bitter Lake,9.1,2014,0.037,0.01,11,409,Medium,7881185.92349243,14097.0266947453
2498,53033003201,32.01,Census Tract 32.01,Sunset Hill/Loyal Heights,10.3,2014,0.28,0.233,28,1027,,11927788.6225891,32094.5033857248
2499,53033004600,46,Census Tract 46,Green Lake,9.4,2014,0.046,0,7,65,Medium,27829368.7579956,25514.2239990877
2500,53033004702,47.02,Census Tract 47.02,Ballard,10.4,2014,0.075,0.003,38,956,,2867507.734375,6956.44967487604
2501,53033002700,27,Census Tract 27,Green Lake,9.4,2014,0.042,0,23,284,Medium,17058079.2767029,21942.8352783745
2502,53033001800,18,Census Tract 18,Licton Springs,9.2,2014,0.036,0.000999999999999994,60,616,Medium,10182882.2714539,13946.100028213
2503,53033005202,52.02,Census Tract 52.02,Wallingford,11.2,2014,0.091,0.059,47,1130,,2865193.63619995,7845.30321659896
2504,53033005303,53.03,Census Tract 53.03,University District,7.2,2014,0,0,0,0,,24349784.4945679,33904.6213661119
2505,53033004402,44.02,Census Tract 44.02,University District,7.2,2014,0.05,-0.006,59,1058,Medium,3175021.43328857,7487.97985687102
2506,53033004401,44.01,Census Tract 44.01,University District,7.2,2014,0.149,0.014,28,430,,7479571.76147461,12948.9751357778
2507,53033005307,53.07,Census Tract 53.07,University District,7.2,2014,0.061,0,18,345,,1399526.47988892,4758.85069026771
2508,53033004101,41.01,Census Tract 41.01,Laurelhurst/Sand Point,7.5,2014,0.014,0,3,71,High,16716852.6628113,24230.1579430562
2509,53033005402,54.02,Census Tract 54.02,Fremont,11.1,2014,0.04,0.001,40,545,Medium,4993141.86450195,10063.7978469566
2510,53033007700,77,Census Tract 77,Central Area/Squire Park,5.3,2014,0.068,0.027,22,383,,11391208.2196655,15242.2097594939
2511,53033007502,75.02,Census Tract 75.02,Capitol Hill,6.2,2014,0.061,-0.02,61,1238,,3400503.55529785,7403.62929266713
2512,53033007600,76,Census Tract 76,Miller Park,6.4,2014,0.043,-0.012,48,744,Medium,6155389.38891602,9906.36833563623
2513,53033010200,102,Census Tract 102,Seward Park,4.3,2014,0.026,-0.013,4,76,High,30129079.2078857,33439.4693972433
2514,53033010401,104.01,Census Tract 104.01,Beacon Hill,3.5,2014,0,0,0,0,,17543421.029068,17342.9302013933
2515,53033010402,104.02,Census Tract 104.02,Beacon Hill,3.5,2014,0.056,0,5,71,,18759692.8948212,18925.0430066197
2516,53033010501,105.01,Census Tract 105.01,West Seattle Junction/Genesee Hill,1.3,2014,0.054,-0.004,14,537,,7986746.71530151,12490.0968039152
2517,53033010102,101.02,Census Tract 101.02,Columbia City,4.2,2014,0,0,0,0,,17314610.0391541,22274.170768035
2518,53033009802,98.02,Census Tract 98.02,West Seattle Junction/Genesee Hill,1.3,2014,0.07,-0.00499999999999999,18,200,,9927510.52307129,12982.7549339758
2519,53033009000,90,Census Tract 90,Judkins Park,5.2,2014,0.046,0,16,478,Medium,9212173.19689941,14319.1029916181
2520,53033026400,264,Census Tract 264,South Park,3.1,2014,0,0,0,0,,461382.048629761,5763.40767367231
2521,53033001201,12.01,Census Tract 12.01,Northgate/Maple Leaf,8.1,2015,0.035,-0.014,22,1217,Medium,10851861.641449,15899.7733430541
2522,53033000404,4.04,Census Tract 4.04,Broadview/Bitter Lake,9.1,2015,0.039,-0.027,8,515,Medium,6791652.7237854,12962.5584131713
2523,53033004901,49.01,Census Tract 49.01,Fremont,11.1,2015,0.066,0.012,108,991,,5350888.21542358,9379.65576684679
2524,53033003601,36.01,Census Tract 36.01,Green Lake,9.4,2015,0.054,0.012,37,648,,7255879.06799316,11894.2888948854
2525,53033002800,28,Census Tract 28,Greenwood/Phinney Ridge,9.3,2015,0.043,0.006,33,326,Medium,10637151.8217773,13201.311297987
2526,53033003100,31,Census Tract 31,Sunset Hill/Loyal Heights,10.3,2015,0.063,0.027,15,112,,23137464.0452271,24704.5678017235
2527,53033006400,64,Census Tract 64,Miller Park,6.4,2015,0.049,0.02,5,103,Medium,9726351.90356445,13186.7701844683
2528,53033004301,43.01,Census Tract 43.01,Ravenna/Bryant,7.3,2015,0.029,0,8,69,High,10539780.5728455,17192.703749828
2529,53033002500,25,Census Tract 25,Ravenna/Bryant,7.3,2015,0.016,-0.015,3,64,High,10594634.2979736,16442.9685869958
2530,53033002200,22,Census Tract 22,Wedgwood/View Ridge,7.4,2015,0.049,-0.018,6,164,Medium,30127208.0188904,28505.8067930163
2531,53033004000,40,Census Tract 40,Laurelhurst/Sand Point,7.5,2015,0.029,0,3,69,High,26374983.680542,27560.0138429836
2532,53033005804,58.04,Census Tract 58.04,Interbay,12.2,2015,0.032,-0.012,36,912,Medium,25124062.7388306,48668.2722430527
2533,53033006800,68,Census Tract 68,Queen Anne,12.3,2015,0.024,-0.372,26,543,High,7729250.27154541,11275.3773479613
2534,53033008102,81.02,Census Tract 81.02,Downtown Commercial Core,13.2,2015,0.068,0,6,381,,5987812.08642578,14339.9950294181
2535,53033008101,81.01,Census Tract 81.01,Downtown Commercial Core,13.2,2015,0.077,0.026,5,885,,2992165.47857666,11427.1467556707
2536,53033007902,79.02,Census Tract 79.02,Central Area/Squire Park,5.3,2015,0.082,0.039,17,680,,4641637.80010986,9715.12087740264
2537,53033007302,73.02,Census Tract 73.02,Cascade/Eastlake,11.3,2015,0.218,0.179,4,1245,,3368769.26522827,7802.42635391176
2538,53033007101,71.01,Census Tract 71.01,Queen Anne,12.3,2015,0.048,-0.011,23,1257,Medium,5328474.60678101,9004.94722654019
2539,53033009300,93,Census Tract 93,Duwamish/SODO,3.3,2015,0.15,-0.272,13,765,,102171584.839813,53946.3734519274
2540,53033010502,105.02,Census Tract 105.02,West Seattle Junction/Genesee Hill,1.3,2015,0.118,-0.051,26,1268,,10504351.3417664,14546.1362419116
2541,53033010001,100.01,Census Tract 100.01,North Beacon Hill/Jefferson Park,3.6,2015,0.024,-0.004,17,248,High,25052474.6053925,25628.9245317132
2542,53033009801,98.01,Census Tract 98.01,West Seattle Junction/Genesee Hill,1.3,2015,0.033,-0.003,21,302,Medium,10814248.9397583,13291.5490832838
2543,53033008900,89,Census Tract 89,Madrona/Leschi,5.1,2015,0.05,0.017,16,239,Medium,13690717.169342,19328.7463975703
2544,53033026300,263,Census Tract 263,Rainier Beach,4.1,2015,0,0,0,0,,30724.63331604,954.048024444965
2545,53033012000,120,Census Tract 120,Arbor Heights,1.1,2015,0,0,0,0,,15560990.4431915,16787.974281693
2546,53033011101,111.01,Census Tract 111.01,Columbia City,4.2,2015,0.025,-0.023,13,510,High,12236718.0846863,15552.0743493747
2547,53033011001,110.01,Census Tract 110.01,South Beacon Hill/NewHolly,3.4,2015,0,0,0,0,,11629041.0737,16287.3553131872
2548,53033010800,108,Census Tract 108,Riverview,2.3,2015,0.034,0,3,59,Medium,44087445.2204437,39019.3474976913
2549,53033000800,8,Census Tract 8,Cedar Park/Meadowbrook,8.3,2015,0,0,0,0,,12290810.0239868,15312.0874645944
2550,53033003400,34,Census Tract 34,Greenwood/Phinney Ridge,9.3,2015,0.065,0.022,9,93,,8472471.71472168,12629.322933575
2551,53033005306,53.06,Census Tract 53.06,University District,7.2,2015,0.056,0.018,19,720,,2157906.05789185,5954.87262312138
2552,53033004302,43.02,Census Tract 43.02,Ravenna/Bryant,7.3,2015,0.042,0.00600000000000001,60,1044,Medium,3564115.6701355,7987.27441919544
2553,53033002400,24,Census Tract 24,Wedgwood/View Ridge,7.4,2015,0,0,0,0,,10359919.7832642,13151.7125244876
2554,53033004102,41.02,Census Tract 41.02,Laurelhurst/Sand Point,7.5,2015,0.033,0.012,7,487,Medium,17933927.2689209,23350.8002922279
2555,53033005600,56,Census Tract 56,Magnolia,12.1,2015,0,0,0,0,,32045056.1363831,29943.5055294428
2556,53033006703,67.03,Census Tract 67.03,Queen Anne,12.3,2015,0.051,-0.021,35,608,,6427171.88375854,10846.4930444777
2557,53033006100,61,Census Tract 61,Montlake/Portage Bay,7.1,2015,0.094,0.031,84,1274,,11959193.7410278,21477.2648301767
2558,53033005700,57,Census Tract 57,Magnolia,12.1,2015,0.04,-0.003,28,352,Medium,53305584.4251709,44506.5655358236
2559,53033005901,59.01,Census Tract 59.01,Queen Anne,12.3,2015,0.046,0.007,29,389,Medium,8449086.71850586,19075.2924234318
2560,53033008401,84.01,Census Tract 84.01,Capitol Hill,6.2,2015,0.194,0.155,20,1342,,2700766.60922241,9275.81826751285
2561,53033008300,83,Census Tract 83,First Hill,6.1,2015,0.16,0.116,13,987,,2561276.49777222,8632.13489440587
2562,53033007501,75.01,Census Tract 75.01,Capitol Hill,6.2,2015,0.04,-0.018,87,1863,Medium,3210519.93661499,7219.62364175991
2563,53033009702,97.02,Census Tract 97.02,West Seattle Junction/Genesee Hill,1.3,2015,0.029,-0.009,7,105,High,23899907.4262695,28258.7625684306
2564,53033008800,88,Census Tract 88,Central Area/Squire Park,5.3,2015,0.042,0,28,240,Medium,10210038.8581238,13202.5268569703
2565,53033008500,85,Census Tract 85,First Hill,6.1,2015,0.04,-0.008,18,884,Medium,4854121.3192749,9025.58161466663
2566,53033026500,265,Census Tract 265,Highland Park,2.5,2015,0,0,0,0,,4617675.48258972,11234.9647811896
2567,53033011601,116.01,Census Tract 116.01,Fauntleroy/Seaview,1.2,2015,0.025,0,6,80,High,16710842.8944397,20011.9659924997
2568,53033011300,113,Census Tract 113,Highland Park,2.5,2015,0.052,0.012,16,328,,37260682.9683075,27184.1613850878
2569,53033011500,115,Census Tract 115,Roxhill/Westwood,2.4,2015,0.08,-0.00799999999999999,12,250,,16558652.7529297,19887.3089363241
2570,53033010601,106.01,Census Tract 106.01,Fauntleroy/Seaview,1.2,2015,0.034,0.003,25,381,Medium,11724162.319458,14458.8370353337
2571,53033001202,12.02,Census Tract 12.02,Northgate/Maple Leaf,8.1,2015,0.054,-0.122,11,850,,8841145.88363647,13324.9900925288
2572,53033000102,1.02,Census Tract 1.02,Cedar Park/Meadowbrook,8.3,2015,0.037,-0.003,15,643,Medium,15446821.4830017,19552.3623304664
2573,53033004701,47.01,Census Tract 47.01,Ballard,10.4,2015,0.09,0.046,51,1250,,6036028.32614136,13539.0476262898
2574,53033004500,45,Census Tract 45,Wallingford,11.2,2015,0.057,0.019,3,53,,7222109.8883667,11018.3020934985
2575,53033002900,29,Census Tract 29,Greenwood/Phinney Ridge,9.3,2015,0.049,-0.017,25,286,Medium,10614791.1058044,13366.3196709081
2576,53033004201,42.01,Census Tract 42.01,Ravenna/Bryant,7.3,2015,0.034,0,10,178,Medium,13390664.2680969,18286.1439211159
2577,53033007403,74.03,Census Tract 74.03,Capitol Hill,6.2,2015,0.086,0.00799999999999999,52,1507,,1276089.0690918,5227.49528678734
2578,53033007002,70.02,Census Tract 70.02,Queen Anne,12.3,2015,0.042,-0.00199999999999999,74,1555,Medium,4746869.84552002,9490.79905735624
2579,53033005803,58.03,Census Tract 58.03,Interbay,12.2,2015,0.039,-0.016,32,382,Medium,8956173.42456055,17129.1988103483
2580,53033005902,59.02,Census Tract 59.02,Queen Anne,12.3,2015,0.029,0,10,103,High,11010649.894989,15184.2205727179
2581,53033004902,49.02,Census Tract 49.02,Fremont,11.1,2015,0.057,0.00600000000000001,61,828,,6448262.3397522,10801.7314915315
2582,53033005801,58.01,Census Tract 58.01,Interbay,12.2,2015,0.033,0.006,42,1034,Medium,19618424.2433472,25500.0139546944
2583,53033007406,74.06,Census Tract 74.06,Capitol Hill,6.2,2015,0.037,-0.018,42,1192,Medium,1623443.82748413,6764.47724113477
2584,53033007405,74.05,Census Tract 74.05,Capitol Hill,6.2,2015,0.047,-0.003,49,1369,Medium,1418974.04168701,5012.79869002574
2585,53033009701,97.01,Census Tract 97.01,Alki/Admiral,1.4,2015,0.043,0,35,395,Medium,19291172.1184692,29764.000341636
2586,53033009600,96,Census Tract 96,Alki/Admiral,1.4,2015,0.05,-0.00199999999999999,33,443,Medium,19741501.6534882,20745.4059998832
2587,53033008700,87,Census Tract 87,Central Area/Squire Park,5.3,2015,0.064,0.014,39,499,,7883013.1696167,11432.3842123557
2588,53033011402,114.02,Census Tract 114.02,Roxhill/Westwood,2.4,2015,0.037,-0.005,23,405,Medium,12779277.8645477,17351.055007292
2589,53033011200,112,Census Tract 112,South Park,3.1,2015,0.063,0,15,175,,26463890.0310974,27002.3375751905
2590,53033010900,109,Census Tract 109,Georgetown,3.2,2015,0.027,-0.009,11,110,High,51677122.7107849,44978.7538438156
2591,53033011002,110.02,Census Tract 110.02,South Beacon Hill/NewHolly,3.4,2015,0,0,0,0,,18508908.4571838,22511.1267649617
2592,53033011102,111.02,Census Tract 111.02,Seward Park,4.3,2015,0.024,-0.003,22,450,High,13970026.6890106,20411.1700649139
2593,53033010702,107.02,Census Tract 107.02,High Point,2.2,2015,0,0,0,0,,8396926.79307556,14935.9302412484
2594,53033001100,11,Census Tract 11,Olympic Hills/Victory Heights,8.2,2015,0.032,-0.016,11,188,Medium,11416399.5888062,14159.1273465597
2595,53033000700,7,Census Tract 7,Olympic Hills/Victory Heights,8.2,2015,0.034,-0.005,54,827,Medium,13932242.3934631,16134.0299149422
2596,53033000202,2.02,Census Tract 2.02,Olympic Hills/Victory Heights,8.2,2015,0.033,-0.005,5,182,Medium,15930118.4908752,17285.8273694368
2597,53033000101,1.01,Census Tract 1.01,Cedar Park/Meadowbrook,8.3,2015,0.051,0.003,35,1361,,4465058.88146973,8662.07421505589
2598,53033003301,33.01,Census Tract 33.01,Whittier Heights,10.2,2015,0.061,-0.005,58,624,,7202858.49346924,11177.1813262219
2599,53033003602,36.02,Census Tract 36.02,Green Lake,9.4,2015,0.16,-0.151,45,1136,,5621886.08477783,11471.0943824279
2600,53033001900,19,Census Tract 19,Northgate/Maple Leaf,8.1,2015,0.027,0.004,9,516,High,17945171.5240173,18948.4812689278
2601,53033001702,17.02,Census Tract 17.02,Greenwood/Phinney Ridge,9.3,2015,0,0,0,0,,13779275.7612915,17476.4075143324
2602,53033006500,65,Census Tract 65,North Capitol Hill,6.3,2015,0.042,-0.011,77,1139,Medium,12352257.7561951,17921.5013322026
2603,53033006200,62,Census Tract 62,Montlake/Portage Bay,7.1,2015,0,0,0,0,,24610619.7424011,40010.5992573485
2604,53033005305,53.05,Census Tract 53.05,University District,7.2,2015,0.056,-0.002,45,1166,,2292236.61618042,6048.60922233999
2605,53033002600,26,Census Tract 26,Ravenna/Bryant,7.3,2015,0.031,-0.011,5,191,Medium,13398040.1758728,15933.937900155
2606,53033002000,20,Census Tract 20,Northgate/Maple Leaf,8.1,2015,0.024,0,9,206,High,12183878.8231506,15509.5457092747
2607,53033006300,63,Census Tract 63,Madison Park,6.5,2015,0.029,0,20,578,High,27750333.3955383,36285.8489218384
2608,53033006600,66,Census Tract 66,Cascade/Eastlake,11.3,2015,0.072,0.00599999999999999,81,1467,,11110296.8534851,21995.1062951424
2609,53033006900,69,Census Tract 69,Queen Anne,12.3,2015,0.047,-0.006,34,468,Medium,9742176.64987183,15666.5439544695
2610,53033006000,60,Census Tract 60,Queen Anne,12.3,2015,0.064,-0.088,57,765,,14158764.7126465,19123.0326298116
2611,53033005201,52.01,Census Tract 52.01,Wallingford,11.2,2015,0.091,-0.04,22,506,,7536632.48083496,14175.9240617134
2612,53033005000,50,Census Tract 50,Wallingford,11.2,2015,0.174,0.127,66,1176,,8151942.29489136,11560.148011522
2613,53033008600,86,Census Tract 86,First Hill,6.1,2015,0.065,0.003,47,1415,,7656616.62564087,11640.7206126296
2614,53033008002,80.02,Census Tract 80.02,Belltown,13.1,2015,0.063,-0.119,15,1450,,2522029.80825806,7998.38246587977
2615,53033007901,79.01,Census Tract 79.01,Central Area/Squire Park,5.3,2015,0.049,0,46,913,Medium,2876299.50189209,7879.40433949822
2616,53033007202,72.02,Census Tract 72.02,Cascade/Eastlake,11.3,2015,0.059,-0.002,12,1401,,3020075.66329956,7591.70188344636
2617,53033007301,73.01,Census Tract 73.01,Cascade/Eastlake,11.3,2015,0.046,-0.031,13,1453,Medium,2699344.10806274,7422.61069281975
2618,53033010302,103.02,Census Tract 103.02,Columbia City,4.2,2015,0.179,0.129,19,576,,6804418.75059509,11267.2532000827
2619,53033009100,91,Census Tract 91,Pioneer Square/International District,13.3,2015,0.122,-0.003,14,912,,4419685.26577759,10608.3854115205
2620,53033009200,92,Census Tract 92,Pioneer Square/International District,13.3,2015,0.047,0.01,10,321,Medium,3456088.55044556,12687.1211893969
2621,53033011700,117,Census Tract 117,South Beacon Hill/NewHolly,3.4,2015,0,0,0,0,,37826036.2597046,29439.6267373345
2622,53033000500,5,Census Tract 5,Broadview/Bitter Lake,9.1,2015,0,0,0,0,,30294741.0541992,27094.5667843899
2623,53033000601,6.01,Census Tract 6.01,Haller Lake,9.5,2015,0.02,-0.001,17,610,High,15404952.5828857,20078.9564759328
2624,53033003500,35,Census Tract 35,Greenwood/Phinney Ridge,9.3,2015,0.058,0.016,21,259,,13828061.6665344,16634.3489620973
2625,53033001500,15,Census Tract 15,North Beach/Blue Ridge,10.1,2015,0.068,0.017,4,59,,12300447.062561,13960.3795463703
2626,53033001400,14,Census Tract 14,North Beach/Blue Ridge,10.1,2015,0.048,0.006,21,433,Medium,23073388.6559448,30536.3374485091
2627,53033001300,13,Census Tract 13,Licton Springs,9.2,2015,0.038,0,73,897,Medium,12710036.9901733,14881.0870453396
2628,53033003800,38,Census Tract 38,Ravenna/Bryant,7.3,2015,0.396,-0.013,6,159,,6722791.39416504,10392.5315540704
2629,53033007001,70.01,Census Tract 70.01,Queen Anne,12.3,2015,0.032,-0.006,50,1377,Medium,3856290.05014038,9530.30256857274
2630,53033004800,48,Census Tract 48,Fremont,11.1,2015,0.082,0.033,27,329,,13833886.8196411,18822.2365726525
2631,53033005100,51,Census Tract 51,Wallingford,11.2,2015,0.057,0.008,24,350,,9490350.15280151,13462.5915467426
2632,53033008200,82,Census Tract 82,First Hill,6.1,2015,0.123,-0.07,15,2009,,4044773.82589722,9102.1403414799
2633,53033010101,101.01,Census Tract 101.01,Columbia City,4.2,2015,0.017,-0.006,8,177,High,9381810.13056946,15311.6567050508
2634,53033012100,121,Census Tract 121,Arbor Heights,1.1,2015,0,0,0,0,,18538900.9337463,25983.6162383482
2635,53033011901,119.01,Census Tract 119.01,Rainier Beach,4.1,2015,0,0,0,0,,18097640.7372589,20485.6455423004
2636,53033000602,6.02,Census Tract 6.02,Haller Lake,9.5,2015,0.068,0.012,9,396,,25947507.8614197,23221.7047501309
2637,53033000201,2.01,Census Tract 2.01,Olympic Hills/Victory Heights,8.2,2015,0.023,-0.015,12,836,High,19446176.3249207,18651.5780841956
2638,53033003302,33.02,Census Tract 33.02,Whittier Heights,10.2,2015,0.05,0.002,53,458,Medium,6749336.48599243,10550.8179265194
2639,53033005304,53.04,Census Tract 53.04,University District,7.2,2015,0,0,0,0,,786047.098052979,4083.12606626598
2640,53033004202,42.02,Census Tract 42.02,Ravenna/Bryant,7.3,2015,0.037,0,5,54,Medium,13141688.4516602,15651.6663663576
2641,53033007404,74.04,Census Tract 74.04,Capitol Hill,6.2,2015,0.051,0.000999999999999994,63,1273,,1654579.82751465,5775.69998668964
2642,53033006701,67.01,Census Tract 67.01,Queen Anne,12.3,2015,0.085,0.021,17,1134,,3639833.1784668,12143.7792365382
2643,53033007800,78,Census Tract 78,Madrona/Leschi,5.1,2015,0.051,0.013,5,79,,22245158.163269,28746.3735215772
2644,53033007503,75.03,Census Tract 75.03,Capitol Hill,6.2,2015,0.167,0.016,21,1330,,2018614.36813354,6484.38948226953
2645,53033007201,72.01,Census Tract 72.01,Cascade/Eastlake,11.3,2015,0.045,-0.039,15,2271,Medium,1622558.90014648,5873.2165106452
2646,53033007203,72.03,Census Tract 72.03,Cascade/Eastlake,11.3,2015,0.081,-0.089,10,788,,6238804.94293213,12493.9648041578
2647,53033010301,103.01,Census Tract 103.01,Columbia City,4.2,2015,0.019,-0.019,4,52,High,10792262.4648438,16924.3685147596
2648,53033009900,99,Census Tract 99,North Delridge,2.1,2015,0.057,-0.054,22,923,,70254374.707016,64633.6615792341
2649,53033009500,95,Census Tract 95,Mt. Baker/North Rainier,4.4,2015,0.184,0.041,13,158,,27424305.6749573,29618.2112966095
2650,53033009400,94,Census Tract 94,North Beacon Hill/Jefferson Park,3.6,2015,0.042,-0.023,52,643,Medium,18150625.6758423,18874.5831831158
2651,53033011801,118.01,Census Tract 118.01,Rainier Beach,4.1,2015,0.016,-0.031,12,258,High,12671173.5070038,15849.8135377743
2652,53033011602,116.02,Census Tract 116.02,Fauntleroy/Seaview,1.2,2015,0.035,0,13,113,Medium,16924173.2272644,24704.0405747324
2653,53033011401,114.01,Census Tract 114.01,Roxhill/Westwood,2.4,2015,0.034,0.006,6,565,Medium,13273369.1432037,17478.0591593666
2654,53033010701,107.01,Census Tract 107.01,High Point,2.2,2015,0.061,0.01,5,214,,15726285.722641,21302.3651802902
2655,53033010602,106.02,Census Tract 106.02,Fauntleroy/Seaview,1.2,2015,0.072,0.032,23,374,,15462014.0646667,23774.9471378089
2656,53033000900,9,Census Tract 9,Cedar Park/Meadowbrook,8.3,2015,0,0,0,0,,10031158.8856812,20828.1661958069
2657,53033000402,4.02,Census Tract 4.02,Broadview/Bitter Lake,9.1,2015,0.033,-0.002,27,480,Medium,19362220.5229187,21397.1752981976
2658,53033000300,3,Census Tract 3,Haller Lake,9.5,2015,0.012,-0.012,7,83,High,13033864.5966187,17298.0295354457
2659,53033003202,32.02,Census Tract 32.02,Sunset Hill/Loyal Heights,10.3,2015,0.083,0.04,35,387,,10289818.4570313,12945.3948643709
2660,53033003000,30,Census Tract 30,Whittier Heights,10.2,2015,0.056,0.008,25,251,,16072222.0088196,16061.947620856
2661,53033001701,17.01,Census Tract 17.01,Greenwood/Phinney Ridge,9.3,2015,0.068,-0.048,35,709,,9609026.08453369,17164.4547776423
2662,53033001600,16,Census Tract 16,North Beach/Blue Ridge,10.1,2015,0.056,0.014,11,143,,20575392.7101746,23147.6459804202
2663,53033002100,21,Census Tract 21,Wedgwood/View Ridge,7.4,2015,0.139,0.112,17,483,,14696796.7441101,16139.9218598102
2664,53033003900,39,Census Tract 39,Wedgwood/View Ridge,7.4,2015,0.019,0,8,108,High,10481334.9800415,13200.9092050947
2665,53033007102,71.02,Census Tract 71.02,Queen Anne,12.3,2015,0.079,-0.051,27,1247,,3615500.8977356,11499.9407456685
2666,53033006702,67.02,Census Tract 67.02,Queen Anne,12.3,2015,0.045,-0.119,33,821,Medium,3280147.99505615,8593.8649046644
2667,53033005401,54.01,Census Tract 54.01,Fremont,11.1,2015,0.086,-0.13,35,801,,7892270.58761597,19740.10787087
2668,53033008004,80.04,Census Tract 80.04,Belltown,13.1,2015,0.09,0.037,9,1005,,2908326.63348389,14944.9795882911
2669,53033008003,80.03,Census Tract 80.03,Belltown,13.1,2015,0.056,-0.205,10,872,,2122043.71142578,8720.99942149515
2670,53033008402,84.02,Census Tract 84.02,Capitol Hill,6.2,2015,0.076,0.005,39,1629,,1565507.71533203,5220.86848686108
2671,53033007303,73.03,Census Tract 73.03,Cascade/Eastlake,11.3,2015,0.309,0.258,4,797,,3374596.39306641,7984.8635220016
2672,53033010002,100.02,Census Tract 100.02,North Beacon Hill/Jefferson Park,3.6,2015,0.039,-0.049,20,465,Medium,10204645.644455,13732.7653894052
2673,53033011902,119.02,Census Tract 119.02,Rainier Beach,4.1,2015,0,0,0,0,,16290813.6344757,28897.5986341236
2674,53033011802,118.02,Census Tract 118.02,Rainier Beach,4.1,2015,0.06,0,3,67,,12323056.7394714,17201.5467858114
2675,53033004703,47.03,Census Tract 47.03,Ballard,10.4,2015,0.122,0.067,55,962,,13030918.1381531,18718.8593915212
2676,53033001000,10,Census Tract 10,Cedar Park/Meadowbrook,8.3,2015,0.066,-0.057,5,122,,10270271.6852112,13147.0305998084
2677,53033000403,4.03,Census Tract 4.03,Broadview/Bitter Lake,9.1,2015,0.084,0.047,12,454,,7881185.92349243,14097.0266947453
2678,53033003201,32.01,Census Tract 32.01,Sunset Hill/Loyal Heights,10.3,2015,0.056,-0.224,29,1069,,11927788.6225891,32094.5033857248
2679,53033004600,46,Census Tract 46,Green Lake,9.4,2015,0.046,0,7,65,Medium,27829368.7579956,25514.2239990877
2680,53033004702,47.02,Census Tract 47.02,Ballard,10.4,2015,0.062,-0.013,40,1024,,2867507.734375,6956.44967487604
2681,53033002700,27,Census Tract 27,Green Lake,9.4,2015,0.049,0.007,23,284,Medium,17058079.2767029,21942.8352783745
2682,53033001800,18,Census Tract 18,Licton Springs,9.2,2015,0.038,0.002,61,624,Medium,10182882.2714539,13946.100028213
2683,53033005202,52.02,Census Tract 52.02,Wallingford,11.2,2015,0.083,-0.00799999999999999,50,1306,,2865193.63619995,7845.30321659896
2684,53033005303,53.03,Census Tract 53.03,University District,7.2,2015,0,0,0,0,,24349784.4945679,33904.6213661119
2685,53033004402,44.02,Census Tract 44.02,University District,7.2,2015,0.048,-0.002,60,1070,Medium,3175021.43328857,7487.97985687102
2686,53033004401,44.01,Census Tract 44.01,University District,7.2,2015,0.119,-0.03,29,481,,7479571.76147461,12948.9751357778
2687,53033005307,53.07,Census Tract 53.07,University District,7.2,2015,0.064,0.003,18,345,,1399526.47988892,4758.85069026771
2688,53033004101,41.01,Census Tract 41.01,Laurelhurst/Sand Point,7.5,2015,0,-0.014,3,71,High,16716852.6628113,24230.1579430562
2689,53033005402,54.02,Census Tract 54.02,Fremont,11.1,2015,0.351,0.311,41,823,,4993141.86450195,10063.7978469566
2690,53033007700,77,Census Tract 77,Central Area/Squire Park,5.3,2015,0.037,-0.031,22,383,Medium,11391208.2196655,15242.2097594939
2691,53033007502,75.02,Census Tract 75.02,Capitol Hill,6.2,2015,0.06,-0.001,62,1286,,3400503.55529785,7403.62929266713
2692,53033007600,76,Census Tract 76,Miller Park,6.4,2015,0.045,0.002,49,783,Medium,6155389.38891602,9906.36833563623
2693,53033010200,102,Census Tract 102,Seward Park,4.3,2015,0.013,-0.013,4,76,High,30129079.2078857,33439.4693972433
2694,53033010401,104.01,Census Tract 104.01,Beacon Hill,3.5,2015,0,0,0,0,,17543421.029068,17342.9302013933
2695,53033010402,104.02,Census Tract 104.02,Beacon Hill,3.5,2015,0.014,-0.042,5,71,High,18759692.8948212,18925.0430066197
2696,53033010501,105.01,Census Tract 105.01,West Seattle Junction/Genesee Hill,1.3,2015,0.163,0.109,16,904,,7986746.71530151,12490.0968039152
2697,53033010102,101.02,Census Tract 101.02,Columbia City,4.2,2015,0,0,0,0,,17314610.0391541,22274.170768035
2698,53033009802,98.02,Census Tract 98.02,West Seattle Junction/Genesee Hill,1.3,2015,0.07,0,18,200,,9927510.52307129,12982.7549339758
2699,53033009000,90,Census Tract 90,Judkins Park,5.2,2015,0.036,-0.01,16,478,Medium,9212173.19689941,14319.1029916181
2700,53033026400,264,Census Tract 264,South Park,3.1,2015,0,0,0,0,,461382.048629761,5763.40767367231
2701,53033001201,12.01,Census Tract 12.01,Northgate/Maple Leaf,8.1,2016,0.035,0,22,1217,Medium,10851861.641449,15899.7733430541
2702,53033000404,4.04,Census Tract 4.04,Broadview/Bitter Lake,9.1,2016,0.035,-0.004,7,509,Medium,6791652.7237854,12962.5584131713
2703,53033004901,49.01,Census Tract 49.01,Fremont,11.1,2016,0.063,-0.003,108,991,,5350888.21542358,9379.65576684679
2704,53033003601,36.01,Census Tract 36.01,Green Lake,9.4,2016,0.052,-0.002,37,648,,7255879.06799316,11894.2888948854
2705,53033002800,28,Census Tract 28,Greenwood/Phinney Ridge,9.3,2016,0.043,0,33,326,Medium,10637151.8217773,13201.311297987
2706,53033003100,31,Census Tract 31,Sunset Hill/Loyal Heights,10.3,2016,0.063,0,15,112,,23137464.0452271,24704.5678017235
2707,53033006400,64,Census Tract 64,Miller Park,6.4,2016,0.049,0,5,103,Medium,9726351.90356445,13186.7701844683
2708,53033004301,43.01,Census Tract 43.01,Ravenna/Bryant,7.3,2016,0.029,0,8,69,High,10539780.5728455,17192.703749828
2709,53033002500,25,Census Tract 25,Ravenna/Bryant,7.3,2016,0.063,0.047,3,64,,10594634.2979736,16442.9685869958
2710,53033002200,22,Census Tract 22,Wedgwood/View Ridge,7.4,2016,0.03,-0.019,6,164,High,30127208.0188904,28505.8067930163
2711,53033004000,40,Census Tract 40,Laurelhurst/Sand Point,7.5,2016,0.029,0,3,69,High,26374983.680542,27560.0138429836
2712,53033005804,58.04,Census Tract 58.04,Interbay,12.2,2016,0.039,0.007,36,912,Medium,25124062.7388306,48668.2722430527
2713,53033006800,68,Census Tract 68,Queen Anne,12.3,2016,0.044,0.02,26,543,Medium,7729250.27154541,11275.3773479613
2714,53033008102,81.02,Census Tract 81.02,Downtown Commercial Core,13.2,2016,0.06,-0.00800000000000001,6,381,,5987812.08642578,14339.9950294181
2715,53033008101,81.01,Census Tract 81.01,Downtown Commercial Core,13.2,2016,0.019,-0.058,5,885,High,2992165.47857666,11427.1467556707
2716,53033007902,79.02,Census Tract 79.02,Central Area/Squire Park,5.3,2016,0.094,0.012,20,911,,4641637.80010986,9715.12087740264
2717,53033007302,73.02,Census Tract 73.02,Cascade/Eastlake,11.3,2016,0.064,-0.154,4,1245,,3368769.26522827,7802.42635391176
2718,53033007101,71.01,Census Tract 71.01,Queen Anne,12.3,2016,0.063,0.015,25,1310,,5328474.60678101,9004.94722654019
2719,53033009300,93,Census Tract 93,Duwamish/SODO,3.3,2016,0.056,-0.094,13,765,,102171584.839813,53946.3734519274
2720,53033010502,105.02,Census Tract 105.02,West Seattle Junction/Genesee Hill,1.3,2016,0.073,-0.045,27,1306,,10504351.3417664,14546.1362419116
2721,53033010001,100.01,Census Tract 100.01,North Beacon Hill/Jefferson Park,3.6,2016,0.02,-0.004,17,248,High,25052474.6053925,25628.9245317132
2722,53033009801,98.01,Census Tract 98.01,West Seattle Junction/Genesee Hill,1.3,2016,0.169,0.136,22,438,,10814248.9397583,13291.5490832838
2723,53033008900,89,Census Tract 89,Madrona/Leschi,5.1,2016,0.054,0.004,16,239,,13690717.169342,19328.7463975703
2724,53033026300,263,Census Tract 263,Rainier Beach,4.1,2016,0,0,0,0,,30724.63331604,954.048024444965
2725,53033012000,120,Census Tract 120,Arbor Heights,1.1,2016,0,0,0,0,,15560990.4431915,16787.974281693
2726,53033011101,111.01,Census Tract 111.01,Columbia City,4.2,2016,0.027,0.002,13,510,High,12236718.0846863,15552.0743493747
2727,53033011001,110.01,Census Tract 110.01,South Beacon Hill/NewHolly,3.4,2016,0,0,0,0,,11629041.0737,16287.3553131872
2728,53033010800,108,Census Tract 108,Riverview,2.3,2016,0.034,0,3,59,Medium,44087445.2204437,39019.3474976913
2729,53033000800,8,Census Tract 8,Cedar Park/Meadowbrook,8.3,2016,0,0,0,0,,12290810.0239868,15312.0874645944
2730,53033003400,34,Census Tract 34,Greenwood/Phinney Ridge,9.3,2016,0.054,-0.011,9,93,,8472471.71472168,12629.322933575
2731,53033005306,53.06,Census Tract 53.06,University District,7.2,2016,0.053,-0.003,19,720,,2157906.05789185,5954.87262312138
2732,53033004302,43.02,Census Tract 43.02,Ravenna/Bryant,7.3,2016,0.041,-0.001,61,1064,Medium,3564115.6701355,7987.27441919544
2733,53033002400,24,Census Tract 24,Wedgwood/View Ridge,7.4,2016,0,0,0,0,,10359919.7832642,13151.7125244876
2734,53033004102,41.02,Census Tract 41.02,Laurelhurst/Sand Point,7.5,2016,0.018,-0.015,7,487,High,17933927.2689209,23350.8002922279
2735,53033005600,56,Census Tract 56,Magnolia,12.1,2016,0,0,0,0,,32045056.1363831,29943.5055294428
2736,53033006703,67.03,Census Tract 67.03,Queen Anne,12.3,2016,0.043,-0.008,35,608,Medium,6427171.88375854,10846.4930444777
2737,53033006100,61,Census Tract 61,Montlake/Portage Bay,7.1,2016,0.108,0.014,86,1385,,11959193.7410278,21477.2648301767
2738,53033005700,57,Census Tract 57,Magnolia,12.1,2016,0.043,0.003,28,352,Medium,53305584.4251709,44506.5655358236
2739,53033005901,59.01,Census Tract 59.01,Queen Anne,12.3,2016,0.036,-0.01,29,389,Medium,8449086.71850586,19075.2924234318
2740,53033008401,84.01,Census Tract 84.01,Capitol Hill,6.2,2016,0.08,-0.114,19,1330,,2700766.60922241,9275.81826751285
2741,53033008300,83,Census Tract 83,First Hill,6.1,2016,0.076,-0.084,13,987,,2561276.49777222,8632.13489440587
2742,53033007501,75.01,Census Tract 75.01,Capitol Hill,6.2,2016,0.04,0,87,1863,Medium,3210519.93661499,7219.62364175991
2743,53033009702,97.02,Census Tract 97.02,West Seattle Junction/Genesee Hill,1.3,2016,0.038,0.009,7,105,Medium,23899907.4262695,28258.7625684306
2744,53033008800,88,Census Tract 88,Central Area/Squire Park,5.3,2016,0.047,0.005,29,279,Medium,10210038.8581238,13202.5268569703
2745,53033008500,85,Census Tract 85,First Hill,6.1,2016,0.045,0.005,17,842,Medium,4854121.3192749,9025.58161466663
2746,53033026500,265,Census Tract 265,Highland Park,2.5,2016,0,0,0,0,,4617675.48258972,11234.9647811896
2747,53033011601,116.01,Census Tract 116.01,Fauntleroy/Seaview,1.2,2016,0.038,0.013,6,80,Medium,16710842.8944397,20011.9659924997
2748,53033011300,113,Census Tract 113,Highland Park,2.5,2016,0.131,0.079,16,328,,37260682.9683075,27184.1613850878
2749,53033011500,115,Census Tract 115,Roxhill/Westwood,2.4,2016,0.076,-0.004,12,250,,16558652.7529297,19887.3089363241
2750,53033010601,106.01,Census Tract 106.01,Fauntleroy/Seaview,1.2,2016,0.037,0.003,25,381,Medium,11724162.319458,14458.8370353337
2751,53033001202,12.02,Census Tract 12.02,Northgate/Maple Leaf,8.1,2016,0.065,0.011,11,850,,8841145.88363647,13324.9900925288
2752,53033000102,1.02,Census Tract 1.02,Cedar Park/Meadowbrook,8.3,2016,0.045,0.008,15,643,Medium,15446821.4830017,19552.3623304664
2753,53033004701,47.01,Census Tract 47.01,Ballard,10.4,2016,0.085,-0.00499999999999999,52,1334,,6036028.32614136,13539.0476262898
2754,53033004500,45,Census Tract 45,Wallingford,11.2,2016,0.038,-0.019,3,53,Medium,7222109.8883667,11018.3020934985
2755,53033002900,29,Census Tract 29,Greenwood/Phinney Ridge,9.3,2016,0.049,0,25,286,Medium,10614791.1058044,13366.3196709081
2756,53033004201,42.01,Census Tract 42.01,Ravenna/Bryant,7.3,2016,0.028,-0.006,10,178,High,13390664.2680969,18286.1439211159
2757,53033007403,74.03,Census Tract 74.03,Capitol Hill,6.2,2016,0.06,-0.026,51,1496,,1276089.0690918,5227.49528678734
2758,53033007002,70.02,Census Tract 70.02,Queen Anne,12.3,2016,0.042,0,74,1555,Medium,4746869.84552002,9490.79905735624
2759,53033005803,58.03,Census Tract 58.03,Interbay,12.2,2016,0.055,0.016,32,382,,8956173.42456055,17129.1988103483
2760,53033005902,59.02,Census Tract 59.02,Queen Anne,12.3,2016,0.058,0.029,10,103,,11010649.894989,15184.2205727179
2761,53033004902,49.02,Census Tract 49.02,Fremont,11.1,2016,0.092,0.035,62,863,,6448262.3397522,10801.7314915315
2762,53033005801,58.01,Census Tract 58.01,Interbay,12.2,2016,0.038,0.005,42,1034,Medium,19618424.2433472,25500.0139546944
2763,53033007406,74.06,Census Tract 74.06,Capitol Hill,6.2,2016,0.047,0.01,44,1274,Medium,1623443.82748413,6764.47724113477
2764,53033007405,74.05,Census Tract 74.05,Capitol Hill,6.2,2016,0.048,0.001,50,1389,Medium,1418974.04168701,5012.79869002574
2765,53033009701,97.01,Census Tract 97.01,Alki/Admiral,1.4,2016,0.043,0,35,395,Medium,19291172.1184692,29764.000341636
2766,53033009600,96,Census Tract 96,Alki/Admiral,1.4,2016,0.059,0.00899999999999999,33,443,,19741501.6534882,20745.4059998832
2767,53033008700,87,Census Tract 87,Central Area/Squire Park,5.3,2016,0.057,-0.007,40,506,,7883013.1696167,11432.3842123557
2768,53033011402,114.02,Census Tract 114.02,Roxhill/Westwood,2.4,2016,0.04,0.003,23,405,Medium,12779277.8645477,17351.055007292
2769,53033011200,112,Census Tract 112,South Park,3.1,2016,0.063,0,15,175,,26463890.0310974,27002.3375751905
2770,53033010900,109,Census Tract 109,Georgetown,3.2,2016,0.027,0,11,110,High,51677122.7107849,44978.7538438156
2771,53033011002,110.02,Census Tract 110.02,South Beacon Hill/NewHolly,3.4,2016,0,0,0,0,,18508908.4571838,22511.1267649617
2772,53033011102,111.02,Census Tract 111.02,Seward Park,4.3,2016,0.022,-0.002,22,450,High,13970026.6890106,20411.1700649139
2773,53033010702,107.02,Census Tract 107.02,High Point,2.2,2016,0,0,0,0,,8396926.79307556,14935.9302412484
2774,53033001100,11,Census Tract 11,Olympic Hills/Victory Heights,8.2,2016,0.027,-0.005,11,188,High,11416399.5888062,14159.1273465597
2775,53033000700,7,Census Tract 7,Olympic Hills/Victory Heights,8.2,2016,0.04,0.006,54,827,Medium,13932242.3934631,16134.0299149422
2776,53033000202,2.02,Census Tract 2.02,Olympic Hills/Victory Heights,8.2,2016,0.044,0.011,5,182,Medium,15930118.4908752,17285.8273694368
2777,53033000101,1.01,Census Tract 1.01,Cedar Park/Meadowbrook,8.3,2016,0.064,0.013,35,1361,,4465058.88146973,8662.07421505589
2778,53033003301,33.01,Census Tract 33.01,Whittier Heights,10.2,2016,0.059,-0.002,59,723,,7202858.49346924,11177.1813262219
2779,53033003602,36.02,Census Tract 36.02,Green Lake,9.4,2016,0.111,-0.049,47,1458,,5621886.08477783,11471.0943824279
2780,53033001900,19,Census Tract 19,Northgate/Maple Leaf,8.1,2016,0.025,-0.002,9,516,High,17945171.5240173,18948.4812689278
2781,53033001702,17.02,Census Tract 17.02,Greenwood/Phinney Ridge,9.3,2016,0,0,0,0,,13779275.7612915,17476.4075143324
2782,53033006500,65,Census Tract 65,North Capitol Hill,6.3,2016,0.046,0.004,77,1139,Medium,12352257.7561951,17921.5013322026
2783,53033006200,62,Census Tract 62,Montlake/Portage Bay,7.1,2016,0,0,0,0,,24610619.7424011,40010.5992573485
2784,53033005305,53.05,Census Tract 53.05,University District,7.2,2016,0.073,0.017,46,1264,,2292236.61618042,6048.60922233999
2785,53033002600,26,Census Tract 26,Ravenna/Bryant,7.3,2016,0.031,0,5,191,Medium,13398040.1758728,15933.937900155
2786,53033002000,20,Census Tract 20,Northgate/Maple Leaf,8.1,2016,0.029,0.005,9,206,High,12183878.8231506,15509.5457092747
2787,53033006300,63,Census Tract 63,Madison Park,6.5,2016,0.038,0.009,20,578,Medium,27750333.3955383,36285.8489218384
2788,53033006600,66,Census Tract 66,Cascade/Eastlake,11.3,2016,0.071,-0.001,81,1467,,11110296.8534851,21995.1062951424
2789,53033006900,69,Census Tract 69,Queen Anne,12.3,2016,0.058,0.011,34,468,,9742176.64987183,15666.5439544695
2790,53033006000,60,Census Tract 60,Queen Anne,12.3,2016,0.056,-0.008,57,765,,14158764.7126465,19123.0326298116
2791,53033005201,52.01,Census Tract 52.01,Wallingford,11.2,2016,0.069,-0.022,24,580,,7536632.48083496,14175.9240617134
2792,53033005000,50,Census Tract 50,Wallingford,11.2,2016,0.052,-0.122,66,1176,,8151942.29489136,11560.148011522
2793,53033008600,86,Census Tract 86,First Hill,6.1,2016,0.102,0.037,52,1706,,7656616.62564087,11640.7206126296
2794,53033008002,80.02,Census Tract 80.02,Belltown,13.1,2016,0.069,0.00600000000000001,16,1543,,2522029.80825806,7998.38246587977
2795,53033007901,79.01,Census Tract 79.01,Central Area/Squire Park,5.3,2016,0.054,0.005,48,1004,,2876299.50189209,7879.40433949822
2796,53033007202,72.02,Census Tract 72.02,Cascade/Eastlake,11.3,2016,0.051,-0.008,12,1401,,3020075.66329956,7591.70188344636
2797,53033007301,73.01,Census Tract 73.01,Cascade/Eastlake,11.3,2016,0.058,0.012,13,1453,,2699344.10806274,7422.61069281975
2798,53033010302,103.02,Census Tract 103.02,Columbia City,4.2,2016,0.046,-0.133,20,976,Medium,6804418.75059509,11267.2532000827
2799,53033009100,91,Census Tract 91,Pioneer Square/International District,13.3,2016,0.073,-0.049,14,912,,4419685.26577759,10608.3854115205
2800,53033009200,92,Census Tract 92,Pioneer Square/International District,13.3,2016,0.331,0.284,12,486,,3456088.55044556,12687.1211893969
2801,53033011700,117,Census Tract 117,South Beacon Hill/NewHolly,3.4,2016,0,0,0,0,,37826036.2597046,29439.6267373345
2802,53033000500,5,Census Tract 5,Broadview/Bitter Lake,9.1,2016,0,0,0,0,,30294741.0541992,27094.5667843899
2803,53033000601,6.01,Census Tract 6.01,Haller Lake,9.5,2016,0.015,-0.005,17,610,High,15404952.5828857,20078.9564759328
2804,53033003500,35,Census Tract 35,Greenwood/Phinney Ridge,9.3,2016,0.054,-0.004,21,259,,13828061.6665344,16634.3489620973
2805,53033001500,15,Census Tract 15,North Beach/Blue Ridge,10.1,2016,0.078,0.01,5,64,,12300447.062561,13960.3795463703
2806,53033001400,14,Census Tract 14,North Beach/Blue Ridge,10.1,2016,0.037,-0.011,21,433,Medium,23073388.6559448,30536.3374485091
2807,53033001300,13,Census Tract 13,Licton Springs,9.2,2016,0.038,0,73,897,Medium,12710036.9901733,14881.0870453396
2808,53033003800,38,Census Tract 38,Ravenna/Bryant,7.3,2016,0.138,-0.258,6,159,,6722791.39416504,10392.5315540704
2809,53033007001,70.01,Census Tract 70.01,Queen Anne,12.3,2016,0.037,0.005,50,1377,Medium,3856290.05014038,9530.30256857274
2810,53033004800,48,Census Tract 48,Fremont,11.1,2016,0.052,-0.03,27,329,,13833886.8196411,18822.2365726525
2811,53033005100,51,Census Tract 51,Wallingford,11.2,2016,0.054,-0.003,24,350,,9490350.15280151,13462.5915467426
2812,53033008200,82,Census Tract 82,First Hill,6.1,2016,0.061,-0.062,15,2009,,4044773.82589722,9102.1403414799
2813,53033010101,101.01,Census Tract 101.01,Columbia City,4.2,2016,0.011,-0.006,8,177,High,9381810.13056946,15311.6567050508
2814,53033012100,121,Census Tract 121,Arbor Heights,1.1,2016,0,0,0,0,,18538900.9337463,25983.6162383482
2815,53033011901,119.01,Census Tract 119.01,Rainier Beach,4.1,2016,0,0,0,0,,18097640.7372589,20485.6455423004
2816,53033000602,6.02,Census Tract 6.02,Haller Lake,9.5,2016,0.04,-0.028,9,396,Medium,25947507.8614197,23221.7047501309
2817,53033000201,2.01,Census Tract 2.01,Olympic Hills/Victory Heights,8.2,2016,0.022,-0.001,12,836,High,19446176.3249207,18651.5780841956
2818,53033003302,33.02,Census Tract 33.02,Whittier Heights,10.2,2016,0.041,-0.009,53,458,Medium,6749336.48599243,10550.8179265194
2819,53033005304,53.04,Census Tract 53.04,University District,7.2,2016,0,0,0,0,,786047.098052979,4083.12606626598
2820,53033004202,42.02,Census Tract 42.02,Ravenna/Bryant,7.3,2016,0.037,0,5,54,Medium,13141688.4516602,15651.6663663576
2821,53033007404,74.04,Census Tract 74.04,Capitol Hill,6.2,2016,0.055,0.004,63,1273,,1654579.82751465,5775.69998668964
2822,53033006701,67.01,Census Tract 67.01,Queen Anne,12.3,2016,0.263,0.178,19,1495,,3639833.1784668,12143.7792365382
2823,53033007800,78,Census Tract 78,Madrona/Leschi,5.1,2016,0.051,0,5,79,,22245158.163269,28746.3735215772
2824,53033007503,75.03,Census Tract 75.03,Capitol Hill,6.2,2016,0.089,-0.078,22,1465,,2018614.36813354,6484.38948226953
2825,53033007201,72.01,Census Tract 72.01,Cascade/Eastlake,11.3,2016,0.041,-0.004,15,2271,Medium,1622558.90014648,5873.2165106452
2826,53033007203,72.03,Census Tract 72.03,Cascade/Eastlake,11.3,2016,0.226,0.145,13,1467,,6238804.94293213,12493.9648041578
2827,53033010301,103.01,Census Tract 103.01,Columbia City,4.2,2016,0.019,0,4,52,High,10792262.4648438,16924.3685147596
2828,53033009900,99,Census Tract 99,North Delridge,2.1,2016,0.073,0.016,23,979,,70254374.707016,64633.6615792341
2829,53033009500,95,Census Tract 95,Mt. Baker/North Rainier,4.4,2016,0.139,-0.045,13,158,,27424305.6749573,29618.2112966095
2830,53033009400,94,Census Tract 94,North Beacon Hill/Jefferson Park,3.6,2016,0.033,-0.009,52,643,Medium,18150625.6758423,18874.5831831158
2831,53033011801,118.01,Census Tract 118.01,Rainier Beach,4.1,2016,0.016,0,12,258,High,12671173.5070038,15849.8135377743
2832,53033011602,116.02,Census Tract 116.02,Fauntleroy/Seaview,1.2,2016,0.035,0,13,113,Medium,16924173.2272644,24704.0405747324
2833,53033011401,114.01,Census Tract 114.01,Roxhill/Westwood,2.4,2016,0.058,0.024,6,565,,13273369.1432037,17478.0591593666
2834,53033010701,107.01,Census Tract 107.01,High Point,2.2,2016,0.065,0.004,5,214,,15726285.722641,21302.3651802902
2835,53033010602,106.02,Census Tract 106.02,Fauntleroy/Seaview,1.2,2016,0.061,-0.011,23,374,,15462014.0646667,23774.9471378089
2836,53033000900,9,Census Tract 9,Cedar Park/Meadowbrook,8.3,2016,0,0,0,0,,10031158.8856812,20828.1661958069
2837,53033000402,4.02,Census Tract 4.02,Broadview/Bitter Lake,9.1,2016,0.031,-0.002,27,480,Medium,19362220.5229187,21397.1752981976
2838,53033000300,3,Census Tract 3,Haller Lake,9.5,2016,0.012,0,7,83,High,13033864.5966187,17298.0295354457
2839,53033003202,32.02,Census Tract 32.02,Sunset Hill/Loyal Heights,10.3,2016,0.062,-0.021,35,387,,10289818.4570313,12945.3948643709
2840,53033003000,30,Census Tract 30,Whittier Heights,10.2,2016,0.056,0,25,251,,16072222.0088196,16061.947620856
2841,53033001701,17.01,Census Tract 17.01,Greenwood/Phinney Ridge,9.3,2016,0.037,-0.031,35,709,Medium,9609026.08453369,17164.4547776423
2842,53033001600,16,Census Tract 16,North Beach/Blue Ridge,10.1,2016,0.056,0,11,143,,20575392.7101746,23147.6459804202
2843,53033002100,21,Census Tract 21,Wedgwood/View Ridge,7.4,2016,0.035,-0.104,17,483,Medium,14696796.7441101,16139.9218598102
2844,53033003900,39,Census Tract 39,Wedgwood/View Ridge,7.4,2016,0.019,0,8,108,High,10481334.9800415,13200.9092050947
2845,53033007102,71.02,Census Tract 71.02,Queen Anne,12.3,2016,0.067,-0.012,27,1247,,3615500.8977356,11499.9407456685
2846,53033006702,67.02,Census Tract 67.02,Queen Anne,12.3,2016,0.041,-0.004,34,1182,Medium,3280147.99505615,8593.8649046644
2847,53033005401,54.01,Census Tract 54.01,Fremont,11.1,2016,0.179,0.093,36,1032,,7892270.58761597,19740.10787087
2848,53033008004,80.04,Census Tract 80.04,Belltown,13.1,2016,0.062,-0.028,9,1005,,2908326.63348389,14944.9795882911
2849,53033008003,80.03,Census Tract 80.03,Belltown,13.1,2016,0.097,0.041,11,955,,2122043.71142578,8720.99942149515
2850,53033008402,84.02,Census Tract 84.02,Capitol Hill,6.2,2016,0.048,-0.028,40,1717,Medium,1565507.71533203,5220.86848686108
2851,53033007303,73.03,Census Tract 73.03,Cascade/Eastlake,11.3,2016,0.055,-0.254,4,797,,3374596.39306641,7984.8635220016
2852,53033010002,100.02,Census Tract 100.02,North Beacon Hill/Jefferson Park,3.6,2016,0.026,-0.013,20,465,High,10204645.644455,13732.7653894052
2853,53033011902,119.02,Census Tract 119.02,Rainier Beach,4.1,2016,0,0,0,0,,16290813.6344757,28897.5986341236
2854,53033011802,118.02,Census Tract 118.02,Rainier Beach,4.1,2016,0.06,0,3,67,,12323056.7394714,17201.5467858114
2855,53033004703,47.03,Census Tract 47.03,Ballard,10.4,2016,0.086,-0.036,56,1053,,13030918.1381531,18718.8593915212
2856,53033001000,10,Census Tract 10,Cedar Park/Meadowbrook,8.3,2016,0.057,-0.009,5,122,,10270271.6852112,13147.0305998084
2857,53033000403,4.03,Census Tract 4.03,Broadview/Bitter Lake,9.1,2016,0.031,-0.053,12,454,Medium,7881185.92349243,14097.0266947453
2858,53033003201,32.01,Census Tract 32.01,Sunset Hill/Loyal Heights,10.3,2016,0.052,-0.004,29,1069,,11927788.6225891,32094.5033857248
2859,53033004600,46,Census Tract 46,Green Lake,9.4,2016,0.062,0.016,7,65,,27829368.7579956,25514.2239990877
2860,53033004702,47.02,Census Tract 47.02,Ballard,10.4,2016,0.05,-0.012,40,1024,Medium,2867507.734375,6956.44967487604
2861,53033002700,27,Census Tract 27,Green Lake,9.4,2016,0.046,-0.003,23,284,Medium,17058079.2767029,21942.8352783745
2862,53033001800,18,Census Tract 18,Licton Springs,9.2,2016,0.037,-0.001,61,624,Medium,10182882.2714539,13946.100028213
2863,53033005202,52.02,Census Tract 52.02,Wallingford,11.2,2016,0.04,-0.043,50,1306,Medium,2865193.63619995,7845.30321659896
2864,53033005303,53.03,Census Tract 53.03,University District,7.2,2016,0,0,0,0,,24349784.4945679,33904.6213661119
2865,53033004402,44.02,Census Tract 44.02,University District,7.2,2016,0.062,0.014,61,1107,,3175021.43328857,7487.97985687102
2866,53033004401,44.01,Census Tract 44.01,University District,7.2,2016,0.096,-0.023,29,481,,7479571.76147461,12948.9751357778
2867,53033005307,53.07,Census Tract 53.07,University District,7.2,2016,0.057,-0.007,19,385,,1399526.47988892,4758.85069026771
2868,53033004101,41.01,Census Tract 41.01,Laurelhurst/Sand Point,7.5,2016,0,0,3,71,High,16716852.6628113,24230.1579430562
2869,53033005402,54.02,Census Tract 54.02,Fremont,11.1,2016,0.152,-0.199,41,823,,4993141.86450195,10063.7978469566
2870,53033007700,77,Census Tract 77,Central Area/Squire Park,5.3,2016,0.042,0.005,22,383,Medium,11391208.2196655,15242.2097594939
2871,53033007502,75.02,Census Tract 75.02,Capitol Hill,6.2,2016,0.065,0.005,62,1286,,3400503.55529785,7403.62929266713
2872,53033007600,76,Census Tract 76,Miller Park,6.4,2016,0.077,0.032,50,847,,6155389.38891602,9906.36833563623
2873,53033010200,102,Census Tract 102,Seward Park,4.3,2016,0.026,0.013,4,76,High,30129079.2078857,33439.4693972433
2874,53033010401,104.01,Census Tract 104.01,Beacon Hill,3.5,2016,0,0,0,0,,17543421.029068,17342.9302013933
2875,53033010402,104.02,Census Tract 104.02,Beacon Hill,3.5,2016,0.028,0.014,5,71,High,18759692.8948212,18925.0430066197
2876,53033010501,105.01,Census Tract 105.01,West Seattle Junction/Genesee Hill,1.3,2016,0.314,0.151,18,1452,,7986746.71530151,12490.0968039152
2877,53033010102,101.02,Census Tract 101.02,Columbia City,4.2,2016,0,0,0,0,,17314610.0391541,22274.170768035
2878,53033009802,98.02,Census Tract 98.02,West Seattle Junction/Genesee Hill,1.3,2016,0.035,-0.035,19,342,Medium,9927510.52307129,12982.7549339758
2879,53033009000,90,Census Tract 90,Judkins Park,5.2,2016,0.042,0.00600000000000001,16,478,Medium,9212173.19689941,14319.1029916181
2880,53033026400,264,Census Tract 264,South Park,3.1,2016,0,0,0,0,,461382.048629761,5763.40767367231
2881,53033001201,12.01,Census Tract 12.01,Northgate/Maple Leaf,8.1,2017,0.033,-0.002,21,1172,Medium,10851861.641449,15899.7733430541
2882,53033000404,4.04,Census Tract 4.04,Broadview/Bitter Lake,9.1,2017,0.053,0.018,7,509,,6791652.7237854,12962.5584131713
2883,53033004901,49.01,Census Tract 49.01,Fremont,11.1,2017,0.061,-0.002,108,991,,5350888.21542358,9379.65576684679
2884,53033003601,36.01,Census Tract 36.01,Green Lake,9.4,2017,0.131,0.079,38,753,,7255879.06799316,11894.2888948854
2885,53033002800,28,Census Tract 28,Greenwood/Phinney Ridge,9.3,2017,0.046,0.003,33,326,Medium,10637151.8217773,13201.311297987
2886,53033003100,31,Census Tract 31,Sunset Hill/Loyal Heights,10.3,2017,0.054,-0.009,15,112,,23137464.0452271,24704.5678017235
2887,53033006400,64,Census Tract 64,Miller Park,6.4,2017,0.049,0,5,103,Medium,9726351.90356445,13186.7701844683
2888,53033004301,43.01,Census Tract 43.01,Ravenna/Bryant,7.3,2017,0.029,0,8,69,High,10539780.5728455,17192.703749828
2889,53033002500,25,Census Tract 25,Ravenna/Bryant,7.3,2017,0.078,0.015,3,64,,10594634.2979736,16442.9685869958
2890,53033002200,22,Census Tract 22,Wedgwood/View Ridge,7.4,2017,0.03,0,6,164,High,30127208.0188904,28505.8067930163
2891,53033004000,40,Census Tract 40,Laurelhurst/Sand Point,7.5,2017,0.029,0,3,69,High,26374983.680542,27560.0138429836
2892,53033005804,58.04,Census Tract 58.04,Interbay,12.2,2017,0.045,0.006,36,912,Medium,25124062.7388306,48668.2722430527
2893,53033006800,68,Census Tract 68,Queen Anne,12.3,2017,0.033,-0.011,26,543,Medium,7729250.27154541,11275.3773479613
2894,53033008102,81.02,Census Tract 81.02,Downtown Commercial Core,13.2,2017,0.306,0.246,7,779,,5987812.08642578,14339.9950294181
2895,53033008101,81.01,Census Tract 81.01,Downtown Commercial Core,13.2,2017,0.071,0.052,6,1054,,2992165.47857666,11427.1467556707
2896,53033007902,79.02,Census Tract 79.02,Central Area/Squire Park,5.3,2017,0.057,-0.037,21,1068,,4641637.80010986,9715.12087740264
2897,53033007302,73.02,Census Tract 73.02,Cascade/Eastlake,11.3,2017,0.353,0.289,6,1995,,3368769.26522827,7802.42635391176
2898,53033007101,71.01,Census Tract 71.01,Queen Anne,12.3,2017,0.07,0.00700000000000001,26,1424,,5328474.60678101,9004.94722654019
2899,53033009300,93,Census Tract 93,Duwamish/SODO,3.3,2017,0.056,0,13,765,,102171584.839813,53946.3734519274
2900,53033010502,105.02,Census Tract 105.02,West Seattle Junction/Genesee Hill,1.3,2017,0.052,-0.021,26,1298,,10504351.3417664,14546.1362419116
2901,53033010001,100.01,Census Tract 100.01,North Beacon Hill/Jefferson Park,3.6,2017,0.063,0.043,18,287,,25052474.6053925,25628.9245317132
2902,53033009801,98.01,Census Tract 98.01,West Seattle Junction/Genesee Hill,1.3,2017,0.044,-0.125,21,429,Medium,10814248.9397583,13291.5490832838
2903,53033008900,89,Census Tract 89,Madrona/Leschi,5.1,2017,0.05,-0.004,16,239,Medium,13690717.169342,19328.7463975703
2904,53033026300,263,Census Tract 263,Rainier Beach,4.1,2017,0,0,0,0,,30724.63331604,954.048024444965
2905,53033012000,120,Census Tract 120,Arbor Heights,1.1,2017,0,0,0,0,,15560990.4431915,16787.974281693
2906,53033011101,111.01,Census Tract 111.01,Columbia City,4.2,2017,0.055,0.028,13,510,,12236718.0846863,15552.0743493747
2907,53033011001,110.01,Census Tract 110.01,South Beacon Hill/NewHolly,3.4,2017,0,0,0,0,,11629041.0737,16287.3553131872
2908,53033010800,108,Census Tract 108,Riverview,2.3,2017,0.034,0,3,59,Medium,44087445.2204437,39019.3474976913
2909,53033000800,8,Census Tract 8,Cedar Park/Meadowbrook,8.3,2017,0,0,0,0,,12290810.0239868,15312.0874645944
2910,53033003400,34,Census Tract 34,Greenwood/Phinney Ridge,9.3,2017,0.054,0,9,93,,8472471.71472168,12629.322933575
2911,53033005306,53.06,Census Tract 53.06,University District,7.2,2017,0.083,0.03,20,780,,2157906.05789185,5954.87262312138
2912,53033004302,43.02,Census Tract 43.02,Ravenna/Bryant,7.3,2017,0.038,-0.003,61,1064,Medium,3564115.6701355,7987.27441919544
2913,53033002400,24,Census Tract 24,Wedgwood/View Ridge,7.4,2017,0,0,0,0,,10359919.7832642,13151.7125244876
2914,53033004102,41.02,Census Tract 41.02,Laurelhurst/Sand Point,7.5,2017,0.027,0.009,7,487,High,17933927.2689209,23350.8002922279
2915,53033005600,56,Census Tract 56,Magnolia,12.1,2017,0,0,0,0,,32045056.1363831,29943.5055294428
2916,53033006703,67.03,Census Tract 67.03,Queen Anne,12.3,2017,0.067,0.024,35,608,,6427171.88375854,10846.4930444777
2917,53033006100,61,Census Tract 61,Montlake/Portage Bay,7.1,2017,0.072,-0.036,85,1380,,11959193.7410278,21477.2648301767
2918,53033005700,57,Census Tract 57,Magnolia,12.1,2017,0.045,0.002,28,352,Medium,53305584.4251709,44506.5655358236
2919,53033005901,59.01,Census Tract 59.01,Queen Anne,12.3,2017,0.041,0.005,29,389,Medium,8449086.71850586,19075.2924234318
2920,53033008401,84.01,Census Tract 84.01,Capitol Hill,6.2,2017,0.111,0.031,20,1437,,2700766.60922241,9275.81826751285
2921,53033008300,83,Census Tract 83,First Hill,6.1,2017,0.073,-0.003,13,987,,2561276.49777222,8632.13489440587
2922,53033007501,75.01,Census Tract 75.01,Capitol Hill,6.2,2017,0.049,0.009,87,1863,Medium,3210519.93661499,7219.62364175991
2923,53033009702,97.02,Census Tract 97.02,West Seattle Junction/Genesee Hill,1.3,2017,0.038,0,7,105,Medium,23899907.4262695,28258.7625684306
2924,53033008800,88,Census Tract 88,Central Area/Squire Park,5.3,2017,0.043,-0.004,29,279,Medium,10210038.8581238,13202.5268569703
2925,53033008500,85,Census Tract 85,First Hill,6.1,2017,0.049,0.004,17,842,Medium,4854121.3192749,9025.58161466663
2926,53033026500,265,Census Tract 265,Highland Park,2.5,2017,0,0,0,0,,4617675.48258972,11234.9647811896
2927,53033011601,116.01,Census Tract 116.01,Fauntleroy/Seaview,1.2,2017,0.038,0,6,80,Medium,16710842.8944397,20011.9659924997
2928,53033011300,113,Census Tract 113,Highland Park,2.5,2017,0.058,-0.073,16,328,,37260682.9683075,27184.1613850878
2929,53033011500,115,Census Tract 115,Roxhill/Westwood,2.4,2017,0.076,0,12,250,,16558652.7529297,19887.3089363241
2930,53033010601,106.01,Census Tract 106.01,Fauntleroy/Seaview,1.2,2017,0.045,0.008,25,381,Medium,11724162.319458,14458.8370353337
2931,53033001202,12.02,Census Tract 12.02,Northgate/Maple Leaf,8.1,2017,0.041,-0.024,11,850,Medium,8841145.88363647,13324.9900925288
2932,53033000102,1.02,Census Tract 1.02,Cedar Park/Meadowbrook,8.3,2017,0.05,0.005,15,643,Medium,15446821.4830017,19552.3623304664
2933,53033004701,47.01,Census Tract 47.01,Ballard,10.4,2017,0.06,-0.025,53,1466,,6036028.32614136,13539.0476262898
2934,53033004500,45,Census Tract 45,Wallingford,11.2,2017,0.038,0,3,53,Medium,7222109.8883667,11018.3020934985
2935,53033002900,29,Census Tract 29,Greenwood/Phinney Ridge,9.3,2017,0.049,0,25,286,Medium,10614791.1058044,13366.3196709081
2936,53033004201,42.01,Census Tract 42.01,Ravenna/Bryant,7.3,2017,0.028,0,10,178,High,13390664.2680969,18286.1439211159
2937,53033007403,74.03,Census Tract 74.03,Capitol Hill,6.2,2017,0.045,-0.015,51,1496,Medium,1276089.0690918,5227.49528678734
2938,53033007002,70.02,Census Tract 70.02,Queen Anne,12.3,2017,0.042,0,74,1555,Medium,4746869.84552002,9490.79905735624
2939,53033005803,58.03,Census Tract 58.03,Interbay,12.2,2017,0.052,-0.003,32,382,,8956173.42456055,17129.1988103483
2940,53033005902,59.02,Census Tract 59.02,Queen Anne,12.3,2017,0.058,0,10,103,,11010649.894989,15184.2205727179
2941,53033004902,49.02,Census Tract 49.02,Fremont,11.1,2017,0.06,-0.032,63,883,,6448262.3397522,10801.7314915315
2942,53033005801,58.01,Census Tract 58.01,Interbay,12.2,2017,0.044,0.006,42,1034,Medium,19618424.2433472,25500.0139546944
2943,53033007406,74.06,Census Tract 74.06,Capitol Hill,6.2,2017,0.041,-0.006,44,1274,Medium,1623443.82748413,6764.47724113477
2944,53033007405,74.05,Census Tract 74.05,Capitol Hill,6.2,2017,0.053,0.005,51,1433,,1418974.04168701,5012.79869002574
2945,53033009701,97.01,Census Tract 97.01,Alki/Admiral,1.4,2017,0.046,0.003,35,395,Medium,19291172.1184692,29764.000341636
2946,53033009600,96,Census Tract 96,Alki/Admiral,1.4,2017,0.065,0.00600000000000001,33,443,,19741501.6534882,20745.4059998832
2947,53033008700,87,Census Tract 87,Central Area/Squire Park,5.3,2017,0.049,-0.008,40,506,Medium,7883013.1696167,11432.3842123557
2948,53033011402,114.02,Census Tract 114.02,Roxhill/Westwood,2.4,2017,0.06,0.02,24,449,,12779277.8645477,17351.055007292
2949,53033011200,112,Census Tract 112,South Park,3.1,2017,0.063,0,15,175,,26463890.0310974,27002.3375751905
2950,53033010900,109,Census Tract 109,Georgetown,3.2,2017,0.027,0,11,110,High,51677122.7107849,44978.7538438156
2951,53033011002,110.02,Census Tract 110.02,South Beacon Hill/NewHolly,3.4,2017,0,0,0,0,,18508908.4571838,22511.1267649617
2952,53033011102,111.02,Census Tract 111.02,Seward Park,4.3,2017,0.024,0.002,22,450,High,13970026.6890106,20411.1700649139
2953,53033010702,107.02,Census Tract 107.02,High Point,2.2,2017,0,0,0,0,,8396926.79307556,14935.9302412484
2954,53033001100,11,Census Tract 11,Olympic Hills/Victory Heights,8.2,2017,0.032,0.005,11,188,Medium,11416399.5888062,14159.1273465597
2955,53033000700,7,Census Tract 7,Olympic Hills/Victory Heights,8.2,2017,0.078,0.038,55,980,,13932242.3934631,16134.0299149422
2956,53033000202,2.02,Census Tract 2.02,Olympic Hills/Victory Heights,8.2,2017,0.049,0.005,5,182,Medium,15930118.4908752,17285.8273694368
2957,53033000101,1.01,Census Tract 1.01,Cedar Park/Meadowbrook,8.3,2017,0.076,0.012,35,1361,,4465058.88146973,8662.07421505589
2958,53033003301,33.01,Census Tract 33.01,Whittier Heights,10.2,2017,0.053,-0.006,61,761,,7202858.49346924,11177.1813262219
2959,53033003602,36.02,Census Tract 36.02,Green Lake,9.4,2017,0.104,-0.00700000000000001,49,1664,,5621886.08477783,11471.0943824279
2960,53033001900,19,Census Tract 19,Northgate/Maple Leaf,8.1,2017,0.058,0.033,9,516,,17945171.5240173,18948.4812689278
2961,53033001702,17.02,Census Tract 17.02,Greenwood/Phinney Ridge,9.3,2017,0,0,0,0,,13779275.7612915,17476.4075143324
2962,53033006500,65,Census Tract 65,North Capitol Hill,6.3,2017,0.047,0.001,77,1139,Medium,12352257.7561951,17921.5013322026
2963,53033006200,62,Census Tract 62,Montlake/Portage Bay,7.1,2017,0,0,0,0,,24610619.7424011,40010.5992573485
2964,53033005305,53.05,Census Tract 53.05,University District,7.2,2017,0.06,-0.013,46,1264,,2292236.61618042,6048.60922233999
2965,53033002600,26,Census Tract 26,Ravenna/Bryant,7.3,2017,0.045,0.014,6,269,Medium,13398040.1758728,15933.937900155
2966,53033002000,20,Census Tract 20,Northgate/Maple Leaf,8.1,2017,0.024,-0.005,9,206,High,12183878.8231506,15509.5457092747
2967,53033006300,63,Census Tract 63,Madison Park,6.5,2017,0.035,-0.003,20,578,Medium,27750333.3955383,36285.8489218384
2968,53033006600,66,Census Tract 66,Cascade/Eastlake,11.3,2017,0.095,0.024,83,1607,,11110296.8534851,21995.1062951424
2969,53033006900,69,Census Tract 69,Queen Anne,12.3,2017,0.047,-0.011,34,468,Medium,9742176.64987183,15666.5439544695
2970,53033006000,60,Census Tract 60,Queen Anne,12.3,2017,0.064,0.008,58,865,,14158764.7126465,19123.0326298116
2971,53033005201,52.01,Census Tract 52.01,Wallingford,11.2,2017,0.049,-0.02,23,574,Medium,7536632.48083496,14175.9240617134
2972,53033005000,50,Census Tract 50,Wallingford,11.2,2017,0.055,0.003,67,1206,,8151942.29489136,11560.148011522
2973,53033008600,86,Census Tract 86,First Hill,6.1,2017,0.09,-0.012,53,2023,,7656616.62564087,11640.7206126296
2974,53033008002,80.02,Census Tract 80.02,Belltown,13.1,2017,0.078,0.00899999999999999,17,1857,,2522029.80825806,7998.38246587977
2975,53033007901,79.01,Census Tract 79.01,Central Area/Squire Park,5.3,2017,0.048,-0.006,48,1004,Medium,2876299.50189209,7879.40433949822
2976,53033007202,72.02,Census Tract 72.02,Cascade/Eastlake,11.3,2017,0.074,0.023,12,1401,,3020075.66329956,7591.70188344636
2977,53033007301,73.01,Census Tract 73.01,Cascade/Eastlake,11.3,2017,0.113,0.055,13,1453,,2699344.10806274,7422.61069281975
2978,53033010302,103.02,Census Tract 103.02,Columbia City,4.2,2017,0.038,-0.008,20,976,Medium,6804418.75059509,11267.2532000827
2979,53033009100,91,Census Tract 91,Pioneer Square/International District,13.3,2017,0.056,-0.017,14,912,,4419685.26577759,10608.3854115205
2980,53033009200,92,Census Tract 92,Pioneer Square/International District,13.3,2017,0.117,-0.214,12,486,,3456088.55044556,12687.1211893969
2981,53033011700,117,Census Tract 117,South Beacon Hill/NewHolly,3.4,2017,0,0,0,0,,37826036.2597046,29439.6267373345
2982,53033000500,5,Census Tract 5,Broadview/Bitter Lake,9.1,2017,0,0,0,0,,30294741.0541992,27094.5667843899
2983,53033000601,6.01,Census Tract 6.01,Haller Lake,9.5,2017,0.015,0,17,610,High,15404952.5828857,20078.9564759328
2984,53033003500,35,Census Tract 35,Greenwood/Phinney Ridge,9.3,2017,0.054,0,21,259,,13828061.6665344,16634.3489620973
2985,53033001500,15,Census Tract 15,North Beach/Blue Ridge,10.1,2017,0.063,-0.015,5,64,,12300447.062561,13960.3795463703
2986,53033001400,14,Census Tract 14,North Beach/Blue Ridge,10.1,2017,0.032,-0.005,21,433,Medium,23073388.6559448,30536.3374485091
2987,53033001300,13,Census Tract 13,Licton Springs,9.2,2017,0.051,0.013,74,938,,12710036.9901733,14881.0870453396
2988,53033003800,38,Census Tract 38,Ravenna/Bryant,7.3,2017,0.025,-0.113,6,159,High,6722791.39416504,10392.5315540704
2989,53033007001,70.01,Census Tract 70.01,Queen Anne,12.3,2017,0.039,0.002,50,1377,Medium,3856290.05014038,9530.30256857274
2990,53033004800,48,Census Tract 48,Fremont,11.1,2017,0.055,0.003,27,329,,13833886.8196411,18822.2365726525
2991,53033005100,51,Census Tract 51,Wallingford,11.2,2017,0.051,-0.003,24,350,,9490350.15280151,13462.5915467426
2992,53033008200,82,Census Tract 82,First Hill,6.1,2017,0.059,-0.002,15,2009,,4044773.82589722,9102.1403414799
2993,53033010101,101.01,Census Tract 101.01,Columbia City,4.2,2017,0.017,0.006,8,177,High,9381810.13056946,15311.6567050508
2994,53033012100,121,Census Tract 121,Arbor Heights,1.1,2017,0,0,0,0,,18538900.9337463,25983.6162383482
2995,53033011901,119.01,Census Tract 119.01,Rainier Beach,4.1,2017,0,0,0,0,,18097640.7372589,20485.6455423004
2996,53033000602,6.02,Census Tract 6.02,Haller Lake,9.5,2017,0.056,0.016,9,396,,25947507.8614197,23221.7047501309
2997,53033000201,2.01,Census Tract 2.01,Olympic Hills/Victory Heights,8.2,2017,0.025,0.003,12,836,High,19446176.3249207,18651.5780841956
2998,53033003302,33.02,Census Tract 33.02,Whittier Heights,10.2,2017,0.047,0.006,54,488,Medium,6749336.48599243,10550.8179265194
2999,53033005304,53.04,Census Tract 53.04,University District,7.2,2017,0,0,0,0,,786047.098052979,4083.12606626598
3000,53033004202,42.02,Census Tract 42.02,Ravenna/Bryant,7.3,2017,0.037,0,5,54,Medium,13141688.4516602,15651.6663663576
3001,53033007404,74.04,Census Tract 74.04,Capitol Hill,6.2,2017,0.053,-0.002,64,1320,,1654579.82751465,5775.69998668964
3002,53033006701,67.01,Census Tract 67.01,Queen Anne,12.3,2017,0.266,0.003,21,2197,,3639833.1784668,12143.7792365382
3003,53033007800,78,Census Tract 78,Madrona/Leschi,5.1,2017,0.051,0,5,79,,22245158.163269,28746.3735215772
3004,53033007503,75.03,Census Tract 75.03,Capitol Hill,6.2,2017,0.108,0.019,23,1539,,2018614.36813354,6484.38948226953
3005,53033007201,72.01,Census Tract 72.01,Cascade/Eastlake,11.3,2017,0.058,0.017,15,2271,,1622558.90014648,5873.2165106452
3006,53033007203,72.03,Census Tract 72.03,Cascade/Eastlake,11.3,2017,0.072,-0.154,13,1467,,6238804.94293213,12493.9648041578
3007,53033010301,103.01,Census Tract 103.01,Columbia City,4.2,2017,0.038,0.019,4,52,Medium,10792262.4648438,16924.3685147596
3008,53033009900,99,Census Tract 99,North Delridge,2.1,2017,0.069,-0.00399999999999999,24,985,,70254374.707016,64633.6615792341
3009,53033009500,95,Census Tract 95,Mt. Baker/North Rainier,4.4,2017,0.127,-0.012,13,158,,27424305.6749573,29618.2112966095
3010,53033009400,94,Census Tract 94,North Beacon Hill/Jefferson Park,3.6,2017,0.033,0,52,643,Medium,18150625.6758423,18874.5831831158
3011,53033011801,118.01,Census Tract 118.01,Rainier Beach,4.1,2017,0.016,0,12,258,High,12671173.5070038,15849.8135377743
3012,53033011602,116.02,Census Tract 116.02,Fauntleroy/Seaview,1.2,2017,0.044,0.00899999999999999,13,113,Medium,16924173.2272644,24704.0405747324
3013,53033011401,114.01,Census Tract 114.01,Roxhill/Westwood,2.4,2017,0.062,0.004,6,565,,13273369.1432037,17478.0591593666
3014,53033010701,107.01,Census Tract 107.01,High Point,2.2,2017,0.07,0.005,5,214,,15726285.722641,21302.3651802902
3015,53033010602,106.02,Census Tract 106.02,Fauntleroy/Seaview,1.2,2017,0.059,-0.002,23,374,,15462014.0646667,23774.9471378089
3016,53033000900,9,Census Tract 9,Cedar Park/Meadowbrook,8.3,2017,0,0,0,0,,10031158.8856812,20828.1661958069
3017,53033000402,4.02,Census Tract 4.02,Broadview/Bitter Lake,9.1,2017,0.035,0.004,27,480,Medium,19362220.5229187,21397.1752981976
3018,53033000300,3,Census Tract 3,Haller Lake,9.5,2017,0.012,0,7,83,High,13033864.5966187,17298.0295354457
3019,53033003202,32.02,Census Tract 32.02,Sunset Hill/Loyal Heights,10.3,2017,0.062,0,35,387,,10289818.4570313,12945.3948643709
3020,53033003000,30,Census Tract 30,Whittier Heights,10.2,2017,0.15,0.094,26,347,,16072222.0088196,16061.947620856
3021,53033001701,17.01,Census Tract 17.01,Greenwood/Phinney Ridge,9.3,2017,0.041,0.004,35,709,Medium,9609026.08453369,17164.4547776423
3022,53033001600,16,Census Tract 16,North Beach/Blue Ridge,10.1,2017,0.049,-0.007,11,143,Medium,20575392.7101746,23147.6459804202
3023,53033002100,21,Census Tract 21,Wedgwood/View Ridge,7.4,2017,0.035,0,17,483,Medium,14696796.7441101,16139.9218598102
3024,53033003900,39,Census Tract 39,Wedgwood/View Ridge,7.4,2017,0.009,-0.01,8,108,High,10481334.9800415,13200.9092050947
3025,53033007102,71.02,Census Tract 71.02,Queen Anne,12.3,2017,0.055,-0.012,26,1227,,3615500.8977356,11499.9407456685
3026,53033006702,67.02,Census Tract 67.02,Queen Anne,12.3,2017,0.059,0.018,34,1182,,3280147.99505615,8593.8649046644
3027,53033005401,54.01,Census Tract 54.01,Fremont,11.1,2017,0.054,-0.125,37,1156,,7892270.58761597,19740.10787087
3028,53033008004,80.04,Census Tract 80.04,Belltown,13.1,2017,0.067,0.005,9,1005,,2908326.63348389,14944.9795882911
3029,53033008003,80.03,Census Tract 80.03,Belltown,13.1,2017,0.063,-0.034,11,955,,2122043.71142578,8720.99942149515
3030,53033008402,84.02,Census Tract 84.02,Capitol Hill,6.2,2017,0.061,0.013,42,1980,,1565507.71533203,5220.86848686108
3031,53033007303,73.03,Census Tract 73.03,Cascade/Eastlake,11.3,2017,0.244,0.189,6,1323,,3374596.39306641,7984.8635220016
3032,53033010002,100.02,Census Tract 100.02,North Beacon Hill/Jefferson Park,3.6,2017,0.037,0.011,20,465,Medium,10204645.644455,13732.7653894052
3033,53033011902,119.02,Census Tract 119.02,Rainier Beach,4.1,2017,0,0,0,0,,16290813.6344757,28897.5986341236
3034,53033011802,118.02,Census Tract 118.02,Rainier Beach,4.1,2017,0.06,0,3,67,,12323056.7394714,17201.5467858114
3035,53033004703,47.03,Census Tract 47.03,Ballard,10.4,2017,0.08,-0.00599999999999999,55,1046,,13030918.1381531,18718.8593915212
3036,53033001000,10,Census Tract 10,Cedar Park/Meadowbrook,8.3,2017,0.066,0.009,5,122,,10270271.6852112,13147.0305998084
3037,53033000403,4.03,Census Tract 4.03,Broadview/Bitter Lake,9.1,2017,0.033,0.002,12,454,Medium,7881185.92349243,14097.0266947453
3038,53033003201,32.01,Census Tract 32.01,Sunset Hill/Loyal Heights,10.3,2017,0.074,0.022,29,1069,,11927788.6225891,32094.5033857248
3039,53033004600,46,Census Tract 46,Green Lake,9.4,2017,0.046,-0.016,7,65,Medium,27829368.7579956,25514.2239990877
3040,53033004702,47.02,Census Tract 47.02,Ballard,10.4,2017,0.05,0,41,1170,Medium,2867507.734375,6956.44967487604
3041,53033002700,27,Census Tract 27,Green Lake,9.4,2017,0.039,-0.007,23,284,Medium,17058079.2767029,21942.8352783745
3042,53033001800,18,Census Tract 18,Licton Springs,9.2,2017,0.038,0.001,61,624,Medium,10182882.2714539,13946.100028213
3043,53033005202,52.02,Census Tract 52.02,Wallingford,11.2,2017,0.051,0.011,53,1559,,2865193.63619995,7845.30321659896
3044,53033005303,53.03,Census Tract 53.03,University District,7.2,2017,0,0,0,0,,24349784.4945679,33904.6213661119
3045,53033004402,44.02,Census Tract 44.02,University District,7.2,2017,0.072,0.01,62,1173,,3175021.43328857,7487.97985687102
3046,53033004401,44.01,Census Tract 44.01,University District,7.2,2017,0.144,0.048,30,521,,7479571.76147461,12948.9751357778
3047,53033005307,53.07,Census Tract 53.07,University District,7.2,2017,0.053,-0.004,20,413,,1399526.47988892,4758.85069026771
3048,53033004101,41.01,Census Tract 41.01,Laurelhurst/Sand Point,7.5,2017,0,0,3,71,High,16716852.6628113,24230.1579430562
3049,53033005402,54.02,Census Tract 54.02,Fremont,11.1,2017,0.058,-0.094,41,823,,4993141.86450195,10063.7978469566
3050,53033007700,77,Census Tract 77,Central Area/Squire Park,5.3,2017,0.071,0.029,23,468,,11391208.2196655,15242.2097594939
3051,53033007502,75.02,Census Tract 75.02,Capitol Hill,6.2,2017,0.055,-0.01,62,1337,,3400503.55529785,7403.62929266713
3052,53033007600,76,Census Tract 76,Miller Park,6.4,2017,0.1,0.023,51,922,,6155389.38891602,9906.36833563623
3053,53033010200,102,Census Tract 102,Seward Park,4.3,2017,0.026,0,4,76,High,30129079.2078857,33439.4693972433
3054,53033010401,104.01,Census Tract 104.01,Beacon Hill,3.5,2017,0,0,0,0,,17543421.029068,17342.9302013933
3055,53033010402,104.02,Census Tract 104.02,Beacon Hill,3.5,2017,0.028,0,5,71,High,18759692.8948212,18925.0430066197
3056,53033010501,105.01,Census Tract 105.01,West Seattle Junction/Genesee Hill,1.3,2017,0.134,-0.18,18,1452,,7986746.71530151,12490.0968039152
3057,53033010102,101.02,Census Tract 101.02,Columbia City,4.2,2017,0,0,0,0,,17314610.0391541,22274.170768035
3058,53033009802,98.02,Census Tract 98.02,West Seattle Junction/Genesee Hill,1.3,2017,0.087,0.052,19,356,,9927510.52307129,12982.7549339758
3059,53033009000,90,Census Tract 90,Judkins Park,5.2,2017,0.052,0.01,16,478,,9212173.19689941,14319.1029916181
3060,53033026400,264,Census Tract 264,South Park,3.1,2017,0,0,0,0,,461382.048629761,5763.40767367231
3061,53033001201,12.01,Census Tract 12.01,Northgate/Maple Leaf,8.1,2018,0.038,0.005,21,1172,Medium,10851861.641449,15899.7733430541
3062,53033000404,4.04,Census Tract 4.04,Broadview/Bitter Lake,9.1,2018,0.037,-0.016,7,509,Medium,6791652.7237854,12962.5584131713
3063,53033004901,49.01,Census Tract 49.01,Fremont,11.1,2018,0.06,-0.001,108,991,,5350888.21542358,9379.65576684679
3064,53033003601,36.01,Census Tract 36.01,Green Lake,9.4,2018,0.065,-0.066,39,835,,7255879.06799316,11894.2888948854
3065,53033002800,28,Census Tract 28,Greenwood/Phinney Ridge,9.3,2018,0.046,0,33,326,Medium,10637151.8217773,13201.311297987
3066,53033003100,31,Census Tract 31,Sunset Hill/Loyal Heights,10.3,2018,0.054,0,15,112,,23137464.0452271,24704.5678017235
3067,53033006400,64,Census Tract 64,Miller Park,6.4,2018,0.039,-0.01,5,103,Medium,9726351.90356445,13186.7701844683
3068,53033004301,43.01,Census Tract 43.01,Ravenna/Bryant,7.3,2018,0.029,0,8,69,High,10539780.5728455,17192.703749828
3069,53033002500,25,Census Tract 25,Ravenna/Bryant,7.3,2018,0.078,0,3,64,,10594634.2979736,16442.9685869958
3070,53033002200,22,Census Tract 22,Wedgwood/View Ridge,7.4,2018,0.024,-0.006,6,164,High,30127208.0188904,28505.8067930163
3071,53033004000,40,Census Tract 40,Laurelhurst/Sand Point,7.5,2018,0.029,0,3,69,High,26374983.680542,27560.0138429836
3072,53033005804,58.04,Census Tract 58.04,Interbay,12.2,2018,0.045,0,36,912,Medium,25124062.7388306,48668.2722430527
3073,53033006800,68,Census Tract 68,Queen Anne,12.3,2018,0.035,0.002,26,543,Medium,7729250.27154541,11275.3773479613
3074,53033008102,81.02,Census Tract 81.02,Downtown Commercial Core,13.2,2018,0.173,-0.133,8,1119,,5987812.08642578,14339.9950294181
3075,53033008101,81.01,Census Tract 81.01,Downtown Commercial Core,13.2,2018,0.04,-0.031,6,1054,Medium,2992165.47857666,11427.1467556707
3076,53033007902,79.02,Census Tract 79.02,Central Area/Squire Park,5.3,2018,0.076,0.019,22,1212,,4641637.80010986,9715.12087740264
3077,53033007302,73.02,Census Tract 73.02,Cascade/Eastlake,11.3,2018,0.133,-0.22,7,2391,,3368769.26522827,7802.42635391176
3078,53033007101,71.01,Census Tract 71.01,Queen Anne,12.3,2018,0.094,0.024,27,1606,,5328474.60678101,9004.94722654019
3079,53033009300,93,Census Tract 93,Duwamish/SODO,3.3,2018,0.042,-0.014,13,765,Medium,102171584.839813,53946.3734519274
3080,53033010502,105.02,Census Tract 105.02,West Seattle Junction/Genesee Hill,1.3,2018,0.058,0.00600000000000001,27,1352,,10504351.3417664,14546.1362419116
3081,53033010001,100.01,Census Tract 100.01,North Beacon Hill/Jefferson Park,3.6,2018,0.034,-0.029,19,295,Medium,25052474.6053925,25628.9245317132
3082,53033009801,98.01,Census Tract 98.01,West Seattle Junction/Genesee Hill,1.3,2018,0.037,-0.007,21,429,Medium,10814248.9397583,13291.5490832838
3083,53033008900,89,Census Tract 89,Madrona/Leschi,5.1,2018,0.046,-0.004,16,239,Medium,13690717.169342,19328.7463975703
3084,53033026300,263,Census Tract 263,Rainier Beach,4.1,2018,0,0,0,0,,30724.63331604,954.048024444965
3085,53033012000,120,Census Tract 120,Arbor Heights,1.1,2018,0,0,0,0,,15560990.4431915,16787.974281693
3086,53033011101,111.01,Census Tract 111.01,Columbia City,4.2,2018,0.083,0.028,14,869,,12236718.0846863,15552.0743493747
3087,53033011001,110.01,Census Tract 110.01,South Beacon Hill/NewHolly,3.4,2018,0,0,0,0,,11629041.0737,16287.3553131872
3088,53033010800,108,Census Tract 108,Riverview,2.3,2018,0.034,0,3,59,Medium,44087445.2204437,39019.3474976913
3089,53033000800,8,Census Tract 8,Cedar Park/Meadowbrook,8.3,2018,0,0,0,0,,12290810.0239868,15312.0874645944
3090,53033003400,34,Census Tract 34,Greenwood/Phinney Ridge,9.3,2018,0.054,0,9,93,,8472471.71472168,12629.322933575
3091,53033005306,53.06,Census Tract 53.06,University District,7.2,2018,0.051,-0.032,20,780,,2157906.05789185,5954.87262312138
3092,53033004302,43.02,Census Tract 43.02,Ravenna/Bryant,7.3,2018,0.05,0.012,61,1064,Medium,3564115.6701355,7987.27441919544
3093,53033002400,24,Census Tract 24,Wedgwood/View Ridge,7.4,2018,0,0,0,0,,10359919.7832642,13151.7125244876
3094,53033004102,41.02,Census Tract 41.02,Laurelhurst/Sand Point,7.5,2018,0.043,0.016,7,487,Medium,17933927.2689209,23350.8002922279
3095,53033005600,56,Census Tract 56,Magnolia,12.1,2018,0,0,0,0,,32045056.1363831,29943.5055294428
3096,53033006703,67.03,Census Tract 67.03,Queen Anne,12.3,2018,0.044,-0.023,35,608,Medium,6427171.88375854,10846.4930444777
3097,53033006100,61,Census Tract 61,Montlake/Portage Bay,7.1,2018,0.061,-0.011,85,1380,,11959193.7410278,21477.2648301767
3098,53033005700,57,Census Tract 57,Magnolia,12.1,2018,0.043,-0.002,28,352,Medium,53305584.4251709,44506.5655358236
3099,53033005901,59.01,Census Tract 59.01,Queen Anne,12.3,2018,0.041,0,29,389,Medium,8449086.71850586,19075.2924234318
3100,53033008401,84.01,Census Tract 84.01,Capitol Hill,6.2,2018,0.138,0.027,22,1794,,2700766.60922241,9275.81826751285
3101,53033008300,83,Census Tract 83,First Hill,6.1,2018,0.088,0.015,13,987,,2561276.49777222,8632.13489440587
3102,53033007501,75.01,Census Tract 75.01,Capitol Hill,6.2,2018,0.043,-0.00600000000000001,88,1904,Medium,3210519.93661499,7219.62364175991
3103,53033009702,97.02,Census Tract 97.02,West Seattle Junction/Genesee Hill,1.3,2018,0.038,0,7,105,Medium,23899907.4262695,28258.7625684306
3104,53033008800,88,Census Tract 88,Central Area/Squire Park,5.3,2018,0.041,-0.00199999999999999,30,320,Medium,10210038.8581238,13202.5268569703
3105,53033008500,85,Census Tract 85,First Hill,6.1,2018,0.046,-0.003,19,1112,Medium,4854121.3192749,9025.58161466663
3106,53033026500,265,Census Tract 265,Highland Park,2.5,2018,0,0,0,0,,4617675.48258972,11234.9647811896
3107,53033011601,116.01,Census Tract 116.01,Fauntleroy/Seaview,1.2,2018,0.038,0,6,80,Medium,16710842.8944397,20011.9659924997
3108,53033011300,113,Census Tract 113,Highland Park,2.5,2018,0.057,-0.001,17,334,,37260682.9683075,27184.1613850878
3109,53033011500,115,Census Tract 115,Roxhill/Westwood,2.4,2018,0.072,-0.004,12,250,,16558652.7529297,19887.3089363241
3110,53033010601,106.01,Census Tract 106.01,Fauntleroy/Seaview,1.2,2018,0.047,0.002,25,381,Medium,11724162.319458,14458.8370353337
3111,53033001202,12.02,Census Tract 12.02,Northgate/Maple Leaf,8.1,2018,0.044,0.003,11,850,Medium,8841145.88363647,13324.9900925288
3112,53033000102,1.02,Census Tract 1.02,Cedar Park/Meadowbrook,8.3,2018,0.062,0.012,15,643,,15446821.4830017,19552.3623304664
3113,53033004701,47.01,Census Tract 47.01,Ballard,10.4,2018,0.063,0.003,54,1486,,6036028.32614136,13539.0476262898
3114,53033004500,45,Census Tract 45,Wallingford,11.2,2018,0.038,0,3,53,Medium,7222109.8883667,11018.3020934985
3115,53033002900,29,Census Tract 29,Greenwood/Phinney Ridge,9.3,2018,0.049,0,25,286,Medium,10614791.1058044,13366.3196709081
3116,53033004201,42.01,Census Tract 42.01,Ravenna/Bryant,7.3,2018,0.028,0,10,178,High,13390664.2680969,18286.1439211159
3117,53033007403,74.03,Census Tract 74.03,Capitol Hill,6.2,2018,0.042,-0.003,52,1586,Medium,1276089.0690918,5227.49528678734
3118,53033007002,70.02,Census Tract 70.02,Queen Anne,12.3,2018,0.041,-0.001,74,1555,Medium,4746869.84552002,9490.79905735624
3119,53033005803,58.03,Census Tract 58.03,Interbay,12.2,2018,0.052,0,32,382,,8956173.42456055,17129.1988103483
3120,53033005902,59.02,Census Tract 59.02,Queen Anne,12.3,2018,0.058,0,10,103,,11010649.894989,15184.2205727179
3121,53033004902,49.02,Census Tract 49.02,Fremont,11.1,2018,0.051,-0.009,63,883,,6448262.3397522,10801.7314915315
3122,53033005801,58.01,Census Tract 58.01,Interbay,12.2,2018,0.182,0.138,45,1305,,19618424.2433472,25500.0139546944
3123,53033007406,74.06,Census Tract 74.06,Capitol Hill,6.2,2018,0.037,-0.004,44,1274,Medium,1623443.82748413,6764.47724113477
3124,53033007405,74.05,Census Tract 74.05,Capitol Hill,6.2,2018,0.079,0.026,53,1548,,1418974.04168701,5012.79869002574
3125,53033009701,97.01,Census Tract 97.01,Alki/Admiral,1.4,2018,0.048,0.002,36,400,Medium,19291172.1184692,29764.000341636
3126,53033009600,96,Census Tract 96,Alki/Admiral,1.4,2018,0.065,0,33,443,,19741501.6534882,20745.4059998832
3127,53033008700,87,Census Tract 87,Central Area/Squire Park,5.3,2018,0.05,0.001,41,516,Medium,7883013.1696167,11432.3842123557
3128,53033011402,114.02,Census Tract 114.02,Roxhill/Westwood,2.4,2018,0.042,-0.018,24,449,Medium,12779277.8645477,17351.055007292
3129,53033011200,112,Census Tract 112,South Park,3.1,2018,0.063,0,15,175,,26463890.0310974,27002.3375751905
3130,53033010900,109,Census Tract 109,Georgetown,3.2,2018,0.036,0.009,11,110,Medium,51677122.7107849,44978.7538438156
3131,53033011002,110.02,Census Tract 110.02,South Beacon Hill/NewHolly,3.4,2018,0,0,0,0,,18508908.4571838,22511.1267649617
3132,53033011102,111.02,Census Tract 111.02,Seward Park,4.3,2018,0.024,0,22,450,High,13970026.6890106,20411.1700649139
3133,53033010702,107.02,Census Tract 107.02,High Point,2.2,2018,0,0,0,0,,8396926.79307556,14935.9302412484
3134,53033001100,11,Census Tract 11,Olympic Hills/Victory Heights,8.2,2018,0.027,-0.005,11,188,High,11416399.5888062,14159.1273465597
3135,53033000700,7,Census Tract 7,Olympic Hills/Victory Heights,8.2,2018,0.052,-0.026,55,980,,13932242.3934631,16134.0299149422
3136,53033000202,2.02,Census Tract 2.02,Olympic Hills/Victory Heights,8.2,2018,0.049,0,5,182,Medium,15930118.4908752,17285.8273694368
3137,53033000101,1.01,Census Tract 1.01,Cedar Park/Meadowbrook,8.3,2018,0.064,-0.012,35,1361,,4465058.88146973,8662.07421505589
3138,53033003301,33.01,Census Tract 33.01,Whittier Heights,10.2,2018,0.051,-0.002,61,761,,7202858.49346924,11177.1813262219
3139,53033003602,36.02,Census Tract 36.02,Green Lake,9.4,2018,0.045,-0.059,49,1727,Medium,5621886.08477783,11471.0943824279
3140,53033001900,19,Census Tract 19,Northgate/Maple Leaf,8.1,2018,0.039,-0.019,9,516,Medium,17945171.5240173,18948.4812689278
3141,53033001702,17.02,Census Tract 17.02,Greenwood/Phinney Ridge,9.3,2018,0,0,0,0,,13779275.7612915,17476.4075143324
3142,53033006500,65,Census Tract 65,North Capitol Hill,6.3,2018,0.041,-0.006,78,1180,Medium,12352257.7561951,17921.5013322026
3143,53033006200,62,Census Tract 62,Montlake/Portage Bay,7.1,2018,0,0,0,0,,24610619.7424011,40010.5992573485
3144,53033005305,53.05,Census Tract 53.05,University District,7.2,2018,0.059,-0.001,46,1264,,2292236.61618042,6048.60922233999
3145,53033002600,26,Census Tract 26,Ravenna/Bryant,7.3,2018,0.072,0.027,6,319,,13398040.1758728,15933.937900155
3146,53033002000,20,Census Tract 20,Northgate/Maple Leaf,8.1,2018,0.024,0,9,206,High,12183878.8231506,15509.5457092747
3147,53033006300,63,Census Tract 63,Madison Park,6.5,2018,0.029,-0.006,20,578,High,27750333.3955383,36285.8489218384
3148,53033006600,66,Census Tract 66,Cascade/Eastlake,11.3,2018,0.071,-0.024,84,1634,,11110296.8534851,21995.1062951424
3149,53033006900,69,Census Tract 69,Queen Anne,12.3,2018,0.051,0.004,34,468,,9742176.64987183,15666.5439544695
3150,53033006000,60,Census Tract 60,Queen Anne,12.3,2018,0.059,-0.005,58,865,,14158764.7126465,19123.0326298116
3151,53033005201,52.01,Census Tract 52.01,Wallingford,11.2,2018,0.048,-0.001,24,579,Medium,7536632.48083496,14175.9240617134
3152,53033005000,50,Census Tract 50,Wallingford,11.2,2018,0.053,-0.002,68,1211,,8151942.29489136,11560.148011522
3153,53033008600,86,Census Tract 86,First Hill,6.1,2018,0.05,-0.04,53,2023,Medium,7656616.62564087,11640.7206126296
3154,53033008002,80.02,Census Tract 80.02,Belltown,13.1,2018,0.12,0.042,18,2007,,2522029.80825806,7998.38246587977
3155,53033007901,79.01,Census Tract 79.01,Central Area/Squire Park,5.3,2018,0.044,-0.004,49,1010,Medium,2876299.50189209,7879.40433949822
3156,53033007202,72.02,Census Tract 72.02,Cascade/Eastlake,11.3,2018,0.167,0.093,13,1851,,3020075.66329956,7591.70188344636
3157,53033007301,73.01,Census Tract 73.01,Cascade/Eastlake,11.3,2018,0.252,0.139,17,2365,,2699344.10806274,7422.61069281975
3158,53033010302,103.02,Census Tract 103.02,Columbia City,4.2,2018,0.054,0.016,21,1012,,6804418.75059509,11267.2532000827
3159,53033009100,91,Census Tract 91,Pioneer Square/International District,13.3,2018,0.055,-0.001,14,912,,4419685.26577759,10608.3854115205
3160,53033009200,92,Census Tract 92,Pioneer Square/International District,13.3,2018,0.084,-0.033,12,486,,3456088.55044556,12687.1211893969
3161,53033011700,117,Census Tract 117,South Beacon Hill/NewHolly,3.4,2018,0,0,0,0,,37826036.2597046,29439.6267373345
3162,53033000500,5,Census Tract 5,Broadview/Bitter Lake,9.1,2018,0,0,0,0,,30294741.0541992,27094.5667843899
3163,53033000601,6.01,Census Tract 6.01,Haller Lake,9.5,2018,0.013,-0.002,17,610,High,15404952.5828857,20078.9564759328
3164,53033003500,35,Census Tract 35,Greenwood/Phinney Ridge,9.3,2018,0.05,-0.004,21,259,Medium,13828061.6665344,16634.3489620973
3165,53033001500,15,Census Tract 15,North Beach/Blue Ridge,10.1,2018,0.063,0,5,64,,12300447.062561,13960.3795463703
3166,53033001400,14,Census Tract 14,North Beach/Blue Ridge,10.1,2018,0.032,0,21,433,Medium,23073388.6559448,30536.3374485091
3167,53033001300,13,Census Tract 13,Licton Springs,9.2,2018,0.041,-0.01,74,938,Medium,12710036.9901733,14881.0870453396
3168,53033003800,38,Census Tract 38,Ravenna/Bryant,7.3,2018,0.038,0.013,6,159,Medium,6722791.39416504,10392.5315540704
3169,53033007001,70.01,Census Tract 70.01,Queen Anne,12.3,2018,0.041,0.002,50,1377,Medium,3856290.05014038,9530.30256857274
3170,53033004800,48,Census Tract 48,Fremont,11.1,2018,0.052,-0.003,27,329,,13833886.8196411,18822.2365726525
3171,53033005100,51,Census Tract 51,Wallingford,11.2,2018,0.049,-0.00199999999999999,24,350,Medium,9490350.15280151,13462.5915467426
3172,53033008200,82,Census Tract 82,First Hill,6.1,2018,0.055,-0.004,15,2009,,4044773.82589722,9102.1403414799
3173,53033010101,101.01,Census Tract 101.01,Columbia City,4.2,2018,0.139,0.122,9,231,,9381810.13056946,15311.6567050508
3174,53033012100,121,Census Tract 121,Arbor Heights,1.1,2018,0,0,0,0,,18538900.9337463,25983.6162383482
3175,53033011901,119.01,Census Tract 119.01,Rainier Beach,4.1,2018,0,0,0,0,,18097640.7372589,20485.6455423004
3176,53033000602,6.02,Census Tract 6.02,Haller Lake,9.5,2018,0.058,0.002,9,396,,25947507.8614197,23221.7047501309
3177,53033000201,2.01,Census Tract 2.01,Olympic Hills/Victory Heights,8.2,2018,0.032,0.007,13,873,Medium,19446176.3249207,18651.5780841956
3178,53033003302,33.02,Census Tract 33.02,Whittier Heights,10.2,2018,0.059,0.012,56,522,,6749336.48599243,10550.8179265194
3179,53033005304,53.04,Census Tract 53.04,University District,7.2,2018,0,0,0,0,,786047.098052979,4083.12606626598
3180,53033004202,42.02,Census Tract 42.02,Ravenna/Bryant,7.3,2018,0.017,-0.02,6,115,High,13141688.4516602,15651.6663663576
3181,53033007404,74.04,Census Tract 74.04,Capitol Hill,6.2,2018,0.049,-0.004,63,1314,Medium,1654579.82751465,5775.69998668964
3182,53033006701,67.01,Census Tract 67.01,Queen Anne,12.3,2018,0.076,-0.19,21,2197,,3639833.1784668,12143.7792365382
3183,53033007800,78,Census Tract 78,Madrona/Leschi,5.1,2018,0.038,-0.013,5,79,Medium,22245158.163269,28746.3735215772
3184,53033007503,75.03,Census Tract 75.03,Capitol Hill,6.2,2018,0.068,-0.04,23,1539,,2018614.36813354,6484.38948226953
3185,53033007201,72.01,Census Tract 72.01,Cascade/Eastlake,11.3,2018,0.048,-0.01,15,2271,Medium,1622558.90014648,5873.2165106452
3186,53033007203,72.03,Census Tract 72.03,Cascade/Eastlake,11.3,2018,0.126,0.054,14,1596,,6238804.94293213,12493.9648041578
3187,53033010301,103.01,Census Tract 103.01,Columbia City,4.2,2018,0.038,0,4,52,Medium,10792262.4648438,16924.3685147596
3188,53033009900,99,Census Tract 99,North Delridge,2.1,2018,0.064,-0.005,24,985,,70254374.707016,64633.6615792341
3189,53033009500,95,Census Tract 95,Mt. Baker/North Rainier,4.4,2018,0.159,0.032,14,170,,27424305.6749573,29618.2112966095
3190,53033009400,94,Census Tract 94,North Beacon Hill/Jefferson Park,3.6,2018,0.044,0.011,54,683,Medium,18150625.6758423,18874.5831831158
3191,53033011801,118.01,Census Tract 118.01,Rainier Beach,4.1,2018,0.019,0.003,12,258,High,12671173.5070038,15849.8135377743
3192,53033011602,116.02,Census Tract 116.02,Fauntleroy/Seaview,1.2,2018,0.044,0,13,113,Medium,16924173.2272644,24704.0405747324
3193,53033011401,114.01,Census Tract 114.01,Roxhill/Westwood,2.4,2018,0.069,0.00700000000000001,6,565,,13273369.1432037,17478.0591593666
3194,53033010701,107.01,Census Tract 107.01,High Point,2.2,2018,0.07,0,5,214,,15726285.722641,21302.3651802902
3195,53033010602,106.02,Census Tract 106.02,Fauntleroy/Seaview,1.2,2018,0.048,-0.011,23,374,Medium,15462014.0646667,23774.9471378089
3196,53033000900,9,Census Tract 9,Cedar Park/Meadowbrook,8.3,2018,0,0,0,0,,10031158.8856812,20828.1661958069
3197,53033000402,4.02,Census Tract 4.02,Broadview/Bitter Lake,9.1,2018,0.188,0.153,28,589,,19362220.5229187,21397.1752981976
3198,53033000300,3,Census Tract 3,Haller Lake,9.5,2018,0.012,0,7,83,High,13033864.5966187,17298.0295354457
3199,53033003202,32.02,Census Tract 32.02,Sunset Hill/Loyal Heights,10.3,2018,0.062,0,35,387,,10289818.4570313,12945.3948643709
3200,53033003000,30,Census Tract 30,Whittier Heights,10.2,2018,0.04,-0.11,26,347,Medium,16072222.0088196,16061.947620856
3201,53033001701,17.01,Census Tract 17.01,Greenwood/Phinney Ridge,9.3,2018,0.049,0.008,35,709,Medium,9609026.08453369,17164.4547776423
3202,53033001600,16,Census Tract 16,North Beach/Blue Ridge,10.1,2018,0.049,0,11,143,Medium,20575392.7101746,23147.6459804202
3203,53033002100,21,Census Tract 21,Wedgwood/View Ridge,7.4,2018,0.037,0.00199999999999999,17,483,Medium,14696796.7441101,16139.9218598102
3204,53033003900,39,Census Tract 39,Wedgwood/View Ridge,7.4,2018,0.009,0,8,108,High,10481334.9800415,13200.9092050947
3205,53033007102,71.02,Census Tract 71.02,Queen Anne,12.3,2018,0.047,-0.008,26,1227,Medium,3615500.8977356,11499.9407456685
3206,53033006702,67.02,Census Tract 67.02,Queen Anne,12.3,2018,0.049,-0.01,34,1182,Medium,3280147.99505615,8593.8649046644
3207,53033005401,54.01,Census Tract 54.01,Fremont,11.1,2018,0.06,0.006,38,1181,,7892270.58761597,19740.10787087
3208,53033008004,80.04,Census Tract 80.04,Belltown,13.1,2018,0.054,-0.013,9,1005,,2908326.63348389,14944.9795882911
3209,53033008003,80.03,Census Tract 80.03,Belltown,13.1,2018,0.058,-0.005,11,955,,2122043.71142578,8720.99942149515
3210,53033008402,84.02,Census Tract 84.02,Capitol Hill,6.2,2018,0.051,-0.01,42,1980,,1565507.71533203,5220.86848686108
3211,53033007303,73.03,Census Tract 73.03,Cascade/Eastlake,11.3,2018,0.291,0.047,8,2035,,3374596.39306641,7984.8635220016
3212,53033010002,100.02,Census Tract 100.02,North Beacon Hill/Jefferson Park,3.6,2018,0.028,-0.009,20,465,High,10204645.644455,13732.7653894052
3213,53033011902,119.02,Census Tract 119.02,Rainier Beach,4.1,2018,0,0,0,0,,16290813.6344757,28897.5986341236
3214,53033011802,118.02,Census Tract 118.02,Rainier Beach,4.1,2018,0.06,0,3,67,,12323056.7394714,17201.5467858114
3215,53033004703,47.03,Census Tract 47.03,Ballard,10.4,2018,0.084,0.004,56,1108,,13030918.1381531,18718.8593915212
3216,53033001000,10,Census Tract 10,Cedar Park/Meadowbrook,8.3,2018,0.066,0,5,122,,10270271.6852112,13147.0305998084
3217,53033000403,4.03,Census Tract 4.03,Broadview/Bitter Lake,9.1,2018,0.035,0.002,12,454,Medium,7881185.92349243,14097.0266947453
3218,53033003201,32.01,Census Tract 32.01,Sunset Hill/Loyal Heights,10.3,2018,0.094,0.02,29,1069,,11927788.6225891,32094.5033857248
3219,53033004600,46,Census Tract 46,Green Lake,9.4,2018,0.046,0,7,65,Medium,27829368.7579956,25514.2239990877
3220,53033004702,47.02,Census Tract 47.02,Ballard,10.4,2018,0.156,0.106,43,1586,,2867507.734375,6956.44967487604
3221,53033002700,27,Census Tract 27,Green Lake,9.4,2018,0.082,0.043,24,354,,17058079.2767029,21942.8352783745
3222,53033001800,18,Census Tract 18,Licton Springs,9.2,2018,0.04,0.002,63,667,Medium,10182882.2714539,13946.100028213
3223,53033005202,52.02,Census Tract 52.02,Wallingford,11.2,2018,0.05,-0.000999999999999994,54,1573,Medium,2865193.63619995,7845.30321659896
3224,53033005303,53.03,Census Tract 53.03,University District,7.2,2018,0,0,0,0,,24349784.4945679,33904.6213661119
3225,53033004402,44.02,Census Tract 44.02,University District,7.2,2018,0.056,-0.016,62,1173,,3175021.43328857,7487.97985687102
3226,53033004401,44.01,Census Tract 44.01,University District,7.2,2018,0.092,-0.052,30,521,,7479571.76147461,12948.9751357778
3227,53033005307,53.07,Census Tract 53.07,University District,7.2,2018,0.056,0.003,20,413,,1399526.47988892,4758.85069026771
3228,53033004101,41.01,Census Tract 41.01,Laurelhurst/Sand Point,7.5,2018,0,0,3,71,High,16716852.6628113,24230.1579430562
3229,53033005402,54.02,Census Tract 54.02,Fremont,11.1,2018,0.053,-0.005,41,823,,4993141.86450195,10063.7978469566
3230,53033007700,77,Census Tract 77,Central Area/Squire Park,5.3,2018,0.045,-0.026,23,468,Medium,11391208.2196655,15242.2097594939
3231,53033007502,75.02,Census Tract 75.02,Capitol Hill,6.2,2018,0.053,-0.002,65,1498,,3400503.55529785,7403.62929266713
3232,53033007600,76,Census Tract 76,Miller Park,6.4,2018,0.067,-0.033,53,982,,6155389.38891602,9906.36833563623
3233,53033010200,102,Census Tract 102,Seward Park,4.3,2018,0.026,0,4,76,High,30129079.2078857,33439.4693972433
3234,53033010401,104.01,Census Tract 104.01,Beacon Hill,3.5,2018,0,0,0,0,,17543421.029068,17342.9302013933
3235,53033010402,104.02,Census Tract 104.02,Beacon Hill,3.5,2018,0.042,0.014,5,71,Medium,18759692.8948212,18925.0430066197
3236,53033010501,105.01,Census Tract 105.01,West Seattle Junction/Genesee Hill,1.3,2018,0.064,-0.07,19,1505,,7986746.71530151,12490.0968039152
3237,53033010102,101.02,Census Tract 101.02,Columbia City,4.2,2018,0,0,0,0,,17314610.0391541,22274.170768035
3238,53033009802,98.02,Census Tract 98.02,West Seattle Junction/Genesee Hill,1.3,2018,0.06,-0.027,20,385,,9927510.52307129,12982.7549339758
3239,53033009000,90,Census Tract 90,Judkins Park,5.2,2018,0.21,0.158,17,638,,9212173.19689941,14319.1029916181
3240,53033026400,264,Census Tract 264,South Park,3.1,2018,0,0,0,0,,461382.048629761,5763.40767367231
3241,53033001201,12.01,Census Tract 12.01,Northgate/Maple Leaf,8.1,2019,0.052,0.014,21,1172,,10851861.641449,15899.7733430541
3242,53033000404,4.04,Census Tract 4.04,Broadview/Bitter Lake,9.1,2019,0.045,0.008,7,509,Medium,6791652.7237854,12962.5584131713
3243,53033004901,49.01,Census Tract 49.01,Fremont,11.1,2019,0.058,-0.00199999999999999,108,991,,5350888.21542358,9379.65576684679
3244,53033003601,36.01,Census Tract 36.01,Green Lake,9.4,2019,0.048,-0.017,39,835,Medium,7255879.06799316,11894.2888948854
3245,53033002800,28,Census Tract 28,Greenwood/Phinney Ridge,9.3,2019,0.046,0,33,326,Medium,10637151.8217773,13201.311297987
3246,53033003100,31,Census Tract 31,Sunset Hill/Loyal Heights,10.3,2019,0.045,-0.009,15,112,Medium,23137464.0452271,24704.5678017235
3247,53033006400,64,Census Tract 64,Miller Park,6.4,2019,0.019,-0.02,5,103,High,9726351.90356445,13186.7701844683
3248,53033004301,43.01,Census Tract 43.01,Ravenna/Bryant,7.3,2019,0.029,0,8,69,High,10539780.5728455,17192.703749828
3249,53033002500,25,Census Tract 25,Ravenna/Bryant,7.3,2019,0.078,0,3,64,,10594634.2979736,16442.9685869958
3250,53033002200,22,Census Tract 22,Wedgwood/View Ridge,7.4,2019,0.024,0,6,164,High,30127208.0188904,28505.8067930163
3251,53033004000,40,Census Tract 40,Laurelhurst/Sand Point,7.5,2019,0.029,0,3,69,High,26374983.680542,27560.0138429836
3252,53033005804,58.04,Census Tract 58.04,Interbay,12.2,2019,0.035,-0.01,37,971,Medium,25124062.7388306,48668.2722430527
3253,53033006800,68,Census Tract 68,Queen Anne,12.3,2019,0.087,0.052,26,543,,7729250.27154541,11275.3773479613
3254,53033008102,81.02,Census Tract 81.02,Downtown Commercial Core,13.2,2019,0.055,-0.118,8,1119,,5987812.08642578,14339.9950294181
3255,53033008101,81.01,Census Tract 81.01,Downtown Commercial Core,13.2,2019,0.034,-0.006,6,1054,Medium,2992165.47857666,11427.1467556707
3256,53033007902,79.02,Census Tract 79.02,Central Area/Squire Park,5.3,2019,0.048,-0.028,22,1212,Medium,4641637.80010986,9715.12087740264
3257,53033007302,73.02,Census Tract 73.02,Cascade/Eastlake,11.3,2019,0.061,-0.072,7,2391,,3368769.26522827,7802.42635391176
3258,53033007101,71.01,Census Tract 71.01,Queen Anne,12.3,2019,0.114,0.02,28,1770,,5328474.60678101,9004.94722654019
3259,53033009300,93,Census Tract 93,Duwamish/SODO,3.3,2019,0.042,0,13,765,Medium,102171584.839813,53946.3734519274
3260,53033010502,105.02,Census Tract 105.02,West Seattle Junction/Genesee Hill,1.3,2019,0.067,0.009,28,1428,,10504351.3417664,14546.1362419116
3261,53033010001,100.01,Census Tract 100.01,North Beacon Hill/Jefferson Park,3.6,2019,0.031,-0.003,19,295,Medium,25052474.6053925,25628.9245317132
3262,53033009801,98.01,Census Tract 98.01,West Seattle Junction/Genesee Hill,1.3,2019,0.042,0.005,21,429,Medium,10814248.9397583,13291.5490832838
3263,53033008900,89,Census Tract 89,Madrona/Leschi,5.1,2019,0.049,0.003,17,245,Medium,13690717.169342,19328.7463975703
3264,53033026300,263,Census Tract 263,Rainier Beach,4.1,2019,0,0,0,0,,30724.63331604,954.048024444965
3265,53033012000,120,Census Tract 120,Arbor Heights,1.1,2019,0,0,0,0,,15560990.4431915,16787.974281693
3266,53033011101,111.01,Census Tract 111.01,Columbia City,4.2,2019,0.068,-0.015,14,869,,12236718.0846863,15552.0743493747
3267,53033011001,110.01,Census Tract 110.01,South Beacon Hill/NewHolly,3.4,2019,0,0,0,0,,11629041.0737,16287.3553131872
3268,53033010800,108,Census Tract 108,Riverview,2.3,2019,0.034,0,3,59,Medium,44087445.2204437,39019.3474976913
3269,53033000800,8,Census Tract 8,Cedar Park/Meadowbrook,8.3,2019,0,0,0,0,,12290810.0239868,15312.0874645944
3270,53033003400,34,Census Tract 34,Greenwood/Phinney Ridge,9.3,2019,0.054,0,9,93,,8472471.71472168,12629.322933575
3271,53033005306,53.06,Census Tract 53.06,University District,7.2,2019,0.081,0.03,20,780,,2157906.05789185,5954.87262312138
3272,53033004302,43.02,Census Tract 43.02,Ravenna/Bryant,7.3,2019,0.05,0,61,1023,Medium,3564115.6701355,7987.27441919544
3273,53033002400,24,Census Tract 24,Wedgwood/View Ridge,7.4,2019,0,0,0,0,,10359919.7832642,13151.7125244876
3274,53033004102,41.02,Census Tract 41.02,Laurelhurst/Sand Point,7.5,2019,0.053,0.01,7,487,,17933927.2689209,23350.8002922279
3275,53033005600,56,Census Tract 56,Magnolia,12.1,2019,0,0,0,0,,32045056.1363831,29943.5055294428
3276,53033006703,67.03,Census Tract 67.03,Queen Anne,12.3,2019,0.036,-0.008,35,608,Medium,6427171.88375854,10846.4930444777
3277,53033006100,61,Census Tract 61,Montlake/Portage Bay,7.1,2019,0.075,0.014,87,1463,,11959193.7410278,21477.2648301767
3278,53033005700,57,Census Tract 57,Magnolia,12.1,2019,0.043,0,28,352,Medium,53305584.4251709,44506.5655358236
3279,53033005901,59.01,Census Tract 59.01,Queen Anne,12.3,2019,0.036,-0.005,29,389,Medium,8449086.71850586,19075.2924234318
3280,53033008401,84.01,Census Tract 84.01,Capitol Hill,6.2,2019,0.054,-0.084,23,1830,,2700766.60922241,9275.81826751285
3281,53033008300,83,Census Tract 83,First Hill,6.1,2019,0.055,-0.033,14,1196,,2561276.49777222,8632.13489440587
3282,53033007501,75.01,Census Tract 75.01,Capitol Hill,6.2,2019,0.044,0.001,88,1904,Medium,3210519.93661499,7219.62364175991
3283,53033009702,97.02,Census Tract 97.02,West Seattle Junction/Genesee Hill,1.3,2019,0.048,0.01,7,105,Medium,23899907.4262695,28258.7625684306
3284,53033008800,88,Census Tract 88,Central Area/Squire Park,5.3,2019,0.041,0,30,320,Medium,10210038.8581238,13202.5268569703
3285,53033008500,85,Census Tract 85,First Hill,6.1,2019,0.075,0.029,21,1556,,4854121.3192749,9025.58161466663
3286,53033026500,265,Census Tract 265,Highland Park,2.5,2019,0,0,0,0,,4617675.48258972,11234.9647811896
3287,53033011601,116.01,Census Tract 116.01,Fauntleroy/Seaview,1.2,2019,0.038,0,6,80,Medium,16710842.8944397,20011.9659924997
3288,53033011300,113,Census Tract 113,Highland Park,2.5,2019,0.042,-0.015,17,334,Medium,37260682.9683075,27184.1613850878
3289,53033011500,115,Census Tract 115,Roxhill/Westwood,2.4,2019,0.088,0.016,12,250,,16558652.7529297,19887.3089363241
3290,53033010601,106.01,Census Tract 106.01,Fauntleroy/Seaview,1.2,2019,0.052,0.005,26,388,,11724162.319458,14458.8370353337
3291,53033001202,12.02,Census Tract 12.02,Northgate/Maple Leaf,8.1,2019,0.088,0.044,13,1205,,8841145.88363647,13324.9900925288
3292,53033000102,1.02,Census Tract 1.02,Cedar Park/Meadowbrook,8.3,2019,0.073,0.011,17,770,,15446821.4830017,19552.3623304664
3293,53033004701,47.01,Census Tract 47.01,Ballard,10.4,2019,0.056,-0.007,54,1486,,6036028.32614136,13539.0476262898
3294,53033004500,45,Census Tract 45,Wallingford,11.2,2019,0.038,0,3,53,Medium,7222109.8883667,11018.3020934985
3295,53033002900,29,Census Tract 29,Greenwood/Phinney Ridge,9.3,2019,0.052,0.003,25,286,,10614791.1058044,13366.3196709081
3296,53033004201,42.01,Census Tract 42.01,Ravenna/Bryant,7.3,2019,0.028,0,10,178,High,13390664.2680969,18286.1439211159
3297,53033007403,74.03,Census Tract 74.03,Capitol Hill,6.2,2019,0.038,-0.004,52,1586,Medium,1276089.0690918,5227.49528678734
3298,53033007002,70.02,Census Tract 70.02,Queen Anne,12.3,2019,0.037,-0.004,74,1555,Medium,4746869.84552002,9490.79905735624
3299,53033005803,58.03,Census Tract 58.03,Interbay,12.2,2019,0.055,0.003,32,382,,8956173.42456055,17129.1988103483
3300,53033005902,59.02,Census Tract 59.02,Queen Anne,12.3,2019,0.049,-0.009,10,103,Medium,11010649.894989,15184.2205727179
3301,53033004902,49.02,Census Tract 49.02,Fremont,11.1,2019,0.053,0.002,64,898,,6448262.3397522,10801.7314915315
3302,53033005801,58.01,Census Tract 58.01,Interbay,12.2,2019,0.038,-0.144,45,1305,Medium,19618424.2433472,25500.0139546944
3303,53033007406,74.06,Census Tract 74.06,Capitol Hill,6.2,2019,0.035,-0.00199999999999999,44,1274,Medium,1623443.82748413,6764.47724113477
3304,53033007405,74.05,Census Tract 74.05,Capitol Hill,6.2,2019,0.045,-0.034,52,1505,Medium,1418974.04168701,5012.79869002574
3305,53033009701,97.01,Census Tract 97.01,Alki/Admiral,1.4,2019,0.043,-0.005,36,400,Medium,19291172.1184692,29764.000341636
3306,53033009600,96,Census Tract 96,Alki/Admiral,1.4,2019,0.065,0,33,443,,19741501.6534882,20745.4059998832
3307,53033008700,87,Census Tract 87,Central Area/Squire Park,5.3,2019,0.043,-0.00700000000000001,41,516,Medium,7883013.1696167,11432.3842123557
3308,53033011402,114.02,Census Tract 114.02,Roxhill/Westwood,2.4,2019,0.042,0,24,449,Medium,12779277.8645477,17351.055007292
3309,53033011200,112,Census Tract 112,South Park,3.1,2019,0.057,-0.006,15,175,,26463890.0310974,27002.3375751905
3310,53033010900,109,Census Tract 109,Georgetown,3.2,2019,0.036,0,11,110,Medium,51677122.7107849,44978.7538438156
3311,53033011002,110.02,Census Tract 110.02,South Beacon Hill/NewHolly,3.4,2019,0,0,0,0,,18508908.4571838,22511.1267649617
3312,53033011102,111.02,Census Tract 111.02,Seward Park,4.3,2019,0.024,0,22,450,High,13970026.6890106,20411.1700649139
3313,53033010702,107.02,Census Tract 107.02,High Point,2.2,2019,0.026,-0.711,2,114,High,8396926.79307556,14935.9302412484
3314,53033001100,11,Census Tract 11,Olympic Hills/Victory Heights,8.2,2019,0.027,0,11,188,High,11416399.5888062,14159.1273465597
3315,53033000700,7,Census Tract 7,Olympic Hills/Victory Heights,8.2,2019,0.049,-0.003,55,980,Medium,13932242.3934631,16134.0299149422
3316,53033000202,2.02,Census Tract 2.02,Olympic Hills/Victory Heights,8.2,2019,0.049,0,5,182,Medium,15930118.4908752,17285.8273694368
3317,53033000101,1.01,Census Tract 1.01,Cedar Park/Meadowbrook,8.3,2019,0.044,-0.02,35,1361,Medium,4465058.88146973,8662.07421505589
3318,53033003301,33.01,Census Tract 33.01,Whittier Heights,10.2,2019,0.057,0.00600000000000001,62,825,,7202858.49346924,11177.1813262219
3319,53033003602,36.02,Census Tract 36.02,Green Lake,9.4,2019,0.196,0.151,55,2463,,5621886.08477783,11471.0943824279
3320,53033001900,19,Census Tract 19,Northgate/Maple Leaf,8.1,2019,0.048,0.009,9,516,Medium,17945171.5240173,18948.4812689278
3321,53033001702,17.02,Census Tract 17.02,Greenwood/Phinney Ridge,9.3,2019,0,0,0,0,,13779275.7612915,17476.4075143324
3322,53033006500,65,Census Tract 65,North Capitol Hill,6.3,2019,0.037,-0.004,77,1172,Medium,12352257.7561951,17921.5013322026
3323,53033006200,62,Census Tract 62,Montlake/Portage Bay,7.1,2019,0,0,0,0,,24610619.7424011,40010.5992573485
3324,53033005305,53.05,Census Tract 53.05,University District,7.2,2019,0.052,-0.007,47,1374,,2292236.61618042,6048.60922233999
3325,53033002600,26,Census Tract 26,Ravenna/Bryant,7.3,2019,0.062,-0.01,7,520,,13398040.1758728,15933.937900155
3326,53033002000,20,Census Tract 20,Northgate/Maple Leaf,8.1,2019,0.024,0,9,206,High,12183878.8231506,15509.5457092747
3327,53033006300,63,Census Tract 63,Madison Park,6.5,2019,0.022,-0.007,20,578,High,27750333.3955383,36285.8489218384
3328,53033006600,66,Census Tract 66,Cascade/Eastlake,11.3,2019,0.062,-0.00899999999999999,84,1670,,11110296.8534851,21995.1062951424
3329,53033006900,69,Census Tract 69,Queen Anne,12.3,2019,0.056,0.005,34,468,,9742176.64987183,15666.5439544695
3330,53033006000,60,Census Tract 60,Queen Anne,12.3,2019,0.06,0.001,57,860,,14158764.7126465,19123.0326298116
3331,53033005201,52.01,Census Tract 52.01,Wallingford,11.2,2019,0.137,0.089,25,699,,7536632.48083496,14175.9240617134
3332,53033005000,50,Census Tract 50,Wallingford,11.2,2019,0.047,-0.006,68,1211,Medium,8151942.29489136,11560.148011522
3333,53033008600,86,Census Tract 86,First Hill,6.1,2019,0.045,-0.005,54,2297,Medium,7656616.62564087,11640.7206126296
3334,53033008002,80.02,Census Tract 80.02,Belltown,13.1,2019,0.07,-0.05,18,2007,,2522029.80825806,7998.38246587977
3335,53033007901,79.01,Census Tract 79.01,Central Area/Squire Park,5.3,2019,0.041,-0.003,49,1010,Medium,2876299.50189209,7879.40433949822
3336,53033007202,72.02,Census Tract 72.02,Cascade/Eastlake,11.3,2019,0.04,-0.127,14,2195,Medium,3020075.66329956,7591.70188344636
3337,53033007301,73.01,Census Tract 73.01,Cascade/Eastlake,11.3,2019,0.047,-0.205,17,2365,Medium,2699344.10806274,7422.61069281975
3338,53033010302,103.02,Census Tract 103.02,Columbia City,4.2,2019,0.039,-0.015,21,1012,Medium,6804418.75059509,11267.2532000827
3339,53033009100,91,Census Tract 91,Pioneer Square/International District,13.3,2019,0.054,-0.001,14,912,,4419685.26577759,10608.3854115205
3340,53033009200,92,Census Tract 92,Pioneer Square/International District,13.3,2019,0.045,-0.039,12,486,Medium,3456088.55044556,12687.1211893969
3341,53033011700,117,Census Tract 117,South Beacon Hill/NewHolly,3.4,2019,0,0,0,0,,37826036.2597046,29439.6267373345
3342,53033000500,5,Census Tract 5,Broadview/Bitter Lake,9.1,2019,0,0,0,0,,30294741.0541992,27094.5667843899
3343,53033000601,6.01,Census Tract 6.01,Haller Lake,9.5,2019,0.013,0,17,610,High,15404952.5828857,20078.9564759328
3344,53033003500,35,Census Tract 35,Greenwood/Phinney Ridge,9.3,2019,0.105,0.055,22,313,,13828061.6665344,16634.3489620973
3345,53033001500,15,Census Tract 15,North Beach/Blue Ridge,10.1,2019,0.063,0,5,64,,12300447.062561,13960.3795463703
3346,53033001400,14,Census Tract 14,North Beach/Blue Ridge,10.1,2019,0.035,0.003,21,433,Medium,23073388.6559448,30536.3374485091
3347,53033001300,13,Census Tract 13,Licton Springs,9.2,2019,0.041,0,74,938,Medium,12710036.9901733,14881.0870453396
3348,53033003800,38,Census Tract 38,Ravenna/Bryant,7.3,2019,0.057,0.019,6,159,,6722791.39416504,10392.5315540704
3349,53033007001,70.01,Census Tract 70.01,Queen Anne,12.3,2019,0.046,0.005,50,1377,Medium,3856290.05014038,9530.30256857274
3350,53033004800,48,Census Tract 48,Fremont,11.1,2019,0.063,0.011,29,350,,13833886.8196411,18822.2365726525
3351,53033005100,51,Census Tract 51,Wallingford,11.2,2019,0.049,0,24,350,Medium,9490350.15280151,13462.5915467426
3352,53033008200,82,Census Tract 82,First Hill,6.1,2019,0.049,-0.006,15,2009,Medium,4044773.82589722,9102.1403414799
3353,53033010101,101.01,Census Tract 101.01,Columbia City,4.2,2019,0.038,-0.101,10,319,Medium,9381810.13056946,15311.6567050508
3354,53033012100,121,Census Tract 121,Arbor Heights,1.1,2019,0,0,0,0,,18538900.9337463,25983.6162383482
3355,53033011901,119.01,Census Tract 119.01,Rainier Beach,4.1,2019,0,0,0,0,,18097640.7372589,20485.6455423004
3356,53033000602,6.02,Census Tract 6.02,Haller Lake,9.5,2019,0.051,-0.00700000000000001,9,396,,25947507.8614197,23221.7047501309
3357,53033000201,2.01,Census Tract 2.01,Olympic Hills/Victory Heights,8.2,2019,0.032,0,13,873,Medium,19446176.3249207,18651.5780841956
3358,53033003302,33.02,Census Tract 33.02,Whittier Heights,10.2,2019,0.065,0.00600000000000001,56,522,,6749336.48599243,10550.8179265194
3359,53033005304,53.04,Census Tract 53.04,University District,7.2,2019,0,0,0,0,,786047.098052979,4083.12606626598
3360,53033004202,42.02,Census Tract 42.02,Ravenna/Bryant,7.3,2019,0.026,0.009,6,115,High,13141688.4516602,15651.6663663576
3361,53033007404,74.04,Census Tract 74.04,Capitol Hill,6.2,2019,0.052,0.003,63,1314,,1654579.82751465,5775.69998668964
3362,53033006701,67.01,Census Tract 67.01,Queen Anne,12.3,2019,0.064,-0.012,22,2239,,3639833.1784668,12143.7792365382
3363,53033007800,78,Census Tract 78,Madrona/Leschi,5.1,2019,0.055,0.017,6,91,,22245158.163269,28746.3735215772
3364,53033007503,75.03,Census Tract 75.03,Capitol Hill,6.2,2019,0.057,-0.011,24,1676,,2018614.36813354,6484.38948226953
3365,53033007201,72.01,Census Tract 72.01,Cascade/Eastlake,11.3,2019,0.039,-0.009,15,2271,Medium,1622558.90014648,5873.2165106452
3366,53033007203,72.03,Census Tract 72.03,Cascade/Eastlake,11.3,2019,0.045,-0.081,15,1695,Medium,6238804.94293213,12493.9648041578
3367,53033010301,103.01,Census Tract 103.01,Columbia City,4.2,2019,0.038,0,4,52,Medium,10792262.4648438,16924.3685147596
3368,53033009900,99,Census Tract 99,North Delridge,2.1,2019,0.052,-0.012,25,990,,70254374.707016,64633.6615792341
3369,53033009500,95,Census Tract 95,Mt. Baker/North Rainier,4.4,2019,0.135,-0.024,14,170,,27424305.6749573,29618.2112966095
3370,53033009400,94,Census Tract 94,North Beacon Hill/Jefferson Park,3.6,2019,0.04,-0.004,54,683,Medium,18150625.6758423,18874.5831831158
3371,53033011801,118.01,Census Tract 118.01,Rainier Beach,4.1,2019,0.019,0,12,258,High,12671173.5070038,15849.8135377743
3372,53033011602,116.02,Census Tract 116.02,Fauntleroy/Seaview,1.2,2019,0.044,0,13,113,Medium,16924173.2272644,24704.0405747324
3373,53033011401,114.01,Census Tract 114.01,Roxhill/Westwood,2.4,2019,0.057,-0.012,6,565,,13273369.1432037,17478.0591593666
3374,53033010701,107.01,Census Tract 107.01,High Point,2.2,2019,0.084,0.014,5,214,,15726285.722641,21302.3651802902
3375,53033010602,106.02,Census Tract 106.02,Fauntleroy/Seaview,1.2,2019,0.048,0,23,374,Medium,15462014.0646667,23774.9471378089
3376,53033000900,9,Census Tract 9,Cedar Park/Meadowbrook,8.3,2019,0,0,0,0,,10031158.8856812,20828.1661958069
3377,53033000402,4.02,Census Tract 4.02,Broadview/Bitter Lake,9.1,2019,0.049,-0.139,28,589,Medium,19362220.5229187,21397.1752981976
3378,53033000300,3,Census Tract 3,Haller Lake,9.5,2019,0.024,0.012,7,83,High,13033864.5966187,17298.0295354457
3379,53033003202,32.02,Census Tract 32.02,Sunset Hill/Loyal Heights,10.3,2019,0.059,-0.003,35,387,,10289818.4570313,12945.3948643709
3380,53033003000,30,Census Tract 30,Whittier Heights,10.2,2019,0.042,0.002,27,354,Medium,16072222.0088196,16061.947620856
3381,53033001701,17.01,Census Tract 17.01,Greenwood/Phinney Ridge,9.3,2019,0.059,0.01,35,709,,9609026.08453369,17164.4547776423
3382,53033001600,16,Census Tract 16,North Beach/Blue Ridge,10.1,2019,0.049,0,11,143,Medium,20575392.7101746,23147.6459804202
3383,53033002100,21,Census Tract 21,Wedgwood/View Ridge,7.4,2019,0.039,0.002,17,483,Medium,14696796.7441101,16139.9218598102
3384,53033003900,39,Census Tract 39,Wedgwood/View Ridge,7.4,2019,0.019,0.01,8,108,High,10481334.9800415,13200.9092050947
3385,53033007102,71.02,Census Tract 71.02,Queen Anne,12.3,2019,0.04,-0.007,28,1435,Medium,3615500.8977356,11499.9407456685
3386,53033006702,67.02,Census Tract 67.02,Queen Anne,12.3,2019,0.039,-0.01,34,1182,Medium,3280147.99505615,8593.8649046644
3387,53033005401,54.01,Census Tract 54.01,Fremont,11.1,2019,0.05,-0.01,38,1181,Medium,7892270.58761597,19740.10787087
3388,53033008004,80.04,Census Tract 80.04,Belltown,13.1,2019,0.067,0.013,10,1067,,2908326.63348389,14944.9795882911
3389,53033008003,80.03,Census Tract 80.03,Belltown,13.1,2019,0.062,0.004,13,1361,,2122043.71142578,8720.99942149515
3390,53033008402,84.02,Census Tract 84.02,Capitol Hill,6.2,2019,0.052,0.001,42,1980,,1565507.71533203,5220.86848686108
3391,53033007303,73.03,Census Tract 73.03,Cascade/Eastlake,11.3,2019,0.072,-0.219,11,2365,,3374596.39306641,7984.8635220016
3392,53033010002,100.02,Census Tract 100.02,North Beacon Hill/Jefferson Park,3.6,2019,0.03,0.002,22,532,High,10204645.644455,13732.7653894052
3393,53033011902,119.02,Census Tract 119.02,Rainier Beach,4.1,2019,0,0,0,0,,16290813.6344757,28897.5986341236
3394,53033011802,118.02,Census Tract 118.02,Rainier Beach,4.1,2019,0.045,-0.015,3,67,Medium,12323056.7394714,17201.5467858114
3395,53033004703,47.03,Census Tract 47.03,Ballard,10.4,2019,0.062,-0.022,56,1108,,13030918.1381531,18718.8593915212
3396,53033001000,10,Census Tract 10,Cedar Park/Meadowbrook,8.3,2019,0.066,0,5,122,,10270271.6852112,13147.0305998084
3397,53033000403,4.03,Census Tract 4.03,Broadview/Bitter Lake,9.1,2019,0.031,-0.004,12,454,Medium,7881185.92349243,14097.0266947453
3398,53033003201,32.01,Census Tract 32.01,Sunset Hill/Loyal Heights,10.3,2019,0.103,0.00899999999999999,29,1069,,11927788.6225891,32094.5033857248
3399,53033004600,46,Census Tract 46,Green Lake,9.4,2019,0.046,0,7,65,Medium,27829368.7579956,25514.2239990877
3400,53033004702,47.02,Census Tract 47.02,Ballard,10.4,2019,0.044,-0.112,43,1586,Medium,2867507.734375,6956.44967487604
3401,53033002700,27,Census Tract 27,Green Lake,9.4,2019,0.04,-0.042,24,354,Medium,17058079.2767029,21942.8352783745
3402,53033001800,18,Census Tract 18,Licton Springs,9.2,2019,0.039,-0.001,63,667,Medium,10182882.2714539,13946.100028213
3403,53033005202,52.02,Census Tract 52.02,Wallingford,11.2,2019,0.046,-0.004,54,1573,Medium,2865193.63619995,7845.30321659896
3404,53033005303,53.03,Census Tract 53.03,University District,7.2,2019,0,0,0,0,,24349784.4945679,33904.6213661119
3405,53033004402,44.02,Census Tract 44.02,University District,7.2,2019,0.063,0.007,65,1292,,3175021.43328857,7487.97985687102
3406,53033004401,44.01,Census Tract 44.01,University District,7.2,2019,0.092,0,30,521,,7479571.76147461,12948.9751357778
3407,53033005307,53.07,Census Tract 53.07,University District,7.2,2019,0.053,-0.003,20,413,,1399526.47988892,4758.85069026771
3408,53033004101,41.01,Census Tract 41.01,Laurelhurst/Sand Point,7.5,2019,0,0,3,71,High,16716852.6628113,24230.1579430562
3409,53033005402,54.02,Census Tract 54.02,Fremont,11.1,2019,0.053,0,42,882,,4993141.86450195,10063.7978469566
3410,53033007700,77,Census Tract 77,Central Area/Squire Park,5.3,2019,0.043,-0.002,23,468,Medium,11391208.2196655,15242.2097594939
3411,53033007502,75.02,Census Tract 75.02,Capitol Hill,6.2,2019,0.047,-0.006,65,1498,Medium,3400503.55529785,7403.62929266713
3412,53033007600,76,Census Tract 76,Miller Park,6.4,2019,0.045,-0.022,54,1035,Medium,6155389.38891602,9906.36833563623
3413,53033010200,102,Census Tract 102,Seward Park,4.3,2019,0.026,0,4,76,High,30129079.2078857,33439.4693972433
3414,53033010401,104.01,Census Tract 104.01,Beacon Hill,3.5,2019,0,0,0,0,,17543421.029068,17342.9302013933
3415,53033010402,104.02,Census Tract 104.02,Beacon Hill,3.5,2019,0.042,0,5,71,Medium,18759692.8948212,18925.0430066197
3416,53033010501,105.01,Census Tract 105.01,West Seattle Junction/Genesee Hill,1.3,2019,0.057,-0.007,20,1624,,7986746.71530151,12490.0968039152
3417,53033010102,101.02,Census Tract 101.02,Columbia City,4.2,2019,0,0,0,0,,17314610.0391541,22274.170768035
3418,53033009802,98.02,Census Tract 98.02,West Seattle Junction/Genesee Hill,1.3,2019,0.042,-0.018,20,385,Medium,9927510.52307129,12982.7549339758
3419,53033009000,90,Census Tract 90,Judkins Park,5.2,2019,0.069,-0.141,18,768,,9212173.19689941,14319.1029916181
3420,53033026400,264,Census Tract 264,South Park,3.1,2019,0,0,0,0,,461382.048629761,5763.40767367231
3421,53033001201,12.01,Census Tract 12.01,Northgate/Maple Leaf,8.1,2020,0.041,-0.011,22,1230,Medium,10851861.641449,15899.7733430541
3422,53033000404,4.04,Census Tract 4.04,Broadview/Bitter Lake,9.1,2020,0.067,0.022,7,509,,6791652.7237854,12962.5584131713
3423,53033004901,49.01,Census Tract 49.01,Fremont,11.1,2020,0.068,0.01,108,991,,5350888.21542358,9379.65576684679
3424,53033003601,36.01,Census Tract 36.01,Green Lake,9.4,2020,0.085,0.037,40,860,,7255879.06799316,11894.2888948854
3425,53033002800,28,Census Tract 28,Greenwood/Phinney Ridge,9.3,2020,0.052,0.006,33,326,,10637151.8217773,13201.311297987
3426,53033003100,31,Census Tract 31,Sunset Hill/Loyal Heights,10.3,2020,0.054,0.009,15,112,,23137464.0452271,24704.5678017235
3427,53033006400,64,Census Tract 64,Miller Park,6.4,2020,0.019,0,5,103,High,9726351.90356445,13186.7701844683
3428,53033004301,43.01,Census Tract 43.01,Ravenna/Bryant,7.3,2020,0.596,0.567,9,312,,10539780.5728455,17192.703749828
3429,53033002500,25,Census Tract 25,Ravenna/Bryant,7.3,2020,0.094,0.016,3,64,,10594634.2979736,16442.9685869958
3430,53033002200,22,Census Tract 22,Wedgwood/View Ridge,7.4,2020,0.03,0.006,6,164,High,30127208.0188904,28505.8067930163
3431,53033004000,40,Census Tract 40,Laurelhurst/Sand Point,7.5,2020,0.058,0.029,3,69,,26374983.680542,27560.0138429836
3432,53033005804,58.04,Census Tract 58.04,Interbay,12.2,2020,0.166,0.131,38,1064,,25124062.7388306,48668.2722430527
3433,53033006800,68,Census Tract 68,Queen Anne,12.3,2020,0.063,-0.024,26,543,,7729250.27154541,11275.3773479613
3434,53033008102,81.02,Census Tract 81.02,Downtown Commercial Core,13.2,2020,0.075,0.02,8,1119,,5987812.08642578,14339.9950294181
3435,53033008101,81.01,Census Tract 81.01,Downtown Commercial Core,13.2,2020,0.036,0.00199999999999999,6,1054,Medium,2992165.47857666,11427.1467556707
3436,53033007902,79.02,Census Tract 79.02,Central Area/Squire Park,5.3,2020,0.07,0.022,22,1212,,4641637.80010986,9715.12087740264
3437,53033007302,73.02,Census Tract 73.02,Cascade/Eastlake,11.3,2020,0.136,0.075,7,2391,,3368769.26522827,7802.42635391176
3438,53033007101,71.01,Census Tract 71.01,Queen Anne,12.3,2020,0.087,-0.027,28,1770,,5328474.60678101,9004.94722654019
3439,53033009300,93,Census Tract 93,Duwamish/SODO,3.3,2020,0.106,0.064,13,765,,102171584.839813,53946.3734519274
3440,53033010502,105.02,Census Tract 105.02,West Seattle Junction/Genesee Hill,1.3,2020,0.09,0.023,28,1428,,10504351.3417664,14546.1362419116
3441,53033010001,100.01,Census Tract 100.01,North Beacon Hill/Jefferson Park,3.6,2020,0.243,0.212,20,596,,25052474.6053925,25628.9245317132
3442,53033009801,98.01,Census Tract 98.01,West Seattle Junction/Genesee Hill,1.3,2020,0.076,0.034,22,537,,10814248.9397583,13291.5490832838
3443,53033008900,89,Census Tract 89,Madrona/Leschi,5.1,2020,0.456,0.407,18,777,,13690717.169342,19328.7463975703
3444,53033026300,263,Census Tract 263,Rainier Beach,4.1,2020,0,0,0,0,,30724.63331604,954.048024444965
3445,53033012000,120,Census Tract 120,Arbor Heights,1.1,2020,0,0,0,0,,15560990.4431915,16787.974281693
3446,53033011101,111.01,Census Tract 111.01,Columbia City,4.2,2020,0.083,0.015,14,869,,12236718.0846863,15552.0743493747
3447,53033011001,110.01,Census Tract 110.01,South Beacon Hill/NewHolly,3.4,2020,0,0,0,0,,11629041.0737,16287.3553131872
3448,53033010800,108,Census Tract 108,Riverview,2.3,2020,0.051,0.017,3,59,,44087445.2204437,39019.3474976913
3449,53033000800,8,Census Tract 8,Cedar Park/Meadowbrook,8.3,2020,0,0,0,0,,12290810.0239868,15312.0874645944
3450,53033003400,34,Census Tract 34,Greenwood/Phinney Ridge,9.3,2020,0.065,0.011,9,93,,8472471.71472168,12629.322933575
3451,53033005306,53.06,Census Tract 53.06,University District,7.2,2020,0.155,0.074,20,780,,2157906.05789185,5954.87262312138
3452,53033004302,43.02,Census Tract 43.02,Ravenna/Bryant,7.3,2020,0.113,0.063,62,1075,,3564115.6701355,7987.27441919544
3453,53033002400,24,Census Tract 24,Wedgwood/View Ridge,7.4,2020,0,0,0,0,,10359919.7832642,13151.7125244876
3454,53033004102,41.02,Census Tract 41.02,Laurelhurst/Sand Point,7.5,2020,0.088,0.035,7,487,,17933927.2689209,23350.8002922279
3455,53033005600,56,Census Tract 56,Magnolia,12.1,2020,0,0,0,0,,32045056.1363831,29943.5055294428
3456,53033006703,67.03,Census Tract 67.03,Queen Anne,12.3,2020,0.054,0.018,35,608,,6427171.88375854,10846.4930444777
3457,53033006100,61,Census Tract 61,Montlake/Portage Bay,7.1,2020,0.083,0.00800000000000001,86,1458,,11959193.7410278,21477.2648301767
3458,53033005700,57,Census Tract 57,Magnolia,12.1,2020,0.063,0.02,28,352,,53305584.4251709,44506.5655358236
3459,53033005901,59.01,Census Tract 59.01,Queen Anne,12.3,2020,0.049,0.013,29,389,Medium,8449086.71850586,19075.2924234318
3460,53033008401,84.01,Census Tract 84.01,Capitol Hill,6.2,2020,0.12,0.066,24,1921,,2700766.60922241,9275.81826751285
3461,53033008300,83,Census Tract 83,First Hill,6.1,2020,0.094,0.039,14,1196,,2561276.49777222,8632.13489440587
3462,53033007501,75.01,Census Tract 75.01,Capitol Hill,6.2,2020,0.064,0.02,89,1934,,3210519.93661499,7219.62364175991
3463,53033009702,97.02,Census Tract 97.02,West Seattle Junction/Genesee Hill,1.3,2020,0.057,0.009,7,105,,23899907.4262695,28258.7625684306
3464,53033008800,88,Census Tract 88,Central Area/Squire Park,5.3,2020,0.069,0.028,30,320,,10210038.8581238,13202.5268569703
3465,53033008500,85,Census Tract 85,First Hill,6.1,2020,0.069,-0.00599999999999999,21,1556,,4854121.3192749,9025.58161466663
3466,53033026500,265,Census Tract 265,Highland Park,2.5,2020,0,0,0,0,,4617675.48258972,11234.9647811896
3467,53033011601,116.01,Census Tract 116.01,Fauntleroy/Seaview,1.2,2020,0.05,0.012,6,80,Medium,16710842.8944397,20011.9659924997
3468,53033011300,113,Census Tract 113,Highland Park,2.5,2020,0.06,0.018,17,334,,37260682.9683075,27184.1613850878
3469,53033011500,115,Census Tract 115,Roxhill/Westwood,2.4,2020,0.108,0.02,12,250,,16558652.7529297,19887.3089363241
3470,53033010601,106.01,Census Tract 106.01,Fauntleroy/Seaview,1.2,2020,0.049,-0.003,26,388,Medium,11724162.319458,14458.8370353337
3471,53033001202,12.02,Census Tract 12.02,Northgate/Maple Leaf,8.1,2020,0.066,-0.022,13,1205,,8841145.88363647,13324.9900925288
3472,53033000102,1.02,Census Tract 1.02,Cedar Park/Meadowbrook,8.3,2020,0.057,-0.016,17,770,,15446821.4830017,19552.3623304664
3473,53033004701,47.01,Census Tract 47.01,Ballard,10.4,2020,0.065,0.009,54,1486,,6036028.32614136,13539.0476262898
3474,53033004500,45,Census Tract 45,Wallingford,11.2,2020,0.075,0.037,3,53,,7222109.8883667,11018.3020934985
3475,53033002900,29,Census Tract 29,Greenwood/Phinney Ridge,9.3,2020,0.056,0.004,25,286,,10614791.1058044,13366.3196709081
3476,53033004201,42.01,Census Tract 42.01,Ravenna/Bryant,7.3,2020,0.051,0.023,10,178,,13390664.2680969,18286.1439211159
3477,53033007403,74.03,Census Tract 74.03,Capitol Hill,6.2,2020,0.056,0.018,52,1586,,1276089.0690918,5227.49528678734
3478,53033007002,70.02,Census Tract 70.02,Queen Anne,12.3,2020,0.181,0.144,75,1824,,4746869.84552002,9490.79905735624
3479,53033005803,58.03,Census Tract 58.03,Interbay,12.2,2020,0.068,0.013,32,382,,8956173.42456055,17129.1988103483
3480,53033005902,59.02,Census Tract 59.02,Queen Anne,12.3,2020,0.068,0.019,10,103,,11010649.894989,15184.2205727179
3481,53033004902,49.02,Census Tract 49.02,Fremont,11.1,2020,0.103,0.05,65,952,,6448262.3397522,10801.7314915315
3482,53033005801,58.01,Census Tract 58.01,Interbay,12.2,2020,0.084,0.046,45,1305,,19618424.2433472,25500.0139546944
3483,53033007406,74.06,Census Tract 74.06,Capitol Hill,6.2,2020,0.073,0.038,44,1274,,1623443.82748413,6764.47724113477
3484,53033007405,74.05,Census Tract 74.05,Capitol Hill,6.2,2020,0.053,0.008,52,1505,,1418974.04168701,5012.79869002574
3485,53033009701,97.01,Census Tract 97.01,Alki/Admiral,1.4,2020,0.055,0.012,36,400,,19291172.1184692,29764.000341636
3486,53033009600,96,Census Tract 96,Alki/Admiral,1.4,2020,0.096,0.031,35,469,,19741501.6534882,20745.4059998832
3487,53033008700,87,Census Tract 87,Central Area/Squire Park,5.3,2020,0.115,0.072,42,565,,7883013.1696167,11432.3842123557
3488,53033011402,114.02,Census Tract 114.02,Roxhill/Westwood,2.4,2020,0.053,0.011,24,449,,12779277.8645477,17351.055007292
3489,53033011200,112,Census Tract 112,South Park,3.1,2020,0.069,0.012,15,175,,26463890.0310974,27002.3375751905
3490,53033010900,109,Census Tract 109,Georgetown,3.2,2020,0.036,0,11,110,Medium,51677122.7107849,44978.7538438156
3491,53033011002,110.02,Census Tract 110.02,South Beacon Hill/NewHolly,3.4,2020,0,0,0,0,,18508908.4571838,22511.1267649617
3492,53033011102,111.02,Census Tract 111.02,Seward Park,4.3,2020,0.024,0,22,450,High,13970026.6890106,20411.1700649139
3493,53033010702,107.02,Census Tract 107.02,High Point,2.2,2020,0.053,0.027,2,114,,8396926.79307556,14935.9302412484
3494,53033001100,11,Census Tract 11,Olympic Hills/Victory Heights,8.2,2020,0.048,0.021,11,188,Medium,11416399.5888062,14159.1273465597
3495,53033000700,7,Census Tract 7,Olympic Hills/Victory Heights,8.2,2020,0.053,0.004,55,980,,13932242.3934631,16134.0299149422
3496,53033000202,2.02,Census Tract 2.02,Olympic Hills/Victory Heights,8.2,2020,0.066,0.017,5,182,,15930118.4908752,17285.8273694368
3497,53033000101,1.01,Census Tract 1.01,Cedar Park/Meadowbrook,8.3,2020,0.059,0.015,34,1353,,4465058.88146973,8662.07421505589
3498,53033003301,33.01,Census Tract 33.01,Whittier Heights,10.2,2020,0.058,0.001,62,825,,7202858.49346924,11177.1813262219
3499,53033003602,36.02,Census Tract 36.02,Green Lake,9.4,2020,0.089,-0.107,55,2463,,5621886.08477783,11471.0943824279
3500,53033001900,19,Census Tract 19,Northgate/Maple Leaf,8.1,2020,0.06,0.012,9,516,,17945171.5240173,18948.4812689278
3501,53033001702,17.02,Census Tract 17.02,Greenwood/Phinney Ridge,9.3,2020,0,0,0,0,,13779275.7612915,17476.4075143324
3502,53033006500,65,Census Tract 65,North Capitol Hill,6.3,2020,0.059,0.022,77,1172,,12352257.7561951,17921.5013322026
3503,53033006200,62,Census Tract 62,Montlake/Portage Bay,7.1,2020,0,0,0,0,,24610619.7424011,40010.5992573485
3504,53033005305,53.05,Census Tract 53.05,University District,7.2,2020,0.105,0.053,38,1267,,2292236.61618042,6048.60922233999
3505,53033002600,26,Census Tract 26,Ravenna/Bryant,7.3,2020,0.062,0,7,520,,13398040.1758728,15933.937900155
3506,53033002000,20,Census Tract 20,Northgate/Maple Leaf,8.1,2020,0.024,0,9,206,High,12183878.8231506,15509.5457092747
3507,53033006300,63,Census Tract 63,Madison Park,6.5,2020,0.033,0.011,20,578,Medium,27750333.3955383,36285.8489218384
3508,53033006600,66,Census Tract 66,Cascade/Eastlake,11.3,2020,0.092,0.03,85,1703,,11110296.8534851,21995.1062951424
3509,53033006900,69,Census Tract 69,Queen Anne,12.3,2020,0.071,0.015,34,468,,9742176.64987183,15666.5439544695
3510,53033006000,60,Census Tract 60,Queen Anne,12.3,2020,0.093,0.033,56,852,,14158764.7126465,19123.0326298116
3511,53033005201,52.01,Census Tract 52.01,Wallingford,11.2,2020,0.103,-0.034,26,719,,7536632.48083496,14175.9240617134
3512,53033005000,50,Census Tract 50,Wallingford,11.2,2020,0.051,0.004,68,1211,,8151942.29489136,11560.148011522
3513,53033008600,86,Census Tract 86,First Hill,6.1,2020,0.12,0.075,55,2381,,7656616.62564087,11640.7206126296
3514,53033008002,80.02,Census Tract 80.02,Belltown,13.1,2020,0.094,0.024,18,2007,,2522029.80825806,7998.38246587977
3515,53033007901,79.01,Census Tract 79.01,Central Area/Squire Park,5.3,2020,0.079,0.038,50,1053,,2876299.50189209,7879.40433949822
3516,53033007202,72.02,Census Tract 72.02,Cascade/Eastlake,11.3,2020,0.107,0.067,14,2195,,3020075.66329956,7591.70188344636
3517,53033007301,73.01,Census Tract 73.01,Cascade/Eastlake,11.3,2020,0.179,0.132,17,2365,,2699344.10806274,7422.61069281975
3518,53033010302,103.02,Census Tract 103.02,Columbia City,4.2,2020,0.059,0.02,22,1021,,6804418.75059509,11267.2532000827
3519,53033009100,91,Census Tract 91,Pioneer Square/International District,13.3,2020,0.27,0.216,15,1200,,4419685.26577759,10608.3854115205
3520,53033009200,92,Census Tract 92,Pioneer Square/International District,13.3,2020,0.123,0.078,12,486,,3456088.55044556,12687.1211893969
3521,53033011700,117,Census Tract 117,South Beacon Hill/NewHolly,3.4,2020,0,0,0,0,,37826036.2597046,29439.6267373345
3522,53033000500,5,Census Tract 5,Broadview/Bitter Lake,9.1,2020,0,0,0,0,,30294741.0541992,27094.5667843899
3523,53033000601,6.01,Census Tract 6.01,Haller Lake,9.5,2020,0.023,0.01,17,610,High,15404952.5828857,20078.9564759328
3524,53033003500,35,Census Tract 35,Greenwood/Phinney Ridge,9.3,2020,0.061,-0.044,22,313,,13828061.6665344,16634.3489620973
3525,53033001500,15,Census Tract 15,North Beach/Blue Ridge,10.1,2020,0.078,0.015,5,64,,12300447.062561,13960.3795463703
3526,53033001400,14,Census Tract 14,North Beach/Blue Ridge,10.1,2020,0.032,-0.003,21,433,Medium,23073388.6559448,30536.3374485091
3527,53033001300,13,Census Tract 13,Licton Springs,9.2,2020,0.049,0.008,75,954,Medium,12710036.9901733,14881.0870453396
3528,53033003800,38,Census Tract 38,Ravenna/Bryant,7.3,2020,0.094,0.037,6,159,,6722791.39416504,10392.5315540704
3529,53033007001,70.01,Census Tract 70.01,Queen Anne,12.3,2020,0.053,0.007,50,1377,,3856290.05014038,9530.30256857274
3530,53033004800,48,Census Tract 48,Fremont,11.1,2020,0.071,0.00799999999999999,29,350,,13833886.8196411,18822.2365726525
3531,53033005100,51,Census Tract 51,Wallingford,11.2,2020,0.057,0.008,24,350,,9490350.15280151,13462.5915467426
3532,53033008200,82,Census Tract 82,First Hill,6.1,2020,0.131,0.082,15,2009,,4044773.82589722,9102.1403414799
3533,53033010101,101.01,Census Tract 101.01,Columbia City,4.2,2020,0.078,0.04,10,319,,9381810.13056946,15311.6567050508
3534,53033012100,121,Census Tract 121,Arbor Heights,1.1,2020,0,0,0,0,,18538900.9337463,25983.6162383482
3535,53033011901,119.01,Census Tract 119.01,Rainier Beach,4.1,2020,0,0,0,0,,18097640.7372589,20485.6455423004
3536,53033000602,6.02,Census Tract 6.02,Haller Lake,9.5,2020,0.061,0.01,9,396,,25947507.8614197,23221.7047501309
3537,53033000201,2.01,Census Tract 2.01,Olympic Hills/Victory Heights,8.2,2020,0.039,0.007,13,873,Medium,19446176.3249207,18651.5780841956
3538,53033003302,33.02,Census Tract 33.02,Whittier Heights,10.2,2020,0.089,0.024,57,552,,6749336.48599243,10550.8179265194
3539,53033005304,53.04,Census Tract 53.04,University District,7.2,2020,0,0,0,0,,786047.098052979,4083.12606626598
3540,53033004202,42.02,Census Tract 42.02,Ravenna/Bryant,7.3,2020,0.061,0.035,6,115,,13141688.4516602,15651.6663663576
3541,53033007404,74.04,Census Tract 74.04,Capitol Hill,6.2,2020,0.084,0.032,64,1389,,1654579.82751465,5775.69998668964
3542,53033006701,67.01,Census Tract 67.01,Queen Anne,12.3,2020,0.122,0.058,23,2319,,3639833.1784668,12143.7792365382
3543,53033007800,78,Census Tract 78,Madrona/Leschi,5.1,2020,0.066,0.011,6,91,,22245158.163269,28746.3735215772
3544,53033007503,75.03,Census Tract 75.03,Capitol Hill,6.2,2020,0.097,0.04,25,1721,,2018614.36813354,6484.38948226953
3545,53033007201,72.01,Census Tract 72.01,Cascade/Eastlake,11.3,2020,0.082,0.043,15,2271,,1622558.90014648,5873.2165106452
3546,53033007203,72.03,Census Tract 72.03,Cascade/Eastlake,11.3,2020,0.081,0.036,16,1770,,6238804.94293213,12493.9648041578
3547,53033010301,103.01,Census Tract 103.01,Columbia City,4.2,2020,0.038,0,4,52,Medium,10792262.4648438,16924.3685147596
3548,53033009900,99,Census Tract 99,North Delridge,2.1,2020,0.079,0.027,25,990,,70254374.707016,64633.6615792341
3549,53033009500,95,Census Tract 95,Mt. Baker/North Rainier,4.4,2020,0.135,0,14,170,,27424305.6749573,29618.2112966095
3550,53033009400,94,Census Tract 94,North Beacon Hill/Jefferson Park,3.6,2020,0.055,0.015,55,689,,18150625.6758423,18874.5831831158
3551,53033011801,118.01,Census Tract 118.01,Rainier Beach,4.1,2020,0.019,0,12,258,High,12671173.5070038,15849.8135377743
3552,53033011602,116.02,Census Tract 116.02,Fauntleroy/Seaview,1.2,2020,0.053,0.009,13,113,,16924173.2272644,24704.0405747324
3553,53033011401,114.01,Census Tract 114.01,Roxhill/Westwood,2.4,2020,0.06,0.003,6,565,,13273369.1432037,17478.0591593666
3554,53033010701,107.01,Census Tract 107.01,High Point,2.2,2020,0.103,0.019,5,214,,15726285.722641,21302.3651802902
3555,53033010602,106.02,Census Tract 106.02,Fauntleroy/Seaview,1.2,2020,0.053,0.005,23,374,,15462014.0646667,23774.9471378089
3556,53033000900,9,Census Tract 9,Cedar Park/Meadowbrook,8.3,2020,0,0,0,0,,10031158.8856812,20828.1661958069
3557,53033000402,4.02,Census Tract 4.02,Broadview/Bitter Lake,9.1,2020,0.048,-0.001,28,589,Medium,19362220.5229187,21397.1752981976
3558,53033000300,3,Census Tract 3,Haller Lake,9.5,2020,0.024,0,7,83,High,13033864.5966187,17298.0295354457
3559,53033003202,32.02,Census Tract 32.02,Sunset Hill/Loyal Heights,10.3,2020,0.067,0.00800000000000001,35,387,,10289818.4570313,12945.3948643709
3560,53033003000,30,Census Tract 30,Whittier Heights,10.2,2020,0.059,0.017,27,354,,16072222.0088196,16061.947620856
3561,53033001701,17.01,Census Tract 17.01,Greenwood/Phinney Ridge,9.3,2020,0.065,0.00600000000000001,35,709,,9609026.08453369,17164.4547776423
3562,53033001600,16,Census Tract 16,North Beach/Blue Ridge,10.1,2020,0.207,0.158,14,222,,20575392.7101746,23147.6459804202
3563,53033002100,21,Census Tract 21,Wedgwood/View Ridge,7.4,2020,0.145,0.106,17,483,,14696796.7441101,16139.9218598102
3564,53033003900,39,Census Tract 39,Wedgwood/View Ridge,7.4,2020,0.028,0.009,8,108,High,10481334.9800415,13200.9092050947
3565,53033007102,71.02,Census Tract 71.02,Queen Anne,12.3,2020,0.066,0.026,28,1435,,3615500.8977356,11499.9407456685
3566,53033006702,67.02,Census Tract 67.02,Queen Anne,12.3,2020,0.133,0.094,34,1281,,3280147.99505615,8593.8649046644
3567,53033005401,54.01,Census Tract 54.01,Fremont,11.1,2020,0.069,0.019,38,1181,,7892270.58761597,19740.10787087
3568,53033008004,80.04,Census Tract 80.04,Belltown,13.1,2020,0.081,0.014,10,1067,,2908326.63348389,14944.9795882911
3569,53033008003,80.03,Census Tract 80.03,Belltown,13.1,2020,0.072,0.01,13,1361,,2122043.71142578,8720.99942149515
3570,53033008402,84.02,Census Tract 84.02,Capitol Hill,6.2,2020,0.079,0.027,41,1968,,1565507.71533203,5220.86848686108
3571,53033007303,73.03,Census Tract 73.03,Cascade/Eastlake,11.3,2020,0.089,0.017,11,2365,,3374596.39306641,7984.8635220016
3572,53033010002,100.02,Census Tract 100.02,North Beacon Hill/Jefferson Park,3.6,2020,0.034,0.004,22,532,Medium,10204645.644455,13732.7653894052
3573,53033011902,119.02,Census Tract 119.02,Rainier Beach,4.1,2020,0,0,0,0,,16290813.6344757,28897.5986341236
3574,53033011802,118.02,Census Tract 118.02,Rainier Beach,4.1,2020,0.03,-0.015,3,67,High,12323056.7394714,17201.5467858114
3575,53033004703,47.03,Census Tract 47.03,Ballard,10.4,2020,0.083,0.021,56,1108,,13030918.1381531,18718.8593915212
3576,53033001000,10,Census Tract 10,Cedar Park/Meadowbrook,8.3,2020,0.074,0.00799999999999999,5,122,,10270271.6852112,13147.0305998084
3577,53033000403,4.03,Census Tract 4.03,Broadview/Bitter Lake,9.1,2020,0.042,0.011,12,454,Medium,7881185.92349243,14097.0266947453
3578,53033003201,32.01,Census Tract 32.01,Sunset Hill/Loyal Heights,10.3,2020,0.115,0.012,29,1069,,11927788.6225891,32094.5033857248
3579,53033004600,46,Census Tract 46,Green Lake,9.4,2020,0.046,0,7,65,Medium,27829368.7579956,25514.2239990877
3580,53033004702,47.02,Census Tract 47.02,Ballard,10.4,2020,0.087,0.043,45,1695,,2867507.734375,6956.44967487604
3581,53033002700,27,Census Tract 27,Green Lake,9.4,2020,0.059,0.019,24,354,,17058079.2767029,21942.8352783745
3582,53033001800,18,Census Tract 18,Licton Springs,9.2,2020,0.097,0.058,65,762,,10182882.2714539,13946.100028213
3583,53033005202,52.02,Census Tract 52.02,Wallingford,11.2,2020,0.078,0.032,54,1573,,2865193.63619995,7845.30321659896
3584,53033005303,53.03,Census Tract 53.03,University District,7.2,2020,0,0,0,0,,24349784.4945679,33904.6213661119
3585,53033004402,44.02,Census Tract 44.02,University District,7.2,2020,0.084,0.021,66,1310,,3175021.43328857,7487.97985687102
3586,53033004401,44.01,Census Tract 44.01,University District,7.2,2020,0.113,0.021,30,521,,7479571.76147461,12948.9751357778
3587,53033005307,53.07,Census Tract 53.07,University District,7.2,2020,0.087,0.034,20,413,,1399526.47988892,4758.85069026771
3588,53033004101,41.01,Census Tract 41.01,Laurelhurst/Sand Point,7.5,2020,0.014,0.014,3,71,High,16716852.6628113,24230.1579430562
3589,53033005402,54.02,Census Tract 54.02,Fremont,11.1,2020,0.075,0.022,43,924,,4993141.86450195,10063.7978469566
3590,53033007700,77,Census Tract 77,Central Area/Squire Park,5.3,2020,0.056,0.013,23,468,,11391208.2196655,15242.2097594939
3591,53033007502,75.02,Census Tract 75.02,Capitol Hill,6.2,2020,0.149,0.102,65,1808,,3400503.55529785,7403.62929266713
3592,53033007600,76,Census Tract 76,Miller Park,6.4,2020,0.072,0.027,57,1061,,6155389.38891602,9906.36833563623
3593,53033010200,102,Census Tract 102,Seward Park,4.3,2020,0.039,0.013,4,76,Medium,30129079.2078857,33439.4693972433
3594,53033010401,104.01,Census Tract 104.01,Beacon Hill,3.5,2020,0,0,0,0,,17543421.029068,17342.9302013933
3595,53033010402,104.02,Census Tract 104.02,Beacon Hill,3.5,2020,0.042,0,5,71,Medium,18759692.8948212,18925.0430066197
3596,53033010501,105.01,Census Tract 105.01,West Seattle Junction/Genesee Hill,1.3,2020,0.084,0.027,20,1624,,7986746.71530151,12490.0968039152
3597,53033010102,101.02,Census Tract 101.02,Columbia City,4.2,2020,0,0,0,0,,17314610.0391541,22274.170768035
3598,53033009802,98.02,Census Tract 98.02,West Seattle Junction/Genesee Hill,1.3,2020,0.087,0.045,21,390,,9927510.52307129,12982.7549339758
3599,53033009000,90,Census Tract 90,Judkins Park,5.2,2020,0.086,0.017,18,768,,9212173.19689941,14319.1029916181
3600,53033026400,264,Census Tract 264,South Park,3.1,2020,0,0,0,0,,461382.048629761,5763.40767367231
3601,53033001201,12.01,Census Tract 12.01,Northgate/Maple Leaf,8.1,2021,0.026,-0.015,22,1230,High,10851861.641449,15899.7733430541
3602,53033000404,4.04,Census Tract 4.04,Broadview/Bitter Lake,9.1,2021,0.063,-0.004,7,509,,6791652.7237854,12962.5584131713
3603,53033004901,49.01,Census Tract 49.01,Fremont,11.1,2021,0.048,-0.02,108,991,Medium,5350888.21542358,9379.65576684679
3604,53033003601,36.01,Census Tract 36.01,Green Lake,9.4,2021,0.057,-0.028,40,860,,7255879.06799316,11894.2888948854
3605,53033002800,28,Census Tract 28,Greenwood/Phinney Ridge,9.3,2021,0.04,-0.012,34,350,Medium,10637151.8217773,13201.311297987
3606,53033003100,31,Census Tract 31,Sunset Hill/Loyal Heights,10.3,2021,0.045,-0.009,15,112,Medium,23137464.0452271,24704.5678017235
3607,53033006400,64,Census Tract 64,Miller Park,6.4,2021,0.019,0,5,103,High,9726351.90356445,13186.7701844683
3608,53033004301,43.01,Census Tract 43.01,Ravenna/Bryant,7.3,2021,0.016,-0.58,9,312,High,10539780.5728455,17192.703749828
3609,53033002500,25,Census Tract 25,Ravenna/Bryant,7.3,2021,0.078,-0.016,3,64,,10594634.2979736,16442.9685869958
3610,53033002200,22,Census Tract 22,Wedgwood/View Ridge,7.4,2021,0.012,-0.018,6,164,High,30127208.0188904,28505.8067930163
3611,53033004000,40,Census Tract 40,Laurelhurst/Sand Point,7.5,2021,0.029,-0.029,3,69,High,26374983.680542,27560.0138429836
3612,53033005804,58.04,Census Tract 58.04,Interbay,12.2,2021,0.05,-0.116,38,1064,Medium,25124062.7388306,48668.2722430527
3613,53033006800,68,Census Tract 68,Queen Anne,12.3,2021,0.035,-0.028,26,543,Medium,7729250.27154541,11275.3773479613
3614,53033008102,81.02,Census Tract 81.02,Downtown Commercial Core,13.2,2021,0.109,0.034,9,1310,,5987812.08642578,14339.9950294181
3615,53033008101,81.01,Census Tract 81.01,Downtown Commercial Core,13.2,2021,0.013,-0.023,6,1054,High,2992165.47857666,11427.1467556707
3616,53033007902,79.02,Census Tract 79.02,Central Area/Squire Park,5.3,2021,0.041,-0.029,22,1212,Medium,4641637.80010986,9715.12087740264
3617,53033007302,73.02,Census Tract 73.02,Cascade/Eastlake,11.3,2021,0.087,-0.049,7,2391,,3368769.26522827,7802.42635391176
3618,53033007101,71.01,Census Tract 71.01,Queen Anne,12.3,2021,0.086,-0.001,29,1836,,5328474.60678101,9004.94722654019
3619,53033009300,93,Census Tract 93,Duwamish/SODO,3.3,2021,0.064,-0.042,14,780,,102171584.839813,53946.3734519274
3620,53033010502,105.02,Census Tract 105.02,West Seattle Junction/Genesee Hill,1.3,2021,0.052,-0.038,28,1428,,10504351.3417664,14546.1362419116
3621,53033010001,100.01,Census Tract 100.01,North Beacon Hill/Jefferson Park,3.6,2021,0.074,-0.169,20,596,,25052474.6053925,25628.9245317132
3622,53033009801,98.01,Census Tract 98.01,West Seattle Junction/Genesee Hill,1.3,2021,0.05,-0.026,22,537,Medium,10814248.9397583,13291.5490832838
3623,53033008900,89,Census Tract 89,Madrona/Leschi,5.1,2021,0.074,-0.382,19,852,,13690717.169342,19328.7463975703
3624,53033026300,263,Census Tract 263,Rainier Beach,4.1,2021,0,0,0,0,,30724.63331604,954.048024444965
3625,53033012000,120,Census Tract 120,Arbor Heights,1.1,2021,0,0,0,0,,15560990.4431915,16787.974281693
3626,53033011101,111.01,Census Tract 111.01,Columbia City,4.2,2021,0.111,0.028,15,954,,12236718.0846863,15552.0743493747
3627,53033011001,110.01,Census Tract 110.01,South Beacon Hill/NewHolly,3.4,2021,0,0,0,0,,11629041.0737,16287.3553131872
3628,53033010800,108,Census Tract 108,Riverview,2.3,2021,0.051,0,3,59,,44087445.2204437,39019.3474976913
3629,53033000800,8,Census Tract 8,Cedar Park/Meadowbrook,8.3,2021,0,0,0,0,,12290810.0239868,15312.0874645944
3630,53033003400,34,Census Tract 34,Greenwood/Phinney Ridge,9.3,2021,0.043,-0.022,9,93,Medium,8472471.71472168,12629.322933575
3631,53033005306,53.06,Census Tract 53.06,University District,7.2,2021,0.094,-0.061,20,836,,2157906.05789185,5954.87262312138
3632,53033004302,43.02,Census Tract 43.02,Ravenna/Bryant,7.3,2021,0.032,-0.081,62,1075,Medium,3564115.6701355,7987.27441919544
3633,53033002400,24,Census Tract 24,Wedgwood/View Ridge,7.4,2021,0,0,0,0,,10359919.7832642,13151.7125244876
3634,53033004102,41.02,Census Tract 41.02,Laurelhurst/Sand Point,7.5,2021,0.023,-0.065,7,487,High,17933927.2689209,23350.8002922279
3635,53033005600,56,Census Tract 56,Magnolia,12.1,2021,0,0,0,0,,32045056.1363831,29943.5055294428
3636,53033006703,67.03,Census Tract 67.03,Queen Anne,12.3,2021,0.039,-0.015,35,608,Medium,6427171.88375854,10846.4930444777
3637,53033006100,61,Census Tract 61,Montlake/Portage Bay,7.1,2021,0.059,-0.024,87,1496,,11959193.7410278,21477.2648301767
3638,53033005700,57,Census Tract 57,Magnolia,12.1,2021,0.04,-0.023,28,352,Medium,53305584.4251709,44506.5655358236
3639,53033005901,59.01,Census Tract 59.01,Queen Anne,12.3,2021,0.033,-0.016,29,389,Medium,8449086.71850586,19075.2924234318
3640,53033008401,84.01,Census Tract 84.01,Capitol Hill,6.2,2021,0.05,-0.07,24,1921,Medium,2700766.60922241,9275.81826751285
3641,53033008300,83,Census Tract 83,First Hill,6.1,2021,0.078,-0.016,14,1196,,2561276.49777222,8632.13489440587
3642,53033007501,75.01,Census Tract 75.01,Capitol Hill,6.2,2021,0.043,-0.021,90,1970,Medium,3210519.93661499,7219.62364175991
3643,53033009702,97.02,Census Tract 97.02,West Seattle Junction/Genesee Hill,1.3,2021,0.048,-0.009,7,105,Medium,23899907.4262695,28258.7625684306
3644,53033008800,88,Census Tract 88,Central Area/Squire Park,5.3,2021,0.063,-0.00600000000000001,30,320,,10210038.8581238,13202.5268569703
3645,53033008500,85,Census Tract 85,First Hill,6.1,2021,0.044,-0.025,21,1556,Medium,4854121.3192749,9025.58161466663
3646,53033026500,265,Census Tract 265,Highland Park,2.5,2021,0,0,0,0,,4617675.48258972,11234.9647811896
3647,53033011601,116.01,Census Tract 116.01,Fauntleroy/Seaview,1.2,2021,0.038,-0.012,6,80,Medium,16710842.8944397,20011.9659924997
3648,53033011300,113,Census Tract 113,Highland Park,2.5,2021,0.045,-0.015,17,334,Medium,37260682.9683075,27184.1613850878
3649,53033011500,115,Census Tract 115,Roxhill/Westwood,2.4,2021,0.084,-0.024,12,250,,16558652.7529297,19887.3089363241
3650,53033010601,106.01,Census Tract 106.01,Fauntleroy/Seaview,1.2,2021,0.036,-0.013,26,388,Medium,11724162.319458,14458.8370353337
3651,53033001202,12.02,Census Tract 12.02,Northgate/Maple Leaf,8.1,2021,0.058,-0.008,14,1221,,8841145.88363647,13324.9900925288
3652,53033000102,1.02,Census Tract 1.02,Cedar Park/Meadowbrook,8.3,2021,0.048,-0.009,17,770,Medium,15446821.4830017,19552.3623304664
3653,53033004701,47.01,Census Tract 47.01,Ballard,10.4,2021,0.038,-0.027,54,1486,Medium,6036028.32614136,13539.0476262898
3654,53033004500,45,Census Tract 45,Wallingford,11.2,2021,0.038,-0.037,3,53,Medium,7222109.8883667,11018.3020934985
3655,53033002900,29,Census Tract 29,Greenwood/Phinney Ridge,9.3,2021,0.049,-0.007,25,286,Medium,10614791.1058044,13366.3196709081
3656,53033004201,42.01,Census Tract 42.01,Ravenna/Bryant,7.3,2021,0.034,-0.017,10,178,Medium,13390664.2680969,18286.1439211159
3657,53033007403,74.03,Census Tract 74.03,Capitol Hill,6.2,2021,0.045,-0.011,52,1586,Medium,1276089.0690918,5227.49528678734
3658,53033007002,70.02,Census Tract 70.02,Queen Anne,12.3,2021,0.034,-0.147,75,1824,Medium,4746869.84552002,9490.79905735624
3659,53033005803,58.03,Census Tract 58.03,Interbay,12.2,2021,0.052,-0.016,32,382,,8956173.42456055,17129.1988103483
3660,53033005902,59.02,Census Tract 59.02,Queen Anne,12.3,2021,0.039,-0.029,10,103,Medium,11010649.894989,15184.2205727179
3661,53033004902,49.02,Census Tract 49.02,Fremont,11.1,2021,0.046,-0.057,66,963,Medium,6448262.3397522,10801.7314915315
3662,53033005801,58.01,Census Tract 58.01,Interbay,12.2,2021,0.038,-0.046,45,1305,Medium,19618424.2433472,25500.0139546944
3663,53033007406,74.06,Census Tract 74.06,Capitol Hill,6.2,2021,0.066,-0.00699999999999999,44,1274,,1623443.82748413,6764.47724113477
3664,53033007405,74.05,Census Tract 74.05,Capitol Hill,6.2,2021,0.047,-0.006,52,1505,Medium,1418974.04168701,5012.79869002574
3665,53033009701,97.01,Census Tract 97.01,Alki/Admiral,1.4,2021,0.045,-0.01,36,400,Medium,19291172.1184692,29764.000341636
3666,53033009600,96,Census Tract 96,Alki/Admiral,1.4,2021,0.064,-0.032,35,469,,19741501.6534882,20745.4059998832
3667,53033008700,87,Census Tract 87,Central Area/Squire Park,5.3,2021,0.079,-0.036,43,594,,7883013.1696167,11432.3842123557
3668,53033011402,114.02,Census Tract 114.02,Roxhill/Westwood,2.4,2021,0.047,-0.006,26,510,Medium,12779277.8645477,17351.055007292
3669,53033011200,112,Census Tract 112,South Park,3.1,2021,0.057,-0.012,15,175,,26463890.0310974,27002.3375751905
3670,53033010900,109,Census Tract 109,Georgetown,3.2,2021,0.027,-0.009,11,110,High,51677122.7107849,44978.7538438156
3671,53033011002,110.02,Census Tract 110.02,South Beacon Hill/NewHolly,3.4,2021,0,0,0,0,,18508908.4571838,22511.1267649617
3672,53033011102,111.02,Census Tract 111.02,Seward Park,4.3,2021,0.02,-0.004,22,450,High,13970026.6890106,20411.1700649139
3673,53033010702,107.02,Census Tract 107.02,High Point,2.2,2021,0.07,0.017,2,114,,8396926.79307556,14935.9302412484
3674,53033001100,11,Census Tract 11,Olympic Hills/Victory Heights,8.2,2021,0.027,-0.021,11,188,High,11416399.5888062,14159.1273465597
3675,53033000700,7,Census Tract 7,Olympic Hills/Victory Heights,8.2,2021,0.035,-0.018,55,980,Medium,13932242.3934631,16134.0299149422
3676,53033000202,2.02,Census Tract 2.02,Olympic Hills/Victory Heights,8.2,2021,0.049,-0.017,5,182,Medium,15930118.4908752,17285.8273694368
3677,53033000101,1.01,Census Tract 1.01,Cedar Park/Meadowbrook,8.3,2021,0.05,-0.00899999999999999,34,1353,Medium,4465058.88146973,8662.07421505589
3678,53033003301,33.01,Census Tract 33.01,Whittier Heights,10.2,2021,0.041,-0.017,63,832,Medium,7202858.49346924,11177.1813262219
3679,53033003602,36.02,Census Tract 36.02,Green Lake,9.4,2021,0.042,-0.047,57,2560,Medium,5621886.08477783,11471.0943824279
3680,53033001900,19,Census Tract 19,Northgate/Maple Leaf,8.1,2021,0.039,-0.021,9,516,Medium,17945171.5240173,18948.4812689278
3681,53033001702,17.02,Census Tract 17.02,Greenwood/Phinney Ridge,9.3,2021,0,0,0,0,,13779275.7612915,17476.4075143324
3682,53033006500,65,Census Tract 65,North Capitol Hill,6.3,2021,0.044,-0.015,77,1172,Medium,12352257.7561951,17921.5013322026
3683,53033006200,62,Census Tract 62,Montlake/Portage Bay,7.1,2021,0,0,0,0,,24610619.7424011,40010.5992573485
3684,53033005305,53.05,Census Tract 53.05,University District,7.2,2021,0.046,-0.059,38,1267,Medium,2292236.61618042,6048.60922233999
3685,53033002600,26,Census Tract 26,Ravenna/Bryant,7.3,2021,0.019,-0.043,8,755,High,13398040.1758728,15933.937900155
3686,53033002000,20,Census Tract 20,Northgate/Maple Leaf,8.1,2021,0.019,-0.005,9,206,High,12183878.8231506,15509.5457092747
3687,53033006300,63,Census Tract 63,Madison Park,6.5,2021,0.029,-0.004,20,578,High,27750333.3955383,36285.8489218384
3688,53033006600,66,Census Tract 66,Cascade/Eastlake,11.3,2021,0.06,-0.032,85,1760,,11110296.8534851,21995.1062951424
3689,53033006900,69,Census Tract 69,Queen Anne,12.3,2021,0.063,-0.00799999999999999,35,493,,9742176.64987183,15666.5439544695
3690,53033006000,60,Census Tract 60,Queen Anne,12.3,2021,0.056,-0.037,56,852,,14158764.7126465,19123.0326298116
3691,53033005201,52.01,Census Tract 52.01,Wallingford,11.2,2021,0.075,-0.028,26,719,,7536632.48083496,14175.9240617134
3692,53033005000,50,Census Tract 50,Wallingford,11.2,2021,0.039,-0.012,68,1211,Medium,8151942.29489136,11560.148011522
3693,53033008600,86,Census Tract 86,First Hill,6.1,2021,0.069,-0.051,56,2386,,7656616.62564087,11640.7206126296
3694,53033008002,80.02,Census Tract 80.02,Belltown,13.1,2021,0.072,-0.022,17,1958,,2522029.80825806,7998.38246587977
3695,53033007901,79.01,Census Tract 79.01,Central Area/Squire Park,5.3,2021,0.053,-0.026,50,1053,,2876299.50189209,7879.40433949822
3696,53033007202,72.02,Census Tract 72.02,Cascade/Eastlake,11.3,2021,0.047,-0.06,14,2195,Medium,3020075.66329956,7591.70188344636
3697,53033007301,73.01,Census Tract 73.01,Cascade/Eastlake,11.3,2021,0.076,-0.103,17,2365,,2699344.10806274,7422.61069281975
3698,53033010302,103.02,Census Tract 103.02,Columbia City,4.2,2021,0.153,0.094,24,1304,,6804418.75059509,11267.2532000827
3699,53033009100,91,Census Tract 91,Pioneer Square/International District,13.3,2021,0.15,-0.12,16,1521,,4419685.26577759,10608.3854115205
3700,53033009200,92,Census Tract 92,Pioneer Square/International District,13.3,2021,0.053,-0.07,12,486,,3456088.55044556,12687.1211893969
3701,53033011700,117,Census Tract 117,South Beacon Hill/NewHolly,3.4,2021,0,0,0,0,,37826036.2597046,29439.6267373345
3702,53033000500,5,Census Tract 5,Broadview/Bitter Lake,9.1,2021,0,0,0,0,,30294741.0541992,27094.5667843899
3703,53033000601,6.01,Census Tract 6.01,Haller Lake,9.5,2021,0.021,-0.002,17,610,High,15404952.5828857,20078.9564759328
3704,53033003500,35,Census Tract 35,Greenwood/Phinney Ridge,9.3,2021,0.038,-0.023,22,313,Medium,13828061.6665344,16634.3489620973
3705,53033001500,15,Census Tract 15,North Beach/Blue Ridge,10.1,2021,0.047,-0.031,5,64,Medium,12300447.062561,13960.3795463703
3706,53033001400,14,Census Tract 14,North Beach/Blue Ridge,10.1,2021,0.025,-0.007,21,433,High,23073388.6559448,30536.3374485091
3707,53033001300,13,Census Tract 13,Licton Springs,9.2,2021,0.039,-0.01,76,973,Medium,12710036.9901733,14881.0870453396
3708,53033003800,38,Census Tract 38,Ravenna/Bryant,7.3,2021,0.031,-0.063,6,159,Medium,6722791.39416504,10392.5315540704
3709,53033007001,70.01,Census Tract 70.01,Queen Anne,12.3,2021,0.074,0.021,50,1377,,3856290.05014038,9530.30256857274
3710,53033004800,48,Census Tract 48,Fremont,11.1,2021,0.082,0.011,30,388,,13833886.8196411,18822.2365726525
3711,53033005100,51,Census Tract 51,Wallingford,11.2,2021,0.04,-0.017,24,350,Medium,9490350.15280151,13462.5915467426
3712,53033008200,82,Census Tract 82,First Hill,6.1,2021,0.094,-0.037,15,2009,,4044773.82589722,9102.1403414799
3713,53033010101,101.01,Census Tract 101.01,Columbia City,4.2,2021,0.049,-0.029,11,345,Medium,9381810.13056946,15311.6567050508
3714,53033012100,121,Census Tract 121,Arbor Heights,1.1,2021,0,0,0,0,,18538900.9337463,25983.6162383482
3715,53033011901,119.01,Census Tract 119.01,Rainier Beach,4.1,2021,0,0,0,0,,18097640.7372589,20485.6455423004
3716,53033000602,6.02,Census Tract 6.02,Haller Lake,9.5,2021,0.038,-0.023,9,396,Medium,25947507.8614197,23221.7047501309
3717,53033000201,2.01,Census Tract 2.01,Olympic Hills/Victory Heights,8.2,2021,0.023,-0.016,13,873,High,19446176.3249207,18651.5780841956
3718,53033003302,33.02,Census Tract 33.02,Whittier Heights,10.2,2021,0.067,-0.022,57,552,,6749336.48599243,10550.8179265194
3719,53033005304,53.04,Census Tract 53.04,University District,7.2,2021,0,0,0,0,,786047.098052979,4083.12606626598
3720,53033004202,42.02,Census Tract 42.02,Ravenna/Bryant,7.3,2021,0.035,-0.026,6,115,Medium,13141688.4516602,15651.6663663576
3721,53033007404,74.04,Census Tract 74.04,Capitol Hill,6.2,2021,0.052,-0.032,64,1389,,1654579.82751465,5775.69998668964
3722,53033006701,67.01,Census Tract 67.01,Queen Anne,12.3,2021,0.075,-0.047,23,2319,,3639833.1784668,12143.7792365382
3723,53033007800,78,Census Tract 78,Madrona/Leschi,5.1,2021,0.055,-0.011,6,91,,22245158.163269,28746.3735215772
3724,53033007503,75.03,Census Tract 75.03,Capitol Hill,6.2,2021,0.065,-0.032,26,1782,,2018614.36813354,6484.38948226953
3725,53033007201,72.01,Census Tract 72.01,Cascade/Eastlake,11.3,2021,0.056,-0.026,15,2271,,1622558.90014648,5873.2165106452
3726,53033007203,72.03,Census Tract 72.03,Cascade/Eastlake,11.3,2021,0.06,-0.021,16,1770,,6238804.94293213,12493.9648041578
3727,53033010301,103.01,Census Tract 103.01,Columbia City,4.2,2021,0.038,0,4,52,Medium,10792262.4648438,16924.3685147596
3728,53033009900,99,Census Tract 99,North Delridge,2.1,2021,0.061,-0.018,25,990,,70254374.707016,64633.6615792341
3729,53033009500,95,Census Tract 95,Mt. Baker/North Rainier,4.4,2021,0.129,-0.00600000000000001,15,178,,27424305.6749573,29618.2112966095
3730,53033009400,94,Census Tract 94,North Beacon Hill/Jefferson Park,3.6,2021,0.049,-0.006,55,689,Medium,18150625.6758423,18874.5831831158
3731,53033011801,118.01,Census Tract 118.01,Rainier Beach,4.1,2021,0.016,-0.003,12,258,High,12671173.5070038,15849.8135377743
3732,53033011602,116.02,Census Tract 116.02,Fauntleroy/Seaview,1.2,2021,0.035,-0.018,13,113,Medium,16924173.2272644,24704.0405747324
3733,53033011401,114.01,Census Tract 114.01,Roxhill/Westwood,2.4,2021,0.048,-0.012,6,565,Medium,13273369.1432037,17478.0591593666
3734,53033010701,107.01,Census Tract 107.01,High Point,2.2,2021,0.079,-0.024,5,214,,15726285.722641,21302.3651802902
3735,53033010602,106.02,Census Tract 106.02,Fauntleroy/Seaview,1.2,2021,0.062,0.009,24,389,,15462014.0646667,23774.9471378089
3736,53033000900,9,Census Tract 9,Cedar Park/Meadowbrook,8.3,2021,0,0,0,0,,10031158.8856812,20828.1661958069
3737,53033000402,4.02,Census Tract 4.02,Broadview/Bitter Lake,9.1,2021,0.046,-0.002,28,589,Medium,19362220.5229187,21397.1752981976
3738,53033000300,3,Census Tract 3,Haller Lake,9.5,2021,0.012,-0.012,7,83,High,13033864.5966187,17298.0295354457
3739,53033003202,32.02,Census Tract 32.02,Sunset Hill/Loyal Heights,10.3,2021,0.054,-0.013,35,387,,10289818.4570313,12945.3948643709
3740,53033003000,30,Census Tract 30,Whittier Heights,10.2,2021,0.059,0,27,354,,16072222.0088196,16061.947620856
3741,53033001701,17.01,Census Tract 17.01,Greenwood/Phinney Ridge,9.3,2021,0.06,-0.005,36,850,,9609026.08453369,17164.4547776423
3742,53033001600,16,Census Tract 16,North Beach/Blue Ridge,10.1,2021,0.167,-0.04,14,222,,20575392.7101746,23147.6459804202
3743,53033002100,21,Census Tract 21,Wedgwood/View Ridge,7.4,2021,0.029,-0.116,17,483,High,14696796.7441101,16139.9218598102
3744,53033003900,39,Census Tract 39,Wedgwood/View Ridge,7.4,2021,0.009,-0.019,8,108,High,10481334.9800415,13200.9092050947
3745,53033007102,71.02,Census Tract 71.02,Queen Anne,12.3,2021,0.046,-0.02,29,1530,Medium,3615500.8977356,11499.9407456685
3746,53033006702,67.02,Census Tract 67.02,Queen Anne,12.3,2021,0.071,-0.062,35,1288,,3280147.99505615,8593.8649046644
3747,53033005401,54.01,Census Tract 54.01,Fremont,11.1,2021,0.051,-0.018,38,1181,,7892270.58761597,19740.10787087
3748,53033008004,80.04,Census Tract 80.04,Belltown,13.1,2021,0.056,-0.025,10,1067,,2908326.63348389,14944.9795882911
3749,53033008003,80.03,Census Tract 80.03,Belltown,13.1,2021,0.048,-0.024,13,1361,Medium,2122043.71142578,8720.99942149515
3750,53033008402,84.02,Census Tract 84.02,Capitol Hill,6.2,2021,0.053,-0.026,41,1968,,1565507.71533203,5220.86848686108
3751,53033007303,73.03,Census Tract 73.03,Cascade/Eastlake,11.3,2021,0.077,-0.012,12,2478,,3374596.39306641,7984.8635220016
3752,53033010002,100.02,Census Tract 100.02,North Beacon Hill/Jefferson Park,3.6,2021,0.113,0.079,23,671,,10204645.644455,13732.7653894052
3753,53033011902,119.02,Census Tract 119.02,Rainier Beach,4.1,2021,0,0,0,0,,16290813.6344757,28897.5986341236
3754,53033011802,118.02,Census Tract 118.02,Rainier Beach,4.1,2021,0.015,-0.015,3,67,High,12323056.7394714,17201.5467858114
3755,53033004703,47.03,Census Tract 47.03,Ballard,10.4,2021,0.045,-0.038,56,1108,Medium,13030918.1381531,18718.8593915212
3756,53033001000,10,Census Tract 10,Cedar Park/Meadowbrook,8.3,2021,0.066,-0.00799999999999999,5,122,,10270271.6852112,13147.0305998084
3757,53033000403,4.03,Census Tract 4.03,Broadview/Bitter Lake,9.1,2021,0.022,-0.02,12,454,High,7881185.92349243,14097.0266947453
3758,53033003201,32.01,Census Tract 32.01,Sunset Hill/Loyal Heights,10.3,2021,0.05,-0.065,29,1069,Medium,11927788.6225891,32094.5033857248
3759,53033004600,46,Census Tract 46,Green Lake,9.4,2021,0.031,-0.015,7,65,Medium,27829368.7579956,25514.2239990877
3760,53033004702,47.02,Census Tract 47.02,Ballard,10.4,2021,0.052,-0.035,46,1748,,2867507.734375,6956.44967487604
3761,53033002700,27,Census Tract 27,Green Lake,9.4,2021,0.045,-0.014,24,354,Medium,17058079.2767029,21942.8352783745
3762,53033001800,18,Census Tract 18,Licton Springs,9.2,2021,0.049,-0.048,65,762,Medium,10182882.2714539,13946.100028213
3763,53033005202,52.02,Census Tract 52.02,Wallingford,11.2,2021,0.062,-0.016,56,1649,,2865193.63619995,7845.30321659896
3764,53033005303,53.03,Census Tract 53.03,University District,7.2,2021,0,0,0,0,,24349784.4945679,33904.6213661119
3765,53033004402,44.02,Census Tract 44.02,University District,7.2,2021,0.054,-0.03,66,1310,,3175021.43328857,7487.97985687102
3766,53033004401,44.01,Census Tract 44.01,University District,7.2,2021,0.088,-0.025,30,521,,7479571.76147461,12948.9751357778
3767,53033005307,53.07,Census Tract 53.07,University District,7.2,2021,0.058,-0.029,20,413,,1399526.47988892,4758.85069026771
3768,53033004101,41.01,Census Tract 41.01,Laurelhurst/Sand Point,7.5,2021,0,-0.014,3,71,High,16716852.6628113,24230.1579430562
3769,53033005402,54.02,Census Tract 54.02,Fremont,11.1,2021,0.027,-0.048,43,924,High,4993141.86450195,10063.7978469566
3770,53033007700,77,Census Tract 77,Central Area/Squire Park,5.3,2021,0.056,0,23,468,,11391208.2196655,15242.2097594939
3771,53033007502,75.02,Census Tract 75.02,Capitol Hill,6.2,2021,0.077,-0.072,67,2072,,3400503.55529785,7403.62929266713
3772,53033007600,76,Census Tract 76,Miller Park,6.4,2021,0.043,-0.029,57,1061,Medium,6155389.38891602,9906.36833563623
3773,53033010200,102,Census Tract 102,Seward Park,4.3,2021,0.026,-0.013,4,76,High,30129079.2078857,33439.4693972433
3774,53033010401,104.01,Census Tract 104.01,Beacon Hill,3.5,2021,0,0,0,0,,17543421.029068,17342.9302013933
3775,53033010402,104.02,Census Tract 104.02,Beacon Hill,3.5,2021,0.028,-0.014,5,71,High,18759692.8948212,18925.0430066197
3776,53033010501,105.01,Census Tract 105.01,West Seattle Junction/Genesee Hill,1.3,2021,0.188,0.104,21,1930,,7986746.71530151,12490.0968039152
3777,53033010102,101.02,Census Tract 101.02,Columbia City,4.2,2021,0,0,0,0,,17314610.0391541,22274.170768035
3778,53033009802,98.02,Census Tract 98.02,West Seattle Junction/Genesee Hill,1.3,2021,0.085,-0.00199999999999999,21,390,,9927510.52307129,12982.7549339758
3779,53033009000,90,Census Tract 90,Judkins Park,5.2,2021,0.063,-0.023,18,768,,9212173.19689941,14319.1029916181
3780,53033026400,264,Census Tract 264,South Park,3.1,2021,0,0,0,0,,461382.048629761,5763.40767367231
3781,53033001201,12.01,Census Tract 12.01,Northgate/Maple Leaf,8.1,2022,0.041,0.015,23,1334,Medium,10851861.641449,15899.7733430541
3782,53033000404,4.04,Census Tract 4.04,Broadview/Bitter Lake,9.1,2022,0.067,0.004,7,509,,6791652.7237854,12962.5584131713
3783,53033004901,49.01,Census Tract 49.01,Fremont,11.1,2022,0.063,0.015,108,991,,5350888.21542358,9379.65576684679
3784,53033003601,36.01,Census Tract 36.01,Green Lake,9.4,2022,0.063,0.006,40,860,,7255879.06799316,11894.2888948854
3785,53033002800,28,Census Tract 28,Greenwood/Phinney Ridge,9.3,2022,0.051,0.011,34,350,,10637151.8217773,13201.311297987
3786,53033003100,31,Census Tract 31,Sunset Hill/Loyal Heights,10.3,2022,0.054,0.009,15,112,,23137464.0452271,24704.5678017235
3787,53033006400,64,Census Tract 64,Miller Park,6.4,2022,0.019,0,5,103,High,9726351.90356445,13186.7701844683
3788,53033004301,43.01,Census Tract 43.01,Ravenna/Bryant,7.3,2022,0.029,0.013,9,312,High,10539780.5728455,17192.703749828
3789,53033002500,25,Census Tract 25,Ravenna/Bryant,7.3,2022,0.094,0.016,3,64,,10594634.2979736,16442.9685869958
3790,53033002200,22,Census Tract 22,Wedgwood/View Ridge,7.4,2022,0.018,0.006,6,164,High,30127208.0188904,28505.8067930163
3791,53033004000,40,Census Tract 40,Laurelhurst/Sand Point,7.5,2022,0.029,0,3,69,High,26374983.680542,27560.0138429836
3792,53033005804,58.04,Census Tract 58.04,Interbay,12.2,2022,0.057,0.007,38,1064,,25124062.7388306,48668.2722430527
3793,53033006800,68,Census Tract 68,Queen Anne,12.3,2022,0.041,0.006,26,543,Medium,7729250.27154541,11275.3773479613
3794,53033008102,81.02,Census Tract 81.02,Downtown Commercial Core,13.2,2022,0.074,-0.035,9,1310,,5987812.08642578,14339.9950294181
3795,53033008101,81.01,Census Tract 81.01,Downtown Commercial Core,13.2,2022,0.023,0.01,6,1054,High,2992165.47857666,11427.1467556707
3796,53033007902,79.02,Census Tract 79.02,Central Area/Squire Park,5.3,2022,0.04,-0.001,22,1212,Medium,4641637.80010986,9715.12087740264
3797,53033007302,73.02,Census Tract 73.02,Cascade/Eastlake,11.3,2022,0.162,0.075,9,3254,,3368769.26522827,7802.42635391176
3798,53033007101,71.01,Census Tract 71.01,Queen Anne,12.3,2022,0.069,-0.017,30,1909,,5328474.60678101,9004.94722654019
3799,53033009300,93,Census Tract 93,Duwamish/SODO,3.3,2022,0.072,0.00799999999999999,14,780,,102171584.839813,53946.3734519274
3800,53033010502,105.02,Census Tract 105.02,West Seattle Junction/Genesee Hill,1.3,2022,0.05,-0.00199999999999999,28,1428,Medium,10504351.3417664,14546.1362419116
3801,53033010001,100.01,Census Tract 100.01,North Beacon Hill/Jefferson Park,3.6,2022,0.126,0.052,21,692,,25052474.6053925,25628.9245317132
3802,53033009801,98.01,Census Tract 98.01,West Seattle Junction/Genesee Hill,1.3,2022,0.061,0.011,23,586,,10814248.9397583,13291.5490832838
3803,53033008900,89,Census Tract 89,Madrona/Leschi,5.1,2022,0.146,0.072,19,852,,13690717.169342,19328.7463975703
3804,53033026300,263,Census Tract 263,Rainier Beach,4.1,2022,0,0,0,0,,30724.63331604,954.048024444965
3805,53033012000,120,Census Tract 120,Arbor Heights,1.1,2022,0,0,0,0,,15560990.4431915,16787.974281693
3806,53033011101,111.01,Census Tract 111.01,Columbia City,4.2,2022,0.101,-0.01,15,954,,12236718.0846863,15552.0743493747
3807,53033011001,110.01,Census Tract 110.01,South Beacon Hill/NewHolly,3.4,2022,0.044,-0.269,2,182,Medium,11629041.0737,16287.3553131872
3808,53033010800,108,Census Tract 108,Riverview,2.3,2022,0.051,0,3,59,,44087445.2204437,39019.3474976913
3809,53033000800,8,Census Tract 8,Cedar Park/Meadowbrook,8.3,2022,0,0,0,0,,12290810.0239868,15312.0874645944
3810,53033003400,34,Census Tract 34,Greenwood/Phinney Ridge,9.3,2022,0.054,0.011,9,93,,8472471.71472168,12629.322933575
3811,53033005306,53.06,Census Tract 53.06,University District,7.2,2022,0.036,-0.058,20,836,Medium,2157906.05789185,5954.87262312138
3812,53033004302,43.02,Census Tract 43.02,Ravenna/Bryant,7.3,2022,0.105,0.073,63,1311,,3564115.6701355,7987.27441919544
3813,53033002400,24,Census Tract 24,Wedgwood/View Ridge,7.4,2022,0,0,0,0,,10359919.7832642,13151.7125244876
3814,53033004102,41.02,Census Tract 41.02,Laurelhurst/Sand Point,7.5,2022,0.027,0.004,7,487,High,17933927.2689209,23350.8002922279
3815,53033005600,56,Census Tract 56,Magnolia,12.1,2022,0,0,0,0,,32045056.1363831,29943.5055294428
3816,53033006703,67.03,Census Tract 67.03,Queen Anne,12.3,2022,0.039,0,35,608,Medium,6427171.88375854,10846.4930444777
3817,53033006100,61,Census Tract 61,Montlake/Portage Bay,7.1,2022,0.07,0.011,87,1496,,11959193.7410278,21477.2648301767
3818,53033005700,57,Census Tract 57,Magnolia,12.1,2022,0.048,0.008,28,352,Medium,53305584.4251709,44506.5655358236
3819,53033005901,59.01,Census Tract 59.01,Queen Anne,12.3,2022,0.061,0.028,30,459,,8449086.71850586,19075.2924234318
3820,53033008401,84.01,Census Tract 84.01,Capitol Hill,6.2,2022,0.065,0.015,24,1921,,2700766.60922241,9275.81826751285
3821,53033008300,83,Census Tract 83,First Hill,6.1,2022,0.075,-0.003,14,1196,,2561276.49777222,8632.13489440587
3822,53033007501,75.01,Census Tract 75.01,Capitol Hill,6.2,2022,0.044,0.001,90,1970,Medium,3210519.93661499,7219.62364175991
3823,53033009702,97.02,Census Tract 97.02,West Seattle Junction/Genesee Hill,1.3,2022,0.048,0,7,105,Medium,23899907.4262695,28258.7625684306
3824,53033008800,88,Census Tract 88,Central Area/Squire Park,5.3,2022,0.117,0.054,31,752,,10210038.8581238,13202.5268569703
3825,53033008500,85,Census Tract 85,First Hill,6.1,2022,0.059,0.015,21,1556,,4854121.3192749,9025.58161466663
3826,53033026500,265,Census Tract 265,Highland Park,2.5,2022,0,0,0,0,,4617675.48258972,11234.9647811896
3827,53033011601,116.01,Census Tract 116.01,Fauntleroy/Seaview,1.2,2022,0.038,0,6,80,Medium,16710842.8944397,20011.9659924997
3828,53033011300,113,Census Tract 113,Highland Park,2.5,2022,0.039,-0.006,17,334,Medium,37260682.9683075,27184.1613850878
3829,53033011500,115,Census Tract 115,Roxhill/Westwood,2.4,2022,0.084,0,12,250,,16558652.7529297,19887.3089363241
3830,53033010601,106.01,Census Tract 106.01,Fauntleroy/Seaview,1.2,2022,0.041,0.005,26,388,Medium,11724162.319458,14458.8370353337
3831,53033001202,12.02,Census Tract 12.02,Northgate/Maple Leaf,8.1,2022,0.062,0.004,14,1221,,8841145.88363647,13324.9900925288
3832,53033000102,1.02,Census Tract 1.02,Cedar Park/Meadowbrook,8.3,2022,0.052,0.004,18,935,,15446821.4830017,19552.3623304664
3833,53033004701,47.01,Census Tract 47.01,Ballard,10.4,2022,0.049,0.011,54,1486,Medium,6036028.32614136,13539.0476262898
3834,53033004500,45,Census Tract 45,Wallingford,11.2,2022,0.038,0,3,53,Medium,7222109.8883667,11018.3020934985
3835,53033002900,29,Census Tract 29,Greenwood/Phinney Ridge,9.3,2022,0.059,0.01,25,286,,10614791.1058044,13366.3196709081
3836,53033004201,42.01,Census Tract 42.01,Ravenna/Bryant,7.3,2022,0.034,0,10,178,Medium,13390664.2680969,18286.1439211159
3837,53033007403,74.03,Census Tract 74.03,Capitol Hill,6.2,2022,0.047,0.002,52,1586,Medium,1276089.0690918,5227.49528678734
3838,53033007002,70.02,Census Tract 70.02,Queen Anne,12.3,2022,0.041,0.007,75,1824,Medium,4746869.84552002,9490.79905735624
3839,53033005803,58.03,Census Tract 58.03,Interbay,12.2,2022,0.058,0.00600000000000001,32,382,,8956173.42456055,17129.1988103483
3840,53033005902,59.02,Census Tract 59.02,Queen Anne,12.3,2022,0.049,0.01,10,103,Medium,11010649.894989,15184.2205727179
3841,53033004902,49.02,Census Tract 49.02,Fremont,11.1,2022,0.06,0.014,65,956,,6448262.3397522,10801.7314915315
3842,53033005801,58.01,Census Tract 58.01,Interbay,12.2,2022,0.048,0.01,45,1305,Medium,19618424.2433472,25500.0139546944
3843,53033007406,74.06,Census Tract 74.06,Capitol Hill,6.2,2022,0.054,-0.012,44,1274,,1623443.82748413,6764.47724113477
3844,53033007405,74.05,Census Tract 74.05,Capitol Hill,6.2,2022,0.049,0.002,52,1505,Medium,1418974.04168701,5012.79869002574
3845,53033009701,97.01,Census Tract 97.01,Alki/Admiral,1.4,2022,0.045,0,36,400,Medium,19291172.1184692,29764.000341636
3846,53033009600,96,Census Tract 96,Alki/Admiral,1.4,2022,0.06,-0.004,35,469,,19741501.6534882,20745.4059998832
3847,53033008700,87,Census Tract 87,Central Area/Squire Park,5.3,2022,0.07,-0.00899999999999999,42,588,,7883013.1696167,11432.3842123557
3848,53033011402,114.02,Census Tract 114.02,Roxhill/Westwood,2.4,2022,0.084,0.037,26,510,,12779277.8645477,17351.055007292
3849,53033011200,112,Census Tract 112,South Park,3.1,2022,0.057,0,15,175,,26463890.0310974,27002.3375751905
3850,53033010900,109,Census Tract 109,Georgetown,3.2,2022,0.045,0.018,11,110,Medium,51677122.7107849,44978.7538438156
3851,53033011002,110.02,Census Tract 110.02,South Beacon Hill/NewHolly,3.4,2022,0,0,0,0,,18508908.4571838,22511.1267649617
3852,53033011102,111.02,Census Tract 111.02,Seward Park,4.3,2022,0.027,0.007,22,450,High,13970026.6890106,20411.1700649139
3853,53033010702,107.02,Census Tract 107.02,High Point,2.2,2022,0.035,-0.035,2,114,Medium,8396926.79307556,14935.9302412484
3854,53033001100,11,Census Tract 11,Olympic Hills/Victory Heights,8.2,2022,0.053,0.026,11,188,,11416399.5888062,14159.1273465597
3855,53033000700,7,Census Tract 7,Olympic Hills/Victory Heights,8.2,2022,0.047,0.012,55,980,Medium,13932242.3934631,16134.0299149422
3856,53033000202,2.02,Census Tract 2.02,Olympic Hills/Victory Heights,8.2,2022,0.055,0.006,5,182,,15930118.4908752,17285.8273694368
3857,53033000101,1.01,Census Tract 1.01,Cedar Park/Meadowbrook,8.3,2022,0.068,0.018,34,1353,,4465058.88146973,8662.07421505589
3858,53033003301,33.01,Census Tract 33.01,Whittier Heights,10.2,2022,0.065,0.024,63,832,,7202858.49346924,11177.1813262219
3859,53033003602,36.02,Census Tract 36.02,Green Lake,9.4,2022,0.054,0.012,59,2741,,5621886.08477783,11471.0943824279
3860,53033001900,19,Census Tract 19,Northgate/Maple Leaf,8.1,2022,0.064,0.025,9,516,,17945171.5240173,18948.4812689278
3861,53033001702,17.02,Census Tract 17.02,Greenwood/Phinney Ridge,9.3,2022,0,0,0,0,,13779275.7612915,17476.4075143324
3862,53033006500,65,Census Tract 65,North Capitol Hill,6.3,2022,0.05,0.00600000000000001,77,1172,Medium,12352257.7561951,17921.5013322026
3863,53033006200,62,Census Tract 62,Montlake/Portage Bay,7.1,2022,0,0,0,0,,24610619.7424011,40010.5992573485
3864,53033005305,53.05,Census Tract 53.05,University District,7.2,2022,0.056,0.01,38,1267,,2292236.61618042,6048.60922233999
3865,53033002600,26,Census Tract 26,Ravenna/Bryant,7.3,2022,0.044,0.025,8,755,Medium,13398040.1758728,15933.937900155
3866,53033002000,20,Census Tract 20,Northgate/Maple Leaf,8.1,2022,0.029,0.01,9,206,High,12183878.8231506,15509.5457092747
3867,53033006300,63,Census Tract 63,Madison Park,6.5,2022,0.031,0.002,20,578,Medium,27750333.3955383,36285.8489218384
3868,53033006600,66,Census Tract 66,Cascade/Eastlake,11.3,2022,0.066,0.00600000000000001,84,1755,,11110296.8534851,21995.1062951424
3869,53033006900,69,Census Tract 69,Queen Anne,12.3,2022,0.065,0.002,35,493,,9742176.64987183,15666.5439544695
3870,53033006000,60,Census Tract 60,Queen Anne,12.3,2022,0.068,0.012,56,852,,14158764.7126465,19123.0326298116
3871,53033005201,52.01,Census Tract 52.01,Wallingford,11.2,2022,0.088,0.013,26,719,,7536632.48083496,14175.9240617134
3872,53033005000,50,Census Tract 50,Wallingford,11.2,2022,0.073,0.034,70,1371,,8151942.29489136,11560.148011522
3873,53033008600,86,Census Tract 86,First Hill,6.1,2022,0.101,0.032,57,2493,,7656616.62564087,11640.7206126296
3874,53033008002,80.02,Census Tract 80.02,Belltown,13.1,2022,0.123,0.051,18,2174,,2522029.80825806,7998.38246587977
3875,53033007901,79.01,Census Tract 79.01,Central Area/Squire Park,5.3,2022,0.056,0.003,50,1053,,2876299.50189209,7879.40433949822
3876,53033007202,72.02,Census Tract 72.02,Cascade/Eastlake,11.3,2022,0.075,0.028,14,2195,,3020075.66329956,7591.70188344636
3877,53033007301,73.01,Census Tract 73.01,Cascade/Eastlake,11.3,2022,0.088,0.012,17,2365,,2699344.10806274,7422.61069281975
3878,53033010302,103.02,Census Tract 103.02,Columbia City,4.2,2022,0.079,-0.074,24,1304,,6804418.75059509,11267.2532000827
3879,53033009100,91,Census Tract 91,Pioneer Square/International District,13.3,2022,0.309,0.159,17,2071,,4419685.26577759,10608.3854115205
3880,53033009200,92,Census Tract 92,Pioneer Square/International District,13.3,2022,0.076,0.023,12,486,,3456088.55044556,12687.1211893969
3881,53033011700,117,Census Tract 117,South Beacon Hill/NewHolly,3.4,2022,0,0,0,0,,37826036.2597046,29439.6267373345
3882,53033000500,5,Census Tract 5,Broadview/Bitter Lake,9.1,2022,0,0,0,0,,30294741.0541992,27094.5667843899
3883,53033000601,6.01,Census Tract 6.01,Haller Lake,9.5,2022,0.023,0.002,17,610,High,15404952.5828857,20078.9564759328
3884,53033003500,35,Census Tract 35,Greenwood/Phinney Ridge,9.3,2022,0.058,0.02,22,313,,13828061.6665344,16634.3489620973
3885,53033001500,15,Census Tract 15,North Beach/Blue Ridge,10.1,2022,0.063,0.016,5,64,,12300447.062561,13960.3795463703
3886,53033001400,14,Census Tract 14,North Beach/Blue Ridge,10.1,2022,0.032,0.007,21,433,Medium,23073388.6559448,30536.3374485091
3887,53033001300,13,Census Tract 13,Licton Springs,9.2,2022,0.043,0.004,76,973,Medium,12710036.9901733,14881.0870453396
3888,53033003800,38,Census Tract 38,Ravenna/Bryant,7.3,2022,0.038,0.007,6,159,Medium,6722791.39416504,10392.5315540704
3889,53033007001,70.01,Census Tract 70.01,Queen Anne,12.3,2022,0.039,-0.035,49,1345,Medium,3856290.05014038,9530.30256857274
3890,53033004800,48,Census Tract 48,Fremont,11.1,2022,0.07,-0.012,30,388,,13833886.8196411,18822.2365726525
3891,53033005100,51,Census Tract 51,Wallingford,11.2,2022,0.046,0.006,24,350,Medium,9490350.15280151,13462.5915467426
3892,53033008200,82,Census Tract 82,First Hill,6.1,2022,0.232,0.138,16,2557,,4044773.82589722,9102.1403414799
3893,53033010101,101.01,Census Tract 101.01,Columbia City,4.2,2022,0.078,0.029,11,345,,9381810.13056946,15311.6567050508
3894,53033012100,121,Census Tract 121,Arbor Heights,1.1,2022,0,0,0,0,,18538900.9337463,25983.6162383482
3895,53033011901,119.01,Census Tract 119.01,Rainier Beach,4.1,2022,0,0,0,0,,18097640.7372589,20485.6455423004
3896,53033000602,6.02,Census Tract 6.02,Haller Lake,9.5,2022,0.033,-0.005,9,396,Medium,25947507.8614197,23221.7047501309
3897,53033000201,2.01,Census Tract 2.01,Olympic Hills/Victory Heights,8.2,2022,0.052,0.029,13,873,,19446176.3249207,18651.5780841956
3898,53033003302,33.02,Census Tract 33.02,Whittier Heights,10.2,2022,0.078,0.011,57,552,,6749336.48599243,10550.8179265194
3899,53033005304,53.04,Census Tract 53.04,University District,7.2,2022,0,0,0,0,,786047.098052979,4083.12606626598
3900,53033004202,42.02,Census Tract 42.02,Ravenna/Bryant,7.3,2022,0.023,-0.012,7,213,High,13141688.4516602,15651.6663663576
3901,53033007404,74.04,Census Tract 74.04,Capitol Hill,6.2,2022,0.055,0.003,64,1389,,1654579.82751465,5775.69998668964
3902,53033006701,67.01,Census Tract 67.01,Queen Anne,12.3,2022,0.096,0.021,23,2319,,3639833.1784668,12143.7792365382
3903,53033007800,78,Census Tract 78,Madrona/Leschi,5.1,2022,0.055,0,6,91,,22245158.163269,28746.3735215772
3904,53033007503,75.03,Census Tract 75.03,Capitol Hill,6.2,2022,0.073,0.00799999999999999,26,1782,,2018614.36813354,6484.38948226953
3905,53033007201,72.01,Census Tract 72.01,Cascade/Eastlake,11.3,2022,0.085,0.029,15,2271,,1622558.90014648,5873.2165106452
3906,53033007203,72.03,Census Tract 72.03,Cascade/Eastlake,11.3,2022,0.16,0.1,17,2144,,6238804.94293213,12493.9648041578
3907,53033010301,103.01,Census Tract 103.01,Columbia City,4.2,2022,0.038,0,4,52,Medium,10792262.4648438,16924.3685147596
3908,53033009900,99,Census Tract 99,North Delridge,2.1,2022,0.068,0.00700000000000001,25,990,,70254374.707016,64633.6615792341
3909,53033009500,95,Census Tract 95,Mt. Baker/North Rainier,4.4,2022,0.153,0.024,16,314,,27424305.6749573,29618.2112966095
3910,53033009400,94,Census Tract 94,North Beacon Hill/Jefferson Park,3.6,2022,0.049,0,56,875,Medium,18150625.6758423,18874.5831831158
3911,53033011801,118.01,Census Tract 118.01,Rainier Beach,4.1,2022,0.023,0.007,12,258,High,12671173.5070038,15849.8135377743
3912,53033011602,116.02,Census Tract 116.02,Fauntleroy/Seaview,1.2,2022,0.035,0,13,113,Medium,16924173.2272644,24704.0405747324
3913,53033011401,114.01,Census Tract 114.01,Roxhill/Westwood,2.4,2022,0.046,-0.002,6,565,Medium,13273369.1432037,17478.0591593666
3914,53033010701,107.01,Census Tract 107.01,High Point,2.2,2022,0.07,-0.00899999999999999,5,214,,15726285.722641,21302.3651802902
3915,53033010602,106.02,Census Tract 106.02,Fauntleroy/Seaview,1.2,2022,0.059,-0.003,24,389,,15462014.0646667,23774.9471378089
3916,53033000900,9,Census Tract 9,Cedar Park/Meadowbrook,8.3,2022,0,0,0,0,,10031158.8856812,20828.1661958069
3917,53033000402,4.02,Census Tract 4.02,Broadview/Bitter Lake,9.1,2022,0.107,0.061,28,589,,19362220.5229187,21397.1752981976
3918,53033000300,3,Census Tract 3,Haller Lake,9.5,2022,0.024,0.012,7,83,High,13033864.5966187,17298.0295354457
3919,53033003202,32.02,Census Tract 32.02,Sunset Hill/Loyal Heights,10.3,2022,0.065,0.011,35,387,,10289818.4570313,12945.3948643709
3920,53033003000,30,Census Tract 30,Whittier Heights,10.2,2022,0.048,-0.011,27,354,Medium,16072222.0088196,16061.947620856
3921,53033001701,17.01,Census Tract 17.01,Greenwood/Phinney Ridge,9.3,2022,0.061,0.001,37,1053,,9609026.08453369,17164.4547776423
3922,53033001600,16,Census Tract 16,North Beach/Blue Ridge,10.1,2022,0.131,-0.036,14,222,,20575392.7101746,23147.6459804202
3923,53033002100,21,Census Tract 21,Wedgwood/View Ridge,7.4,2022,0.095,0.066,17,483,,14696796.7441101,16139.9218598102
3924,53033003900,39,Census Tract 39,Wedgwood/View Ridge,7.4,2022,0.019,0.01,8,108,High,10481334.9800415,13200.9092050947
3925,53033007102,71.02,Census Tract 71.02,Queen Anne,12.3,2022,0.052,0.006,29,1530,,3615500.8977356,11499.9407456685
3926,53033006702,67.02,Census Tract 67.02,Queen Anne,12.3,2022,0.068,-0.00299999999999999,35,1288,,3280147.99505615,8593.8649046644
3927,53033005401,54.01,Census Tract 54.01,Fremont,11.1,2022,0.062,0.011,38,1181,,7892270.58761597,19740.10787087
3928,53033008004,80.04,Census Tract 80.04,Belltown,13.1,2022,0.069,0.013,10,1067,,2908326.63348389,14944.9795882911
3929,53033008003,80.03,Census Tract 80.03,Belltown,13.1,2022,0.057,0.009,13,1361,,2122043.71142578,8720.99942149515
3930,53033008402,84.02,Census Tract 84.02,Capitol Hill,6.2,2022,0.051,-0.002,42,2033,,1565507.71533203,5220.86848686108
3931,53033007303,73.03,Census Tract 73.03,Cascade/Eastlake,11.3,2022,0.116,0.039,13,3277,,3374596.39306641,7984.8635220016
3932,53033010002,100.02,Census Tract 100.02,North Beacon Hill/Jefferson Park,3.6,2022,0.051,-0.062,23,671,,10204645.644455,13732.7653894052
3933,53033011902,119.02,Census Tract 119.02,Rainier Beach,4.1,2022,0,0,0,0,,16290813.6344757,28897.5986341236
3934,53033011802,118.02,Census Tract 118.02,Rainier Beach,4.1,2022,0.03,0.015,3,67,High,12323056.7394714,17201.5467858114
3935,53033004703,47.03,Census Tract 47.03,Ballard,10.4,2022,0.068,0.023,56,1108,,13030918.1381531,18718.8593915212
3936,53033001000,10,Census Tract 10,Cedar Park/Meadowbrook,8.3,2022,0.074,0.00799999999999999,5,122,,10270271.6852112,13147.0305998084
3937,53033000403,4.03,Census Tract 4.03,Broadview/Bitter Lake,9.1,2022,0.026,0.004,12,454,High,7881185.92349243,14097.0266947453
3938,53033003201,32.01,Census Tract 32.01,Sunset Hill/Loyal Heights,10.3,2022,0.07,0.02,30,1240,,11927788.6225891,32094.5033857248
3939,53033004600,46,Census Tract 46,Green Lake,9.4,2022,0.046,0.015,7,65,Medium,27829368.7579956,25514.2239990877
3940,53033004702,47.02,Census Tract 47.02,Ballard,10.4,2022,0.051,-0.001,46,1748,,2867507.734375,6956.44967487604
3941,53033002700,27,Census Tract 27,Green Lake,9.4,2022,0.061,0.016,25,359,,17058079.2767029,21942.8352783745
3942,53033001800,18,Census Tract 18,Licton Springs,9.2,2022,0.054,0.005,65,762,,10182882.2714539,13946.100028213
3943,53033005202,52.02,Census Tract 52.02,Wallingford,11.2,2022,0.052,-0.01,57,1708,,2865193.63619995,7845.30321659896
3944,53033005303,53.03,Census Tract 53.03,University District,7.2,2022,0,0,0,0,,24349784.4945679,33904.6213661119
3945,53033004402,44.02,Census Tract 44.02,University District,7.2,2022,0.053,-0.001,66,1310,,3175021.43328857,7487.97985687102
3946,53033004401,44.01,Census Tract 44.01,University District,7.2,2022,0.089,0.001,32,559,,7479571.76147461,12948.9751357778
3947,53033005307,53.07,Census Tract 53.07,University District,7.2,2022,0.049,-0.009,21,491,Medium,1399526.47988892,4758.85069026771
3948,53033004101,41.01,Census Tract 41.01,Laurelhurst/Sand Point,7.5,2022,0,0,3,71,High,16716852.6628113,24230.1579430562
3949,53033005402,54.02,Census Tract 54.02,Fremont,11.1,2022,0.05,0.023,43,924,Medium,4993141.86450195,10063.7978469566
3950,53033007700,77,Census Tract 77,Central Area/Squire Park,5.3,2022,0.058,0.002,23,468,,11391208.2196655,15242.2097594939
3951,53033007502,75.02,Census Tract 75.02,Capitol Hill,6.2,2022,0.064,-0.013,67,2072,,3400503.55529785,7403.62929266713
3952,53033007600,76,Census Tract 76,Miller Park,6.4,2022,0.041,-0.00199999999999999,57,1061,Medium,6155389.38891602,9906.36833563623
3953,53033010200,102,Census Tract 102,Seward Park,4.3,2022,0.039,0.013,4,76,Medium,30129079.2078857,33439.4693972433
3954,53033010401,104.01,Census Tract 104.01,Beacon Hill,3.5,2022,0,0,0,0,,17543421.029068,17342.9302013933
3955,53033010402,104.02,Census Tract 104.02,Beacon Hill,3.5,2022,0.042,0.014,5,71,Medium,18759692.8948212,18925.0430066197
3956,53033010501,105.01,Census Tract 105.01,West Seattle Junction/Genesee Hill,1.3,2022,0.055,-0.133,21,1930,,7986746.71530151,12490.0968039152
3957,53033010102,101.02,Census Tract 101.02,Columbia City,4.2,2022,0,0,0,0,,17314610.0391541,22274.170768035
3958,53033009802,98.02,Census Tract 98.02,West Seattle Junction/Genesee Hill,1.3,2022,0.069,-0.016,21,390,,9927510.52307129,12982.7549339758
3959,53033009000,90,Census Tract 90,Judkins Park,5.2,2022,0.062,-0.001,19,779,,9212173.19689941,14319.1029916181
3960,53033026400,264,Census Tract 264,South Park,3.1,2022,0,0,0,0,,461382.048629761,5763.40767367231
3961,53033001201,12.01,Census Tract 12.01,Northgate/Maple Leaf,8.1,2023,0.042,0.001,23,1334,Medium,10851861.641449,15899.7733430541
3962,53033000404,4.04,Census Tract 4.04,Broadview/Bitter Lake,9.1,2023,0.055,-0.012,7,509,,6791652.7237854,12962.5584131713
3963,53033004901,49.01,Census Tract 49.01,Fremont,11.1,2023,0.137,0.074,109,1084,,5350888.21542358,9379.65576684679
3964,53033003601,36.01,Census Tract 36.01,Green Lake,9.4,2023,0.053,-0.01,40,860,,7255879.06799316,11894.2888948854
3965,53033002800,28,Census Tract 28,Greenwood/Phinney Ridge,9.3,2023,0.051,0,35,376,,10637151.8217773,13201.311297987
3966,53033003100,31,Census Tract 31,Sunset Hill/Loyal Heights,10.3,2023,0.054,0,15,112,,23137464.0452271,24704.5678017235
3967,53033006400,64,Census Tract 64,Miller Park,6.4,2023,0.019,0,5,103,High,9726351.90356445,13186.7701844683
3968,53033004301,43.01,Census Tract 43.01,Ravenna/Bryant,7.3,2023,0.337,0.308,10,606,,10539780.5728455,17192.703749828
3969,53033002500,25,Census Tract 25,Ravenna/Bryant,7.3,2023,0.094,0,3,64,,10594634.2979736,16442.9685869958
3970,53033002200,22,Census Tract 22,Wedgwood/View Ridge,7.4,2023,0.024,0.006,6,164,High,30127208.0188904,28505.8067930163
3971,53033004000,40,Census Tract 40,Laurelhurst/Sand Point,7.5,2023,0.029,0,3,69,High,26374983.680542,27560.0138429836
3972,53033005804,58.04,Census Tract 58.04,Interbay,12.2,2023,0.061,0.004,38,1064,,25124062.7388306,48668.2722430527
3973,53033006800,68,Census Tract 68,Queen Anne,12.3,2023,0.041,0,26,543,Medium,7729250.27154541,11275.3773479613
3974,53033008102,81.02,Census Tract 81.02,Downtown Commercial Core,13.2,2023,0.062,-0.012,9,1310,,5987812.08642578,14339.9950294181
3975,53033008101,81.01,Census Tract 81.01,Downtown Commercial Core,13.2,2023,0.019,-0.004,6,1054,High,2992165.47857666,11427.1467556707
3976,53033007902,79.02,Census Tract 79.02,Central Area/Squire Park,5.3,2023,0.056,0.016,22,1212,,4641637.80010986,9715.12087740264
3977,53033007302,73.02,Census Tract 73.02,Cascade/Eastlake,11.3,2023,0.09,-0.072,9,3254,,3368769.26522827,7802.42635391176
3978,53033007101,71.01,Census Tract 71.01,Queen Anne,12.3,2023,0.071,0.00199999999999999,31,2052,,5328474.60678101,9004.94722654019
3979,53033009300,93,Census Tract 93,Duwamish/SODO,3.3,2023,0.06,-0.012,14,780,,102171584.839813,53946.3734519274
3980,53033010502,105.02,Census Tract 105.02,West Seattle Junction/Genesee Hill,1.3,2023,0.053,0.003,28,1428,,10504351.3417664,14546.1362419116
3981,53033010001,100.01,Census Tract 100.01,North Beacon Hill/Jefferson Park,3.6,2023,0.088,-0.038,21,692,,25052474.6053925,25628.9245317132
3982,53033009801,98.01,Census Tract 98.01,West Seattle Junction/Genesee Hill,1.3,2023,0.041,-0.02,23,586,Medium,10814248.9397583,13291.5490832838
3983,53033008900,89,Census Tract 89,Madrona/Leschi,5.1,2023,0.089,-0.057,19,852,,13690717.169342,19328.7463975703
3984,53033026300,263,Census Tract 263,Rainier Beach,4.1,2023,0,0,0,0,,30724.63331604,954.048024444965
3985,53033012000,120,Census Tract 120,Arbor Heights,1.1,2023,0,0,0,0,,15560990.4431915,16787.974281693
3986,53033011101,111.01,Census Tract 111.01,Columbia City,4.2,2023,0.077,-0.024,14,944,,12236718.0846863,15552.0743493747
3987,53033011001,110.01,Census Tract 110.01,South Beacon Hill/NewHolly,3.4,2023,0.143,0.099,2,182,,11629041.0737,16287.3553131872
3988,53033010800,108,Census Tract 108,Riverview,2.3,2023,0.051,0,3,59,,44087445.2204437,39019.3474976913
3989,53033000800,8,Census Tract 8,Cedar Park/Meadowbrook,8.3,2023,0,0,0,0,,12290810.0239868,15312.0874645944
3990,53033003400,34,Census Tract 34,Greenwood/Phinney Ridge,9.3,2023,0.048,-0.006,10,105,Medium,8472471.71472168,12629.322933575
3991,53033005306,53.06,Census Tract 53.06,University District,7.2,2023,0.043,0.007,20,836,Medium,2157906.05789185,5954.87262312138
3992,53033004302,43.02,Census Tract 43.02,Ravenna/Bryant,7.3,2023,0.054,-0.051,64,1344,,3564115.6701355,7987.27441919544
3993,53033002400,24,Census Tract 24,Wedgwood/View Ridge,7.4,2023,0,0,0,0,,10359919.7832642,13151.7125244876
3994,53033004102,41.02,Census Tract 41.02,Laurelhurst/Sand Point,7.5,2023,0.055,0.028,7,487,,17933927.2689209,23350.8002922279
3995,53033005600,56,Census Tract 56,Magnolia,12.1,2023,0,0,0,0,,32045056.1363831,29943.5055294428
3996,53033006703,67.03,Census Tract 67.03,Queen Anne,12.3,2023,0.043,0.004,35,608,Medium,6427171.88375854,10846.4930444777
3997,53033006100,61,Census Tract 61,Montlake/Portage Bay,7.1,2023,0.057,-0.013,87,1496,,11959193.7410278,21477.2648301767
3998,53033005700,57,Census Tract 57,Magnolia,12.1,2023,0.048,0,28,352,Medium,53305584.4251709,44506.5655358236
3999,53033005901,59.01,Census Tract 59.01,Queen Anne,12.3,2023,0.044,-0.017,30,459,Medium,8449086.71850586,19075.2924234318
4000,53033008401,84.01,Census Tract 84.01,Capitol Hill,6.2,2023,0.132,0.067,25,2099,,2700766.60922241,9275.81826751285
4001,53033008300,83,Census Tract 83,First Hill,6.1,2023,0.067,-0.00799999999999999,14,1196,,2561276.49777222,8632.13489440587
4002,53033007501,75.01,Census Tract 75.01,Capitol Hill,6.2,2023,0.048,0.004,90,1970,Medium,3210519.93661499,7219.62364175991
4003,53033009702,97.02,Census Tract 97.02,West Seattle Junction/Genesee Hill,1.3,2023,0.048,0,7,105,Medium,23899907.4262695,28258.7625684306
4004,53033008800,88,Census Tract 88,Central Area/Squire Park,5.3,2023,0.117,0,31,752,,10210038.8581238,13202.5268569703
4005,53033008500,85,Census Tract 85,First Hill,6.1,2023,0.049,-0.01,21,1556,Medium,4854121.3192749,9025.58161466663
4006,53033026500,265,Census Tract 265,Highland Park,2.5,2023,0,0,0,0,,4617675.48258972,11234.9647811896
4007,53033011601,116.01,Census Tract 116.01,Fauntleroy/Seaview,1.2,2023,0.05,0.012,6,80,Medium,16710842.8944397,20011.9659924997
4008,53033011300,113,Census Tract 113,Highland Park,2.5,2023,0.039,0,17,334,Medium,37260682.9683075,27184.1613850878
4009,53033011500,115,Census Tract 115,Roxhill/Westwood,2.4,2023,0.085,0.001,13,294,,16558652.7529297,19887.3089363241
4010,53033010601,106.01,Census Tract 106.01,Fauntleroy/Seaview,1.2,2023,0.044,0.003,26,388,Medium,11724162.319458,14458.8370353337
4011,53033001202,12.02,Census Tract 12.02,Northgate/Maple Leaf,8.1,2023,0.057,-0.005,14,1221,,8841145.88363647,13324.9900925288
4012,53033000102,1.02,Census Tract 1.02,Cedar Park/Meadowbrook,8.3,2023,0.21,0.158,19,1195,,15446821.4830017,19552.3623304664
4013,53033004701,47.01,Census Tract 47.01,Ballard,10.4,2023,0.054,0.005,54,1486,,6036028.32614136,13539.0476262898
4014,53033004500,45,Census Tract 45,Wallingford,11.2,2023,0.057,0.019,3,53,,7222109.8883667,11018.3020934985
4015,53033002900,29,Census Tract 29,Greenwood/Phinney Ridge,9.3,2023,0.087,0.028,26,321,,10614791.1058044,13366.3196709081
4016,53033004201,42.01,Census Tract 42.01,Ravenna/Bryant,7.3,2023,0.039,0.005,10,178,Medium,13390664.2680969,18286.1439211159
4017,53033007403,74.03,Census Tract 74.03,Capitol Hill,6.2,2023,0.05,0.003,52,1586,Medium,1276089.0690918,5227.49528678734
4018,53033007002,70.02,Census Tract 70.02,Queen Anne,12.3,2023,0.041,0,74,1758,Medium,4746869.84552002,9490.79905735624
4019,53033005803,58.03,Census Tract 58.03,Interbay,12.2,2023,0.06,0.00199999999999999,32,382,,8956173.42456055,17129.1988103483
4020,53033005902,59.02,Census Tract 59.02,Queen Anne,12.3,2023,0.049,0,10,103,Medium,11010649.894989,15184.2205727179
4021,53033004902,49.02,Census Tract 49.02,Fremont,11.1,2023,0.064,0.004,65,956,,6448262.3397522,10801.7314915315
4022,53033005801,58.01,Census Tract 58.01,Interbay,12.2,2023,0.05,0.002,45,1305,Medium,19618424.2433472,25500.0139546944
4023,53033007406,74.06,Census Tract 74.06,Capitol Hill,6.2,2023,0.049,-0.005,44,1274,Medium,1623443.82748413,6764.47724113477
4024,53033007405,74.05,Census Tract 74.05,Capitol Hill,6.2,2023,0.054,0.005,52,1505,,1418974.04168701,5012.79869002574
4025,53033009701,97.01,Census Tract 97.01,Alki/Admiral,1.4,2023,0.05,0.005,36,400,Medium,19291172.1184692,29764.000341636
4026,53033009600,96,Census Tract 96,Alki/Admiral,1.4,2023,0.066,0.00600000000000001,35,469,,19741501.6534882,20745.4059998832
4027,53033008700,87,Census Tract 87,Central Area/Squire Park,5.3,2023,0.053,-0.017,42,588,,7883013.1696167,11432.3842123557
4028,53033011402,114.02,Census Tract 114.02,Roxhill/Westwood,2.4,2023,0.07,-0.014,28,617,,12779277.8645477,17351.055007292
4029,53033011200,112,Census Tract 112,South Park,3.1,2023,0.063,0.006,15,175,,26463890.0310974,27002.3375751905
4030,53033010900,109,Census Tract 109,Georgetown,3.2,2023,0.064,0.019,11,110,,51677122.7107849,44978.7538438156
4031,53033011002,110.02,Census Tract 110.02,South Beacon Hill/NewHolly,3.4,2023,0,0,0,0,,18508908.4571838,22511.1267649617
4032,53033011102,111.02,Census Tract 111.02,Seward Park,4.3,2023,0.033,0.006,22,450,Medium,13970026.6890106,20411.1700649139
4033,53033010702,107.02,Census Tract 107.02,High Point,2.2,2023,0.053,0.018,2,114,,8396926.79307556,14935.9302412484
4034,53033001100,11,Census Tract 11,Olympic Hills/Victory Heights,8.2,2023,0.069,0.016,11,188,,11416399.5888062,14159.1273465597
4035,53033000700,7,Census Tract 7,Olympic Hills/Victory Heights,8.2,2023,0.054,0.007,55,980,,13932242.3934631,16134.0299149422
4036,53033000202,2.02,Census Tract 2.02,Olympic Hills/Victory Heights,8.2,2023,0.044,-0.011,5,182,Medium,15930118.4908752,17285.8273694368
4037,53033000101,1.01,Census Tract 1.01,Cedar Park/Meadowbrook,8.3,2023,0.062,-0.00600000000000001,34,1353,,4465058.88146973,8662.07421505589
4038,53033003301,33.01,Census Tract 33.01,Whittier Heights,10.2,2023,0.061,-0.004,63,832,,7202858.49346924,11177.1813262219
4039,53033003602,36.02,Census Tract 36.02,Green Lake,9.4,2023,0.05,-0.004,59,2741,Medium,5621886.08477783,11471.0943824279
4040,53033001900,19,Census Tract 19,Northgate/Maple Leaf,8.1,2023,0.052,-0.012,9,516,,17945171.5240173,18948.4812689278
4041,53033001702,17.02,Census Tract 17.02,Greenwood/Phinney Ridge,9.3,2023,0,0,0,0,,13779275.7612915,17476.4075143324
4042,53033006500,65,Census Tract 65,North Capitol Hill,6.3,2023,0.059,0.00899999999999999,78,1210,,12352257.7561951,17921.5013322026
4043,53033006200,62,Census Tract 62,Montlake/Portage Bay,7.1,2023,0,0,0,0,,24610619.7424011,40010.5992573485
4044,53033005305,53.05,Census Tract 53.05,University District,7.2,2023,0.05,-0.006,38,1267,Medium,2292236.61618042,6048.60922233999
4045,53033002600,26,Census Tract 26,Ravenna/Bryant,7.3,2023,0.049,0.005,8,755,Medium,13398040.1758728,15933.937900155
4046,53033002000,20,Census Tract 20,Northgate/Maple Leaf,8.1,2023,0.029,0,9,206,High,12183878.8231506,15509.5457092747
4047,53033006300,63,Census Tract 63,Madison Park,6.5,2023,0.035,0.004,20,578,Medium,27750333.3955383,36285.8489218384
4048,53033006600,66,Census Tract 66,Cascade/Eastlake,11.3,2023,0.067,0.001,85,1768,,11110296.8534851,21995.1062951424
4049,53033006900,69,Census Tract 69,Queen Anne,12.3,2023,0.071,0.00599999999999999,35,493,,9742176.64987183,15666.5439544695
4050,53033006000,60,Census Tract 60,Queen Anne,12.3,2023,0.072,0.00399999999999999,56,852,,14158764.7126465,19123.0326298116
4051,53033005201,52.01,Census Tract 52.01,Wallingford,11.2,2023,0.046,-0.042,26,719,Medium,7536632.48083496,14175.9240617134
4052,53033005000,50,Census Tract 50,Wallingford,11.2,2023,0.071,-0.002,70,1371,,8151942.29489136,11560.148011522
4053,53033008600,86,Census Tract 86,First Hill,6.1,2023,0.158,0.057,59,2811,,7656616.62564087,11640.7206126296
4054,53033008002,80.02,Census Tract 80.02,Belltown,13.1,2023,0.077,-0.046,18,2174,,2522029.80825806,7998.38246587977
4055,53033007901,79.01,Census Tract 79.01,Central Area/Squire Park,5.3,2023,0.06,0.004,50,1053,,2876299.50189209,7879.40433949822
4056,53033007202,72.02,Census Tract 72.02,Cascade/Eastlake,11.3,2023,0.061,-0.014,14,2195,,3020075.66329956,7591.70188344636
4057,53033007301,73.01,Census Tract 73.01,Cascade/Eastlake,11.3,2023,0.079,-0.00899999999999999,17,2365,,2699344.10806274,7422.61069281975
4058,53033010302,103.02,Census Tract 103.02,Columbia City,4.2,2023,0.111,0.032,25,1424,,6804418.75059509,11267.2532000827
4059,53033009100,91,Census Tract 91,Pioneer Square/International District,13.3,2023,0.203,-0.106,17,2071,,4419685.26577759,10608.3854115205
4060,53033009200,92,Census Tract 92,Pioneer Square/International District,13.3,2023,0.045,-0.031,12,486,Medium,3456088.55044556,12687.1211893969
4061,53033011700,117,Census Tract 117,South Beacon Hill/NewHolly,3.4,2023,0,0,0,0,,37826036.2597046,29439.6267373345
4062,53033000500,5,Census Tract 5,Broadview/Bitter Lake,9.1,2023,0,0,0,0,,30294741.0541992,27094.5667843899
4063,53033000601,6.01,Census Tract 6.01,Haller Lake,9.5,2023,0.032,0.009,18,626,Medium,15404952.5828857,20078.9564759328
4064,53033003500,35,Census Tract 35,Greenwood/Phinney Ridge,9.3,2023,0.054,-0.004,22,313,,13828061.6665344,16634.3489620973
4065,53033001500,15,Census Tract 15,North Beach/Blue Ridge,10.1,2023,0.063,0,5,64,,12300447.062561,13960.3795463703
4066,53033001400,14,Census Tract 14,North Beach/Blue Ridge,10.1,2023,0.037,0.005,21,433,Medium,23073388.6559448,30536.3374485091
4067,53033001300,13,Census Tract 13,Licton Springs,9.2,2023,0.051,0.008,76,973,,12710036.9901733,14881.0870453396
4068,53033003800,38,Census Tract 38,Ravenna/Bryant,7.3,2023,0.019,-0.019,6,159,High,6722791.39416504,10392.5315540704
4069,53033007001,70.01,Census Tract 70.01,Queen Anne,12.3,2023,0.041,0.002,50,1438,Medium,3856290.05014038,9530.30256857274
4070,53033004800,48,Census Tract 48,Fremont,11.1,2023,0.052,-0.018,30,388,,13833886.8196411,18822.2365726525
4071,53033005100,51,Census Tract 51,Wallingford,11.2,2023,0.063,0.017,24,350,,9490350.15280151,13462.5915467426
4072,53033008200,82,Census Tract 82,First Hill,6.1,2023,0.106,-0.126,16,2557,,4044773.82589722,9102.1403414799
4073,53033010101,101.01,Census Tract 101.01,Columbia City,4.2,2023,0.075,-0.003,11,345,,9381810.13056946,15311.6567050508
4074,53033012100,121,Census Tract 121,Arbor Heights,1.1,2023,0,0,0,0,,18538900.9337463,25983.6162383482
4075,53033011901,119.01,Census Tract 119.01,Rainier Beach,4.1,2023,0,0,0,0,,18097640.7372589,20485.6455423004
4076,53033000602,6.02,Census Tract 6.02,Haller Lake,9.5,2023,0.045,0.012,9,396,Medium,25947507.8614197,23221.7047501309
4077,53033000201,2.01,Census Tract 2.01,Olympic Hills/Victory Heights,8.2,2023,0.049,-0.003,13,873,Medium,19446176.3249207,18651.5780841956
4078,53033003302,33.02,Census Tract 33.02,Whittier Heights,10.2,2023,0.078,0,57,552,,6749336.48599243,10550.8179265194
4079,53033005304,53.04,Census Tract 53.04,University District,7.2,2023,0,0,0,0,,786047.098052979,4083.12606626598
4080,53033004202,42.02,Census Tract 42.02,Ravenna/Bryant,7.3,2023,0.047,0.024,7,213,Medium,13141688.4516602,15651.6663663576
4081,53033007404,74.04,Census Tract 74.04,Capitol Hill,6.2,2023,0.056,0.001,64,1389,,1654579.82751465,5775.69998668964
4082,53033006701,67.01,Census Tract 67.01,Queen Anne,12.3,2023,0.117,0.021,24,2479,,3639833.1784668,12143.7792365382
4083,53033007800,78,Census Tract 78,Madrona/Leschi,5.1,2023,0.055,0,6,91,,22245158.163269,28746.3735215772
4084,53033007503,75.03,Census Tract 75.03,Capitol Hill,6.2,2023,0.068,-0.00499999999999999,26,1782,,2018614.36813354,6484.38948226953
4085,53033007201,72.01,Census Tract 72.01,Cascade/Eastlake,11.3,2023,0.044,-0.041,15,2271,Medium,1622558.90014648,5873.2165106452
4086,53033007203,72.03,Census Tract 72.03,Cascade/Eastlake,11.3,2023,0.063,-0.097,17,2144,,6238804.94293213,12493.9648041578
4087,53033010301,103.01,Census Tract 103.01,Columbia City,4.2,2023,0.058,0.02,4,52,,10792262.4648438,16924.3685147596
4088,53033009900,99,Census Tract 99,North Delridge,2.1,2023,0.066,-0.002,27,1041,,70254374.707016,64633.6615792341
4089,53033009500,95,Census Tract 95,Mt. Baker/North Rainier,4.4,2023,0.207,0.054,17,347,,27424305.6749573,29618.2112966095
4090,53033009400,94,Census Tract 94,North Beacon Hill/Jefferson Park,3.6,2023,0.065,0.016,57,886,,18150625.6758423,18874.5831831158
4091,53033011801,118.01,Census Tract 118.01,Rainier Beach,4.1,2023,0.027,0.004,12,258,High,12671173.5070038,15849.8135377743
4092,53033011602,116.02,Census Tract 116.02,Fauntleroy/Seaview,1.2,2023,0.044,0.00899999999999999,13,113,Medium,16924173.2272644,24704.0405747324
4093,53033011401,114.01,Census Tract 114.01,Roxhill/Westwood,2.4,2023,0.051,0.005,6,565,,13273369.1432037,17478.0591593666
4094,53033010701,107.01,Census Tract 107.01,High Point,2.2,2023,0.07,0,5,214,,15726285.722641,21302.3651802902
4095,53033010602,106.02,Census Tract 106.02,Fauntleroy/Seaview,1.2,2023,0.062,0.003,24,389,,15462014.0646667,23774.9471378089
4096,53033000900,9,Census Tract 9,Cedar Park/Meadowbrook,8.3,2023,0,0,0,0,,10031158.8856812,20828.1661958069
4097,53033000402,4.02,Census Tract 4.02,Broadview/Bitter Lake,9.1,2023,0.095,-0.012,28,589,,19362220.5229187,21397.1752981976
4098,53033000300,3,Census Tract 3,Haller Lake,9.5,2023,0.024,0,7,83,High,13033864.5966187,17298.0295354457
4099,53033003202,32.02,Census Tract 32.02,Sunset Hill/Loyal Heights,10.3,2023,0.065,0,35,387,,10289818.4570313,12945.3948643709
4100,53033003000,30,Census Tract 30,Whittier Heights,10.2,2023,0.045,-0.003,27,354,Medium,16072222.0088196,16061.947620856
4101,53033001701,17.01,Census Tract 17.01,Greenwood/Phinney Ridge,9.3,2023,0.252,0.191,38,1350,,9609026.08453369,17164.4547776423
4102,53033001600,16,Census Tract 16,North Beach/Blue Ridge,10.1,2023,0.081,-0.05,14,222,,20575392.7101746,23147.6459804202
4103,53033002100,21,Census Tract 21,Wedgwood/View Ridge,7.4,2023,0.072,-0.023,17,483,,14696796.7441101,16139.9218598102
4104,53033003900,39,Census Tract 39,Wedgwood/View Ridge,7.4,2023,0.019,0,8,108,High,10481334.9800415,13200.9092050947
4105,53033007102,71.02,Census Tract 71.02,Queen Anne,12.3,2023,0.056,0.004,29,1530,,3615500.8977356,11499.9407456685
4106,53033006702,67.02,Census Tract 67.02,Queen Anne,12.3,2023,0.059,-0.00900000000000001,35,1288,,3280147.99505615,8593.8649046644
4107,53033005401,54.01,Census Tract 54.01,Fremont,11.1,2023,0.064,0.002,38,1181,,7892270.58761597,19740.10787087
4108,53033008004,80.04,Census Tract 80.04,Belltown,13.1,2023,0.061,-0.00800000000000001,10,1067,,2908326.63348389,14944.9795882911
4109,53033008003,80.03,Census Tract 80.03,Belltown,13.1,2023,0.047,-0.01,13,1361,Medium,2122043.71142578,8720.99942149515
4110,53033008402,84.02,Census Tract 84.02,Capitol Hill,6.2,2023,0.047,-0.004,42,2033,Medium,1565507.71533203,5220.86848686108
4111,53033007303,73.03,Census Tract 73.03,Cascade/Eastlake,11.3,2023,0.058,-0.058,13,3277,,3374596.39306641,7984.8635220016
4112,53033010002,100.02,Census Tract 100.02,North Beacon Hill/Jefferson Park,3.6,2023,0.075,0.024,23,671,,10204645.644455,13732.7653894052
4113,53033011902,119.02,Census Tract 119.02,Rainier Beach,4.1,2023,0,0,0,0,,16290813.6344757,28897.5986341236
4114,53033011802,118.02,Census Tract 118.02,Rainier Beach,4.1,2023,0.03,0,3,67,High,12323056.7394714,17201.5467858114
4115,53033004703,47.03,Census Tract 47.03,Ballard,10.4,2023,0.085,0.017,57,1194,,13030918.1381531,18718.8593915212
4116,53033001000,10,Census Tract 10,Cedar Park/Meadowbrook,8.3,2023,0.082,0.00800000000000001,5,122,,10270271.6852112,13147.0305998084
4117,53033000403,4.03,Census Tract 4.03,Broadview/Bitter Lake,9.1,2023,0.035,0.009,12,454,Medium,7881185.92349243,14097.0266947453
4118,53033003201,32.01,Census Tract 32.01,Sunset Hill/Loyal Heights,10.3,2023,0.056,-0.014,30,1240,,11927788.6225891,32094.5033857248
4119,53033004600,46,Census Tract 46,Green Lake,9.4,2023,0.046,0,7,65,Medium,27829368.7579956,25514.2239990877
4120,53033004702,47.02,Census Tract 47.02,Ballard,10.4,2023,0.054,0.003,46,1748,,2867507.734375,6956.44967487604
4121,53033002700,27,Census Tract 27,Green Lake,9.4,2023,0.061,0,25,359,,17058079.2767029,21942.8352783745
4122,53033001800,18,Census Tract 18,Licton Springs,9.2,2023,0.071,0.017,65,762,,10182882.2714539,13946.100028213
4123,53033005202,52.02,Census Tract 52.02,Wallingford,11.2,2023,0.048,-0.004,57,1708,Medium,2865193.63619995,7845.30321659896
4124,53033005303,53.03,Census Tract 53.03,University District,7.2,2023,0,0,0,0,,24349784.4945679,33904.6213661119
4125,53033004402,44.02,Census Tract 44.02,University District,7.2,2023,0.057,0.004,66,1310,,3175021.43328857,7487.97985687102
4126,53033004401,44.01,Census Tract 44.01,University District,7.2,2023,0.089,0,32,559,,7479571.76147461,12948.9751357778
4127,53033005307,53.07,Census Tract 53.07,University District,7.2,2023,0.061,0.012,21,491,,1399526.47988892,4758.85069026771
4128,53033004101,41.01,Census Tract 41.01,Laurelhurst/Sand Point,7.5,2023,0.014,0.014,3,71,High,16716852.6628113,24230.1579430562
4129,53033005402,54.02,Census Tract 54.02,Fremont,11.1,2023,0.052,0.00199999999999999,43,924,,4993141.86450195,10063.7978469566
4130,53033007700,77,Census Tract 77,Central Area/Squire Park,5.3,2023,0.058,0,23,468,,11391208.2196655,15242.2097594939
4131,53033007502,75.02,Census Tract 75.02,Capitol Hill,6.2,2023,0.056,-0.008,68,2092,,3400503.55529785,7403.62929266713
4132,53033007600,76,Census Tract 76,Miller Park,6.4,2023,0.044,0.003,58,1104,Medium,6155389.38891602,9906.36833563623
4133,53033010200,102,Census Tract 102,Seward Park,4.3,2023,0.053,0.014,4,76,,30129079.2078857,33439.4693972433
4134,53033010401,104.01,Census Tract 104.01,Beacon Hill,3.5,2023,0,0,0,0,,17543421.029068,17342.9302013933
4135,53033010402,104.02,Census Tract 104.02,Beacon Hill,3.5,2023,0.056,0.014,5,71,,18759692.8948212,18925.0430066197
4136,53033010501,105.01,Census Tract 105.01,West Seattle Junction/Genesee Hill,1.3,2023,0.049,-0.006,21,1930,Medium,7986746.71530151,12490.0968039152
4137,53033010102,101.02,Census Tract 101.02,Columbia City,4.2,2023,0,0,0,0,,17314610.0391541,22274.170768035
4138,53033009802,98.02,Census Tract 98.02,West Seattle Junction/Genesee Hill,1.3,2023,0.064,-0.005,21,390,,9927510.52307129,12982.7549339758
4139,53033009000,90,Census Tract 90,Judkins Park,5.2,2023,0.079,0.017,21,800,,9212173.19689941,14319.1029916181
4140,53033026400,264,Census Tract 264,South Park,3.1,2023,0,0,0,0,,461382.048629761,5763.40767367231
4141,53033001201,12.01,Census Tract 12.01,Northgate/Maple Leaf,8.1,2024,0.207,0.165,24,1629,,10851861.641449,15899.7733430541
4142,53033000404,4.04,Census Tract 4.04,Broadview/Bitter Lake,9.1,2024,0.053,-0.002,7,509,,6791652.7237854,12962.5584131713
4143,53033004901,49.01,Census Tract 49.01,Fremont,11.1,2024,0.063,-0.074,109,1084,,5350888.21542358,9379.65576684679
4144,53033003601,36.01,Census Tract 36.01,Green Lake,9.4,2024,0.072,0.019,41,999,,7255879.06799316,11894.2888948854
4145,53033002800,28,Census Tract 28,Greenwood/Phinney Ridge,9.3,2024,0.045,-0.006,35,376,Medium,10637151.8217773,13201.311297987
4146,53033003100,31,Census Tract 31,Sunset Hill/Loyal Heights,10.3,2024,0.045,-0.009,15,112,Medium,23137464.0452271,24704.5678017235
4147,53033006400,64,Census Tract 64,Miller Park,6.4,2024,0.019,0,5,103,High,9726351.90356445,13186.7701844683
4148,53033004301,43.01,Census Tract 43.01,Ravenna/Bryant,7.3,2024,0.101,-0.236,10,606,,10539780.5728455,17192.703749828
4149,53033002500,25,Census Tract 25,Ravenna/Bryant,7.3,2024,0.094,0,3,64,,10594634.2979736,16442.9685869958
4150,53033002200,22,Census Tract 22,Wedgwood/View Ridge,7.4,2024,0.055,0.031,6,164,,30127208.0188904,28505.8067930163
4151,53033004000,40,Census Tract 40,Laurelhurst/Sand Point,7.5,2024,0.043,0.014,3,69,Medium,26374983.680542,27560.0138429836
4152,53033005804,58.04,Census Tract 58.04,Interbay,12.2,2024,0.053,-0.008,38,1064,,25124062.7388306,48668.2722430527
4153,53033006800,68,Census Tract 68,Queen Anne,12.3,2024,0.357,0.316,27,868,,7729250.27154541,11275.3773479613
4154,53033008102,81.02,Census Tract 81.02,Downtown Commercial Core,13.2,2024,0.041,-0.021,9,1310,Medium,5987812.08642578,14339.9950294181
4155,53033008101,81.01,Census Tract 81.01,Downtown Commercial Core,13.2,2024,0.031,0.012,6,1054,Medium,2992165.47857666,11427.1467556707
4156,53033007902,79.02,Census Tract 79.02,Central Area/Squire Park,5.3,2024,0.075,0.019,22,1212,,4641637.80010986,9715.12087740264
4157,53033007302,73.02,Census Tract 73.02,Cascade/Eastlake,11.3,2024,0.094,0.004,10,3708,,3368769.26522827,7802.42635391176
4158,53033007101,71.01,Census Tract 71.01,Queen Anne,12.3,2024,0.061,-0.01,33,2228,,5328474.60678101,9004.94722654019
4159,53033009300,93,Census Tract 93,Duwamish/SODO,3.3,2024,0.069,0.00900000000000001,14,780,,102171584.839813,53946.3734519274
4160,53033010502,105.02,Census Tract 105.02,West Seattle Junction/Genesee Hill,1.3,2024,0.095,0.042,30,1520,,10504351.3417664,14546.1362419116
4161,53033010001,100.01,Census Tract 100.01,North Beacon Hill/Jefferson Park,3.6,2024,0.108,0.02,21,692,,25052474.6053925,25628.9245317132
4162,53033009801,98.01,Census Tract 98.01,West Seattle Junction/Genesee Hill,1.3,2024,0.044,0.003,23,586,Medium,10814248.9397583,13291.5490832838
4163,53033008900,89,Census Tract 89,Madrona/Leschi,5.1,2024,0.095,0.00600000000000001,19,852,,13690717.169342,19328.7463975703
4164,53033026300,263,Census Tract 263,Rainier Beach,4.1,2024,0,0,0,0,,30724.63331604,954.048024444965
4165,53033012000,120,Census Tract 120,Arbor Heights,1.1,2024,0,0,0,0,,15560990.4431915,16787.974281693
4166,53033011101,111.01,Census Tract 111.01,Columbia City,4.2,2024,0.105,0.028,14,944,,12236718.0846863,15552.0743493747
4167,53033011001,110.01,Census Tract 110.01,South Beacon Hill/NewHolly,3.4,2024,0.088,-0.055,2,182,,11629041.0737,16287.3553131872
4168,53033010800,108,Census Tract 108,Riverview,2.3,2024,0.051,0,3,59,,44087445.2204437,39019.3474976913
4169,53033000800,8,Census Tract 8,Cedar Park/Meadowbrook,8.3,2024,0,0,0,0,,12290810.0239868,15312.0874645944
4170,53033003400,34,Census Tract 34,Greenwood/Phinney Ridge,9.3,2024,0.048,0,10,105,Medium,8472471.71472168,12629.322933575
4171,53033005306,53.06,Census Tract 53.06,University District,7.2,2024,0.047,0.004,20,836,Medium,2157906.05789185,5954.87262312138
4172,53033004302,43.02,Census Tract 43.02,Ravenna/Bryant,7.3,2024,0.076,0.022,63,1334,,3564115.6701355,7987.27441919544
4173,53033002400,24,Census Tract 24,Wedgwood/View Ridge,7.4,2024,0,0,0,0,,10359919.7832642,13151.7125244876
4174,53033004102,41.02,Census Tract 41.02,Laurelhurst/Sand Point,7.5,2024,0.07,0.015,7,487,,17933927.2689209,23350.8002922279
4175,53033005600,56,Census Tract 56,Magnolia,12.1,2024,0,0,0,0,,32045056.1363831,29943.5055294428
4176,53033006703,67.03,Census Tract 67.03,Queen Anne,12.3,2024,0.079,0.036,35,608,,6427171.88375854,10846.4930444777
4177,53033006100,61,Census Tract 61,Montlake/Portage Bay,7.1,2024,0.08,0.023,90,1812,,11959193.7410278,21477.2648301767
4178,53033005700,57,Census Tract 57,Magnolia,12.1,2024,0.048,0,28,352,Medium,53305584.4251709,44506.5655358236
4179,53033005901,59.01,Census Tract 59.01,Queen Anne,12.3,2024,0.044,0,30,459,Medium,8449086.71850586,19075.2924234318
4180,53033008401,84.01,Census Tract 84.01,Capitol Hill,6.2,2024,0.095,-0.037,26,2326,,2700766.60922241,9275.81826751285
4181,53033008300,83,Census Tract 83,First Hill,6.1,2024,0.073,0.00599999999999999,14,1196,,2561276.49777222,8632.13489440587
4182,53033007501,75.01,Census Tract 75.01,Capitol Hill,6.2,2024,0.053,0.005,92,2096,,3210519.93661499,7219.62364175991
4183,53033009702,97.02,Census Tract 97.02,West Seattle Junction/Genesee Hill,1.3,2024,0.057,0.009,7,105,,23899907.4262695,28258.7625684306
4184,53033008800,88,Census Tract 88,Central Area/Squire Park,5.3,2024,0.074,-0.043,31,752,,10210038.8581238,13202.5268569703
4185,53033008500,85,Census Tract 85,First Hill,6.1,2024,0.052,0.003,21,1556,,4854121.3192749,9025.58161466663
4186,53033026500,265,Census Tract 265,Highland Park,2.5,2024,0,0,0,0,,4617675.48258972,11234.9647811896
4187,53033011601,116.01,Census Tract 116.01,Fauntleroy/Seaview,1.2,2024,0.05,0,6,80,Medium,16710842.8944397,20011.9659924997
4188,53033011300,113,Census Tract 113,Highland Park,2.5,2024,0.072,0.033,17,334,,37260682.9683075,27184.1613850878
4189,53033011500,115,Census Tract 115,Roxhill/Westwood,2.4,2024,0.082,-0.003,13,294,,16558652.7529297,19887.3089363241
4190,53033010601,106.01,Census Tract 106.01,Fauntleroy/Seaview,1.2,2024,0.053,0.009,27,432,,11724162.319458,14458.8370353337
4191,53033001202,12.02,Census Tract 12.02,Northgate/Maple Leaf,8.1,2024,0.275,0.218,16,1865,,8841145.88363647,13324.9900925288
4192,53033000102,1.02,Census Tract 1.02,Cedar Park/Meadowbrook,8.3,2024,0.074,-0.136,19,1195,,15446821.4830017,19552.3623304664
4193,53033004701,47.01,Census Tract 47.01,Ballard,10.4,2024,0.054,0,54,1486,,6036028.32614136,13539.0476262898
4194,53033004500,45,Census Tract 45,Wallingford,11.2,2024,0.057,0,3,53,,7222109.8883667,11018.3020934985
4195,53033002900,29,Census Tract 29,Greenwood/Phinney Ridge,9.3,2024,0.069,-0.018,26,321,,10614791.1058044,13366.3196709081
4196,53033004201,42.01,Census Tract 42.01,Ravenna/Bryant,7.3,2024,0.034,-0.005,10,178,Medium,13390664.2680969,18286.1439211159
4197,53033007403,74.03,Census Tract 74.03,Capitol Hill,6.2,2024,0.047,-0.003,52,1586,Medium,1276089.0690918,5227.49528678734
4198,53033007002,70.02,Census Tract 70.02,Queen Anne,12.3,2024,0.041,0,74,1758,Medium,4746869.84552002,9490.79905735624
4199,53033005803,58.03,Census Tract 58.03,Interbay,12.2,2024,0.06,0,32,382,,8956173.42456055,17129.1988103483
4200,53033005902,59.02,Census Tract 59.02,Queen Anne,12.3,2024,0.049,0,10,103,Medium,11010649.894989,15184.2205727179
4201,53033004902,49.02,Census Tract 49.02,Fremont,11.1,2024,0.077,0.013,68,1064,,6448262.3397522,10801.7314915315
4202,53033005801,58.01,Census Tract 58.01,Interbay,12.2,2024,0.049,-0.001,45,1305,Medium,19618424.2433472,25500.0139546944
4203,53033007406,74.06,Census Tract 74.06,Capitol Hill,6.2,2024,0.097,0.048,45,1442,,1623443.82748413,6764.47724113477
4204,53033007405,74.05,Census Tract 74.05,Capitol Hill,6.2,2024,0.054,0,52,1505,,1418974.04168701,5012.79869002574
4205,53033009701,97.01,Census Tract 97.01,Alki/Admiral,1.4,2024,0.055,0.005,36,400,,19291172.1184692,29764.000341636
4206,53033009600,96,Census Tract 96,Alki/Admiral,1.4,2024,0.068,0.002,35,469,,19741501.6534882,20745.4059998832
4207,53033008700,87,Census Tract 87,Central Area/Squire Park,5.3,2024,0.05,-0.003,43,626,Medium,7883013.1696167,11432.3842123557
4208,53033011402,114.02,Census Tract 114.02,Roxhill/Westwood,2.4,2024,0.071,0.000999999999999987,28,617,,12779277.8645477,17351.055007292
4209,53033011200,112,Census Tract 112,South Park,3.1,2024,0.069,0.00600000000000001,15,175,,26463890.0310974,27002.3375751905
4210,53033010900,109,Census Tract 109,Georgetown,3.2,2024,0.082,0.018,11,110,,51677122.7107849,44978.7538438156
4211,53033011002,110.02,Census Tract 110.02,South Beacon Hill/NewHolly,3.4,2024,0,0,0,0,,18508908.4571838,22511.1267649617
4212,53033011102,111.02,Census Tract 111.02,Seward Park,4.3,2024,0.042,0.009,22,450,Medium,13970026.6890106,20411.1700649139
4213,53033010702,107.02,Census Tract 107.02,High Point,2.2,2024,0.053,0,2,114,,8396926.79307556,14935.9302412484
4214,53033001100,11,Census Tract 11,Olympic Hills/Victory Heights,8.2,2024,0.106,0.037,11,188,,11416399.5888062,14159.1273465597
4215,53033000700,7,Census Tract 7,Olympic Hills/Victory Heights,8.2,2024,0.059,0.005,56,1027,,13932242.3934631,16134.0299149422
4216,53033000202,2.02,Census Tract 2.02,Olympic Hills/Victory Heights,8.2,2024,0.033,-0.011,5,182,Medium,15930118.4908752,17285.8273694368
4217,53033000101,1.01,Census Tract 1.01,Cedar Park/Meadowbrook,8.3,2024,0.044,-0.018,34,1353,Medium,4465058.88146973,8662.07421505589
4218,53033003301,33.01,Census Tract 33.01,Whittier Heights,10.2,2024,0.044,-0.017,63,832,Medium,7202858.49346924,11177.1813262219
4219,53033003602,36.02,Census Tract 36.02,Green Lake,9.4,2024,0.089,0.039,60,2898,,5621886.08477783,11471.0943824279
4220,53033001900,19,Census Tract 19,Northgate/Maple Leaf,8.1,2024,0.046,-0.006,10,586,Medium,17945171.5240173,18948.4812689278
4221,53033001702,17.02,Census Tract 17.02,Greenwood/Phinney Ridge,9.3,2024,0,0,0,0,,13779275.7612915,17476.4075143324
4222,53033006500,65,Census Tract 65,North Capitol Hill,6.3,2024,0.048,-0.011,78,1210,Medium,12352257.7561951,17921.5013322026
4223,53033006200,62,Census Tract 62,Montlake/Portage Bay,7.1,2024,0,0,0,0,,24610619.7424011,40010.5992573485
4224,53033005305,53.05,Census Tract 53.05,University District,7.2,2024,0.047,-0.003,38,1267,Medium,2292236.61618042,6048.60922233999
4225,53033002600,26,Census Tract 26,Ravenna/Bryant,7.3,2024,0.048,-0.001,8,755,Medium,13398040.1758728,15933.937900155
4226,53033002000,20,Census Tract 20,Northgate/Maple Leaf,8.1,2024,0.019,-0.01,9,206,High,12183878.8231506,15509.5457092747
4227,53033006300,63,Census Tract 63,Madison Park,6.5,2024,0.033,-0.002,20,578,Medium,27750333.3955383,36285.8489218384
4228,53033006600,66,Census Tract 66,Cascade/Eastlake,11.3,2024,0.063,-0.004,86,1825,,11110296.8534851,21995.1062951424
4229,53033006900,69,Census Tract 69,Queen Anne,12.3,2024,0.075,0.004,35,493,,9742176.64987183,15666.5439544695
4230,53033006000,60,Census Tract 60,Queen Anne,12.3,2024,0.08,0.00800000000000001,56,852,,14158764.7126465,19123.0326298116
4231,53033005201,52.01,Census Tract 52.01,Wallingford,11.2,2024,0.038,-0.008,26,719,Medium,7536632.48083496,14175.9240617134
4232,53033005000,50,Census Tract 50,Wallingford,11.2,2024,0.073,0.002,72,1504,,8151942.29489136,11560.148011522
4233,53033008600,86,Census Tract 86,First Hill,6.1,2024,0.092,-0.066,61,3107,,7656616.62564087,11640.7206126296
4234,53033008002,80.02,Census Tract 80.02,Belltown,13.1,2024,0.091,0.014,18,2174,,2522029.80825806,7998.38246587977
4235,53033007901,79.01,Census Tract 79.01,Central Area/Squire Park,5.3,2024,0.063,0.003,50,1053,,2876299.50189209,7879.40433949822
4236,53033007202,72.02,Census Tract 72.02,Cascade/Eastlake,11.3,2024,0.05,-0.011,14,2195,Medium,3020075.66329956,7591.70188344636
4237,53033007301,73.01,Census Tract 73.01,Cascade/Eastlake,11.3,2024,0.062,-0.017,17,2365,,2699344.10806274,7422.61069281975
4238,53033010302,103.02,Census Tract 103.02,Columbia City,4.2,2024,0.067,-0.044,26,1498,,6804418.75059509,11267.2532000827
4239,53033009100,91,Census Tract 91,Pioneer Square/International District,13.3,2024,0.271,0.068,19,2636,,4419685.26577759,10608.3854115205
4240,53033009200,92,Census Tract 92,Pioneer Square/International District,13.3,2024,0.101,0.056,13,552,,3456088.55044556,12687.1211893969
4241,53033011700,117,Census Tract 117,South Beacon Hill/NewHolly,3.4,2024,0,0,0,0,,37826036.2597046,29439.6267373345
4242,53033000500,5,Census Tract 5,Broadview/Bitter Lake,9.1,2024,0,0,0,0,,30294741.0541992,27094.5667843899
4243,53033000601,6.01,Census Tract 6.01,Haller Lake,9.5,2024,0.03,-0.002,18,626,High,15404952.5828857,20078.9564759328
4244,53033003500,35,Census Tract 35,Greenwood/Phinney Ridge,9.3,2024,0.045,-0.009,22,313,Medium,13828061.6665344,16634.3489620973
4245,53033001500,15,Census Tract 15,North Beach/Blue Ridge,10.1,2024,0.063,0,5,64,,12300447.062561,13960.3795463703
4246,53033001400,14,Census Tract 14,North Beach/Blue Ridge,10.1,2024,0.037,0,21,433,Medium,23073388.6559448,30536.3374485091
4247,53033001300,13,Census Tract 13,Licton Springs,9.2,2024,0.052,0.001,76,973,,12710036.9901733,14881.0870453396
4248,53033003800,38,Census Tract 38,Ravenna/Bryant,7.3,2024,0.019,0,6,159,High,6722791.39416504,10392.5315540704
4249,53033007001,70.01,Census Tract 70.01,Queen Anne,12.3,2024,0.038,-0.003,50,1438,Medium,3856290.05014038,9530.30256857274
4250,53033004800,48,Census Tract 48,Fremont,11.1,2024,0.049,-0.003,30,388,Medium,13833886.8196411,18822.2365726525
4251,53033005100,51,Census Tract 51,Wallingford,11.2,2024,0.043,-0.02,24,350,Medium,9490350.15280151,13462.5915467426
4252,53033008200,82,Census Tract 82,First Hill,6.1,2024,0.074,-0.032,16,2557,,4044773.82589722,9102.1403414799
4253,53033010101,101.01,Census Tract 101.01,Columbia City,4.2,2024,0.081,0.00600000000000001,11,345,,9381810.13056946,15311.6567050508
4254,53033012100,121,Census Tract 121,Arbor Heights,1.1,2024,0,0,0,0,,18538900.9337463,25983.6162383482
4255,53033011901,119.01,Census Tract 119.01,Rainier Beach,4.1,2024,0,0,0,0,,18097640.7372589,20485.6455423004
4256,53033000602,6.02,Census Tract 6.02,Haller Lake,9.5,2024,0.045,0,9,396,Medium,25947507.8614197,23221.7047501309
4257,53033000201,2.01,Census Tract 2.01,Olympic Hills/Victory Heights,8.2,2024,0.048,-0.001,13,873,Medium,19446176.3249207,18651.5780841956
4258,53033003302,33.02,Census Tract 33.02,Whittier Heights,10.2,2024,0.074,-0.004,57,552,,6749336.48599243,10550.8179265194
4259,53033005304,53.04,Census Tract 53.04,University District,7.2,2024,0,0,0,0,,786047.098052979,4083.12606626598
4260,53033004202,42.02,Census Tract 42.02,Ravenna/Bryant,7.3,2024,0.033,-0.014,7,213,Medium,13141688.4516602,15651.6663663576
4261,53033007404,74.04,Census Tract 74.04,Capitol Hill,6.2,2024,0.084,0.028,65,1480,,1654579.82751465,5775.69998668964
4262,53033006701,67.01,Census Tract 67.01,Queen Anne,12.3,2024,0.064,-0.053,24,2479,,3639833.1784668,12143.7792365382
4263,53033007800,78,Census Tract 78,Madrona/Leschi,5.1,2024,0.055,0,6,91,,22245158.163269,28746.3735215772
4264,53033007503,75.03,Census Tract 75.03,Capitol Hill,6.2,2024,0.062,-0.00600000000000001,26,1782,,2018614.36813354,6484.38948226953
4265,53033007201,72.01,Census Tract 72.01,Cascade/Eastlake,11.3,2024,0.151,0.107,17,2595,,1622558.90014648,5873.2165106452
4266,53033007203,72.03,Census Tract 72.03,Cascade/Eastlake,11.3,2024,0.071,0.00799999999999999,19,2696,,6238804.94293213,12493.9648041578
4267,53033010301,103.01,Census Tract 103.01,Columbia City,4.2,2024,0.096,0.038,4,52,,10792262.4648438,16924.3685147596
4268,53033009900,99,Census Tract 99,North Delridge,2.1,2024,0.135,0.069,28,1156,,70254374.707016,64633.6615792341
4269,53033009500,95,Census Tract 95,Mt. Baker/North Rainier,4.4,2024,0.112,-0.095,17,347,,27424305.6749573,29618.2112966095
4270,53033009400,94,Census Tract 94,North Beacon Hill/Jefferson Park,3.6,2024,0.364,0.299,60,1620,,18150625.6758423,18874.5831831158
4271,53033011801,118.01,Census Tract 118.01,Rainier Beach,4.1,2024,0.035,0.008,12,258,Medium,12671173.5070038,15849.8135377743
4272,53033011602,116.02,Census Tract 116.02,Fauntleroy/Seaview,1.2,2024,0.053,0.009,13,113,,16924173.2272644,24704.0405747324
4273,53033011401,114.01,Census Tract 114.01,Roxhill/Westwood,2.4,2024,0.05,-0.000999999999999994,6,565,Medium,13273369.1432037,17478.0591593666
4274,53033010701,107.01,Census Tract 107.01,High Point,2.2,2024,0.065,-0.005,5,214,,15726285.722641,21302.3651802902
4275,53033010602,106.02,Census Tract 106.02,Fauntleroy/Seaview,1.2,2024,0.054,-0.008,24,389,,15462014.0646667,23774.9471378089
4276,53033000900,9,Census Tract 9,Cedar Park/Meadowbrook,8.3,2024,0,0,0,0,,10031158.8856812,20828.1661958069
4277,53033000402,4.02,Census Tract 4.02,Broadview/Bitter Lake,9.1,2024,0.044,-0.051,28,589,Medium,19362220.5229187,21397.1752981976
4278,53033000300,3,Census Tract 3,Haller Lake,9.5,2024,0.024,0,7,83,High,13033864.5966187,17298.0295354457
4279,53033003202,32.02,Census Tract 32.02,Sunset Hill/Loyal Heights,10.3,2024,0.062,-0.003,35,387,,10289818.4570313,12945.3948643709
4280,53033003000,30,Census Tract 30,Whittier Heights,10.2,2024,0.059,0.014,28,409,,16072222.0088196,16061.947620856
4281,53033001701,17.01,Census Tract 17.01,Greenwood/Phinney Ridge,9.3,2024,0.11,-0.142,39,1401,,9609026.08453369,17164.4547776423
4282,53033001600,16,Census Tract 16,North Beach/Blue Ridge,10.1,2024,0.063,-0.018,14,222,,20575392.7101746,23147.6459804202
4283,53033002100,21,Census Tract 21,Wedgwood/View Ridge,7.4,2024,0.052,-0.02,17,483,,14696796.7441101,16139.9218598102
4284,53033003900,39,Census Tract 39,Wedgwood/View Ridge,7.4,2024,0.019,0,8,108,High,10481334.9800415,13200.9092050947
4285,53033007102,71.02,Census Tract 71.02,Queen Anne,12.3,2024,0.06,0.004,29,1530,,3615500.8977356,11499.9407456685
4286,53033006702,67.02,Census Tract 67.02,Queen Anne,12.3,2024,0.05,-0.00899999999999999,35,1288,Medium,3280147.99505615,8593.8649046644
4287,53033005401,54.01,Census Tract 54.01,Fremont,11.1,2024,0.092,0.028,38,1418,,7892270.58761597,19740.10787087
4288,53033008004,80.04,Census Tract 80.04,Belltown,13.1,2024,0.054,-0.007,10,1067,,2908326.63348389,14944.9795882911
4289,53033008003,80.03,Census Tract 80.03,Belltown,13.1,2024,0.043,-0.004,13,1361,Medium,2122043.71142578,8720.99942149515
4290,53033008402,84.02,Census Tract 84.02,Capitol Hill,6.2,2024,0.044,-0.003,42,2033,Medium,1565507.71533203,5220.86848686108
4291,53033007303,73.03,Census Tract 73.03,Cascade/Eastlake,11.3,2024,0.037,-0.021,13,3277,Medium,3374596.39306641,7984.8635220016
4292,53033010002,100.02,Census Tract 100.02,North Beacon Hill/Jefferson Park,3.6,2024,0.073,-0.002,23,671,,10204645.644455,13732.7653894052
4293,53033011902,119.02,Census Tract 119.02,Rainier Beach,4.1,2024,0,0,0,0,,16290813.6344757,28897.5986341236
4294,53033011802,118.02,Census Tract 118.02,Rainier Beach,4.1,2024,0.045,0.015,3,67,Medium,12323056.7394714,17201.5467858114
4295,53033004703,47.03,Census Tract 47.03,Ballard,10.4,2024,0.111,0.026,58,1331,,13030918.1381531,18718.8593915212
4296,53033001000,10,Census Tract 10,Cedar Park/Meadowbrook,8.3,2024,0.074,-0.00800000000000001,5,122,,10270271.6852112,13147.0305998084
4297,53033000403,4.03,Census Tract 4.03,Broadview/Bitter Lake,9.1,2024,0.053,0.018,12,454,,7881185.92349243,14097.0266947453
4298,53033003201,32.01,Census Tract 32.01,Sunset Hill/Loyal Heights,10.3,2024,0.063,0.007,30,1240,,11927788.6225891,32094.5033857248
4299,53033004600,46,Census Tract 46,Green Lake,9.4,2024,0.046,0,7,65,Medium,27829368.7579956,25514.2239990877
4300,53033004702,47.02,Census Tract 47.02,Ballard,10.4,2024,0.049,-0.005,46,1748,Medium,2867507.734375,6956.44967487604
4301,53033002700,27,Census Tract 27,Green Lake,9.4,2024,0.045,-0.016,25,359,Medium,17058079.2767029,21942.8352783745
4302,53033001800,18,Census Tract 18,Licton Springs,9.2,2024,0.077,0.00600000000000001,65,762,,10182882.2714539,13946.100028213
4303,53033005202,52.02,Census Tract 52.02,Wallingford,11.2,2024,0.047,-0.001,57,1708,Medium,2865193.63619995,7845.30321659896
4304,53033005303,53.03,Census Tract 53.03,University District,7.2,2024,0,0,0,0,,24349784.4945679,33904.6213661119
4305,53033004402,44.02,Census Tract 44.02,University District,7.2,2024,0.06,0.003,65,1303,,3175021.43328857,7487.97985687102
4306,53033004401,44.01,Census Tract 44.01,University District,7.2,2024,0.097,0.00800000000000001,32,559,,7479571.76147461,12948.9751357778
4307,53033005307,53.07,Census Tract 53.07,University District,7.2,2024,0.077,0.016,21,491,,1399526.47988892,4758.85069026771
4308,53033004101,41.01,Census Tract 41.01,Laurelhurst/Sand Point,7.5,2024,0.014,0,3,71,High,16716852.6628113,24230.1579430562
4309,53033005402,54.02,Census Tract 54.02,Fremont,11.1,2024,0.043,-0.009,44,943,Medium,4993141.86450195,10063.7978469566
4310,53033007700,77,Census Tract 77,Central Area/Squire Park,5.3,2024,0.061,0.003,24,575,,11391208.2196655,15242.2097594939
4311,53033007502,75.02,Census Tract 75.02,Capitol Hill,6.2,2024,0.066,0.01,69,2171,,3400503.55529785,7403.62929266713
4312,53033007600,76,Census Tract 76,Miller Park,6.4,2024,0.043,-0.001,58,1104,Medium,6155389.38891602,9906.36833563623
4313,53033010200,102,Census Tract 102,Seward Park,4.3,2024,0.066,0.013,4,76,,30129079.2078857,33439.4693972433
4314,53033010401,104.01,Census Tract 104.01,Beacon Hill,3.5,2024,0,0,0,0,,17543421.029068,17342.9302013933
4315,53033010402,104.02,Census Tract 104.02,Beacon Hill,3.5,2024,0.07,0.014,5,71,,18759692.8948212,18925.0430066197
4316,53033010501,105.01,Census Tract 105.01,West Seattle Junction/Genesee Hill,1.3,2024,0.063,0.014,21,1930,,7986746.71530151,12490.0968039152
4317,53033010102,101.02,Census Tract 101.02,Columbia City,4.2,2024,0,0,0,0,,17314610.0391541,22274.170768035
4318,53033009802,98.02,Census Tract 98.02,West Seattle Junction/Genesee Hill,1.3,2024,0.056,-0.008,22,467,,9927510.52307129,12982.7549339758
4319,53033009000,90,Census Tract 90,Judkins Park,5.2,2024,0.103,0.024,22,1006,,9212173.19689941,14319.1029916181
4320,53033026400,264,Census Tract 264,South Park,3.1,2024,0,0,0,0,,461382.048629761,5763.40767367231
4321,53033001201,12.01,Census Tract 12.01,Northgate/Maple Leaf,8.1,2025,0.091,-0.116,24,1629,,10851861.641449,15899.7733430541
4322,53033000404,4.04,Census Tract 4.04,Broadview/Bitter Lake,9.1,2025,0.055,0.002,7,509,,6791652.7237854,12962.5584131713
4323,53033004901,49.01,Census Tract 49.01,Fremont,11.1,2025,0.059,-0.004,109,1084,,5350888.21542358,9379.65576684679
4324,53033003601,36.01,Census Tract 36.01,Green Lake,9.4,2025,0.056,-0.016,41,999,,7255879.06799316,11894.2888948854
4325,53033002800,28,Census Tract 28,Greenwood/Phinney Ridge,9.3,2025,0.051,0.006,35,376,,10637151.8217773,13201.311297987
4326,53033003100,31,Census Tract 31,Sunset Hill/Loyal Heights,10.3,2025,0.054,0.009,15,112,,23137464.0452271,24704.5678017235
4327,53033006400,64,Census Tract 64,Miller Park,6.4,2025,0.029,0.01,5,103,High,9726351.90356445,13186.7701844683
4328,53033004301,43.01,Census Tract 43.01,Ravenna/Bryant,7.3,2025,0.163,0.062,10,606,,10539780.5728455,17192.703749828
4329,53033002500,25,Census Tract 25,Ravenna/Bryant,7.3,2025,0.094,0,3,64,,10594634.2979736,16442.9685869958
4330,53033002200,22,Census Tract 22,Wedgwood/View Ridge,7.4,2025,0.037,-0.018,6,164,Medium,30127208.0188904,28505.8067930163
4331,53033004000,40,Census Tract 40,Laurelhurst/Sand Point,7.5,2025,0.043,0,3,69,Medium,26374983.680542,27560.0138429836
4332,53033005804,58.04,Census Tract 58.04,Interbay,12.2,2025,0.144,0.091,39,1232,,25124062.7388306,48668.2722430527
4333,53033006800,68,Census Tract 68,Queen Anne,12.3,2025,0.131,-0.226,26,857,,7729250.27154541,11275.3773479613
4334,53033008102,81.02,Census Tract 81.02,Downtown Commercial Core,13.2,2025,0.039,-0.002,9,1310,Medium,5987812.08642578,14339.9950294181
4335,53033008101,81.01,Census Tract 81.01,Downtown Commercial Core,13.2,2025,0.023,-0.008,6,1054,High,2992165.47857666,11427.1467556707
4336,53033007902,79.02,Census Tract 79.02,Central Area/Squire Park,5.3,2025,0.078,0.003,22,1212,,4641637.80010986,9715.12087740264
4337,53033007302,73.02,Census Tract 73.02,Cascade/Eastlake,11.3,2025,0.082,-0.012,10,3708,,3368769.26522827,7802.42635391176
4338,53033007101,71.01,Census Tract 71.01,Queen Anne,12.3,2025,0.063,0.002,33,2228,,5328474.60678101,9004.94722654019
4339,53033009300,93,Census Tract 93,Duwamish/SODO,3.3,2025,0.072,0.00299999999999999,14,780,,102171584.839813,53946.3734519274
4340,53033010502,105.02,Census Tract 105.02,West Seattle Junction/Genesee Hill,1.3,2025,0.056,-0.039,30,1520,,10504351.3417664,14546.1362419116
4341,53033010001,100.01,Census Tract 100.01,North Beacon Hill/Jefferson Park,3.6,2025,0.107,-0.001,21,692,,25052474.6053925,25628.9245317132
4342,53033009801,98.01,Census Tract 98.01,West Seattle Junction/Genesee Hill,1.3,2025,0.039,-0.005,23,586,Medium,10814248.9397583,13291.5490832838
4343,53033008900,89,Census Tract 89,Madrona/Leschi,5.1,2025,0.101,0.00600000000000001,20,859,,13690717.169342,19328.7463975703
4344,53033026300,263,Census Tract 263,Rainier Beach,4.1,2025,0,0,0,0,,30724.63331604,954.048024444965
4345,53033012000,120,Census Tract 120,Arbor Heights,1.1,2025,0,0,0,0,,15560990.4431915,16787.974281693
4346,53033011101,111.01,Census Tract 111.01,Columbia City,4.2,2025,0.055,-0.05,14,944,,12236718.0846863,15552.0743493747
4347,53033011001,110.01,Census Tract 110.01,South Beacon Hill/NewHolly,3.4,2025,0.071,-0.017,2,182,,11629041.0737,16287.3553131872
4348,53033010800,108,Census Tract 108,Riverview,2.3,2025,0.051,0,3,59,,44087445.2204437,39019.3474976913
4349,53033000800,8,Census Tract 8,Cedar Park/Meadowbrook,8.3,2025,0,0,0,0,,12290810.0239868,15312.0874645944
4350,53033003400,34,Census Tract 34,Greenwood/Phinney Ridge,9.3,2025,0.057,0.009,10,105,,8472471.71472168,12629.322933575
4351,53033005306,53.06,Census Tract 53.06,University District,7.2,2025,0.048,0.001,20,836,Medium,2157906.05789185,5954.87262312138
4352,53033004302,43.02,Census Tract 43.02,Ravenna/Bryant,7.3,2025,0.061,-0.015,63,1379,,3564115.6701355,7987.27441919544
4353,53033002400,24,Census Tract 24,Wedgwood/View Ridge,7.4,2025,0,0,0,0,,10359919.7832642,13151.7125244876
4354,53033004102,41.02,Census Tract 41.02,Laurelhurst/Sand Point,7.5,2025,0.074,0.00399999999999999,7,487,,17933927.2689209,23350.8002922279
4355,53033005600,56,Census Tract 56,Magnolia,12.1,2025,0,0,0,0,,32045056.1363831,29943.5055294428
4356,53033006703,67.03,Census Tract 67.03,Queen Anne,12.3,2025,0.054,-0.025,35,608,,6427171.88375854,10846.4930444777
4357,53033006100,61,Census Tract 61,Montlake/Portage Bay,7.1,2025,0.069,-0.011,90,1812,,11959193.7410278,21477.2648301767
4358,53033005700,57,Census Tract 57,Magnolia,12.1,2025,0.054,0.006,28,352,,53305584.4251709,44506.5655358236
4359,53033005901,59.01,Census Tract 59.01,Queen Anne,12.3,2025,0.054,0.01,30,459,,8449086.71850586,19075.2924234318
4360,53033008401,84.01,Census Tract 84.01,Capitol Hill,6.2,2025,0.053,-0.042,26,2326,,2700766.60922241,9275.81826751285
4361,53033008300,83,Census Tract 83,First Hill,6.1,2025,0.063,-0.01,14,1196,,2561276.49777222,8632.13489440587
4362,53033007501,75.01,Census Tract 75.01,Capitol Hill,6.2,2025,0.058,0.005,92,2096,,3210519.93661499,7219.62364175991
4363,53033009702,97.02,Census Tract 97.02,West Seattle Junction/Genesee Hill,1.3,2025,0.057,0,7,105,,23899907.4262695,28258.7625684306
4364,53033008800,88,Census Tract 88,Central Area/Squire Park,5.3,2025,0.074,0,31,752,,10210038.8581238,13202.5268569703
4365,53033008500,85,Census Tract 85,First Hill,6.1,2025,0.169,0.117,23,2407,,4854121.3192749,9025.58161466663
4366,53033026500,265,Census Tract 265,Highland Park,2.5,2025,0,0,0,0,,4617675.48258972,11234.9647811896
4367,53033011601,116.01,Census Tract 116.01,Fauntleroy/Seaview,1.2,2025,0.05,0,6,80,Medium,16710842.8944397,20011.9659924997
4368,53033011300,113,Census Tract 113,Highland Park,2.5,2025,0.072,0,17,334,,37260682.9683075,27184.1613850878
4369,53033011500,115,Census Tract 115,Roxhill/Westwood,2.4,2025,0.082,0,13,294,,16558652.7529297,19887.3089363241
4370,53033010601,106.01,Census Tract 106.01,Fauntleroy/Seaview,1.2,2025,0.051,-0.002,27,432,,11724162.319458,14458.8370353337
4371,53033001202,12.02,Census Tract 12.02,Northgate/Maple Leaf,8.1,2025,0.116,-0.159,16,1865,,8841145.88363647,13324.9900925288
4372,53033000102,1.02,Census Tract 1.02,Cedar Park/Meadowbrook,8.3,2025,0.115,0.041,19,1195,,15446821.4830017,19552.3623304664
4373,53033004701,47.01,Census Tract 47.01,Ballard,10.4,2025,0.089,0.035,55,1724,,6036028.32614136,13539.0476262898
4374,53033004500,45,Census Tract 45,Wallingford,11.2,2025,0.057,0,3,53,,7222109.8883667,11018.3020934985
4375,53033002900,29,Census Tract 29,Greenwood/Phinney Ridge,9.3,2025,0.065,-0.004,26,321,,10614791.1058044,13366.3196709081
4376,53033004201,42.01,Census Tract 42.01,Ravenna/Bryant,7.3,2025,0.034,0,10,178,Medium,13390664.2680969,18286.1439211159
4377,53033007403,74.03,Census Tract 74.03,Capitol Hill,6.2,2025,0.049,0.002,52,1586,Medium,1276089.0690918,5227.49528678734
4378,53033007002,70.02,Census Tract 70.02,Queen Anne,12.3,2025,0.061,0.02,75,1925,,4746869.84552002,9490.79905735624
4379,53033005803,58.03,Census Tract 58.03,Interbay,12.2,2025,0.065,0.005,32,382,,8956173.42456055,17129.1988103483
4380,53033005902,59.02,Census Tract 59.02,Queen Anne,12.3,2025,0.064,0.015,11,109,,11010649.894989,15184.2205727179
4381,53033004902,49.02,Census Tract 49.02,Fremont,11.1,2025,0.06,-0.017,68,1064,,6448262.3397522,10801.7314915315
4382,53033005801,58.01,Census Tract 58.01,Interbay,12.2,2025,0.048,-0.001,45,1305,Medium,19618424.2433472,25500.0139546944
4383,53033007406,74.06,Census Tract 74.06,Capitol Hill,6.2,2025,0.061,-0.036,45,1442,,1623443.82748413,6764.47724113477
4384,53033007405,74.05,Census Tract 74.05,Capitol Hill,6.2,2025,0.062,0.008,52,1505,,1418974.04168701,5012.79869002574
4385,53033009701,97.01,Census Tract 97.01,Alki/Admiral,1.4,2025,0.058,0.003,36,400,,19291172.1184692,29764.000341636
4386,53033009600,96,Census Tract 96,Alki/Admiral,1.4,2025,0.068,0,35,469,,19741501.6534882,20745.4059998832
4387,53033008700,87,Census Tract 87,Central Area/Squire Park,5.3,2025,0.051,0.000999999999999994,43,626,,7883013.1696167,11432.3842123557
4388,53033011402,114.02,Census Tract 114.02,Roxhill/Westwood,2.4,2025,0.073,0.002,28,617,,12779277.8645477,17351.055007292
4389,53033011200,112,Census Tract 112,South Park,3.1,2025,0.063,-0.00600000000000001,15,175,,26463890.0310974,27002.3375751905
4390,53033010900,109,Census Tract 109,Georgetown,3.2,2025,0.082,0,11,110,,51677122.7107849,44978.7538438156
4391,53033011002,110.02,Census Tract 110.02,South Beacon Hill/NewHolly,3.4,2025,0,0,0,0,,18508908.4571838,22511.1267649617
4392,53033011102,111.02,Census Tract 111.02,Seward Park,4.3,2025,0.064,0.022,22,450,,13970026.6890106,20411.1700649139
4393,53033010702,107.02,Census Tract 107.02,High Point,2.2,2025,0.053,0,2,114,,8396926.79307556,14935.9302412484
4394,53033001100,11,Census Tract 11,Olympic Hills/Victory Heights,8.2,2025,0.053,-0.053,11,188,,11416399.5888062,14159.1273465597
4395,53033000700,7,Census Tract 7,Olympic Hills/Victory Heights,8.2,2025,0.064,0.005,56,1027,,13932242.3934631,16134.0299149422
4396,53033000202,2.02,Census Tract 2.02,Olympic Hills/Victory Heights,8.2,2025,0.049,0.016,5,182,Medium,15930118.4908752,17285.8273694368
4397,53033000101,1.01,Census Tract 1.01,Cedar Park/Meadowbrook,8.3,2025,0.058,0.014,35,1424,,4465058.88146973,8662.07421505589
4398,53033003301,33.01,Census Tract 33.01,Whittier Heights,10.2,2025,0.047,0.003,63,832,Medium,7202858.49346924,11177.1813262219
4399,53033003602,36.02,Census Tract 36.02,Green Lake,9.4,2025,0.066,-0.023,60,2898,,5621886.08477783,11471.0943824279
4400,53033001900,19,Census Tract 19,Northgate/Maple Leaf,8.1,2025,0.072,0.026,10,586,,17945171.5240173,18948.4812689278
4401,53033001702,17.02,Census Tract 17.02,Greenwood/Phinney Ridge,9.3,2025,0,0,0,0,,13779275.7612915,17476.4075143324
4402,53033006500,65,Census Tract 65,North Capitol Hill,6.3,2025,0.051,0.003,78,1210,,12352257.7561951,17921.5013322026
4403,53033006200,62,Census Tract 62,Montlake/Portage Bay,7.1,2025,0,0,0,0,,24610619.7424011,40010.5992573485
4404,53033005305,53.05,Census Tract 53.05,University District,7.2,2025,0.045,-0.002,38,1267,Medium,2292236.61618042,6048.60922233999
4405,53033002600,26,Census Tract 26,Ravenna/Bryant,7.3,2025,0.06,0.012,8,755,,13398040.1758728,15933.937900155
4406,53033002000,20,Census Tract 20,Northgate/Maple Leaf,8.1,2025,0.029,0.01,9,206,High,12183878.8231506,15509.5457092747
4407,53033006300,63,Census Tract 63,Madison Park,6.5,2025,0.04,0.007,20,578,Medium,27750333.3955383,36285.8489218384
4408,53033006600,66,Census Tract 66,Cascade/Eastlake,11.3,2025,0.06,-0.003,86,1825,,11110296.8534851,21995.1062951424
4409,53033006900,69,Census Tract 69,Queen Anne,12.3,2025,0.087,0.012,35,493,,9742176.64987183,15666.5439544695
4410,53033006000,60,Census Tract 60,Queen Anne,12.3,2025,0.094,0.014,57,912,,14158764.7126465,19123.0326298116
4411,53033005201,52.01,Census Tract 52.01,Wallingford,11.2,2025,0.038,0,26,719,Medium,7536632.48083496,14175.9240617134
4412,53033005000,50,Census Tract 50,Wallingford,11.2,2025,0.076,0.003,72,1504,,8151942.29489136,11560.148011522
4413,53033008600,86,Census Tract 86,First Hill,6.1,2025,0.071,-0.021,61,3107,,7656616.62564087,11640.7206126296
4414,53033008002,80.02,Census Tract 80.02,Belltown,13.1,2025,0.074,-0.017,18,2174,,2522029.80825806,7998.38246587977
4415,53033007901,79.01,Census Tract 79.01,Central Area/Squire Park,5.3,2025,0.066,0.003,50,1053,,2876299.50189209,7879.40433949822
4416,53033007202,72.02,Census Tract 72.02,Cascade/Eastlake,11.3,2025,0.152,0.102,15,2519,,3020075.66329956,7591.70188344636
4417,53033007301,73.01,Census Tract 73.01,Cascade/Eastlake,11.3,2025,0.07,0.00800000000000001,17,2365,,2699344.10806274,7422.61069281975
4418,53033010302,103.02,Census Tract 103.02,Columbia City,4.2,2025,0.051,-0.016,26,1498,,6804418.75059509,11267.2532000827
4419,53033009100,91,Census Tract 91,Pioneer Square/International District,13.3,2025,0.143,-0.128,19,2636,,4419685.26577759,10608.3854115205
4420,53033009200,92,Census Tract 92,Pioneer Square/International District,13.3,2025,0.078,-0.023,13,552,,3456088.55044556,12687.1211893969
4421,53033011700,117,Census Tract 117,South Beacon Hill/NewHolly,3.4,2025,0,0,0,0,,37826036.2597046,29439.6267373345
4422,53033000500,5,Census Tract 5,Broadview/Bitter Lake,9.1,2025,0,0,0,0,,30294741.0541992,27094.5667843899
4423,53033000601,6.01,Census Tract 6.01,Haller Lake,9.5,2025,0.032,0.002,18,626,Medium,15404952.5828857,20078.9564759328
4424,53033003500,35,Census Tract 35,Greenwood/Phinney Ridge,9.3,2025,0.048,0.003,22,313,Medium,13828061.6665344,16634.3489620973
4425,53033001500,15,Census Tract 15,North Beach/Blue Ridge,10.1,2025,0.063,0,5,64,,12300447.062561,13960.3795463703
4426,53033001400,14,Census Tract 14,North Beach/Blue Ridge,10.1,2025,0.042,0.005,21,433,Medium,23073388.6559448,30536.3374485091
4427,53033001300,13,Census Tract 13,Licton Springs,9.2,2025,0.063,0.011,76,973,,12710036.9901733,14881.0870453396
4428,53033003800,38,Census Tract 38,Ravenna/Bryant,7.3,2025,0.019,0,6,159,High,6722791.39416504,10392.5315540704
4429,53033007001,70.01,Census Tract 70.01,Queen Anne,12.3,2025,0.061,0.023,50,1438,,3856290.05014038,9530.30256857274
4430,53033004800,48,Census Tract 48,Fremont,11.1,2025,0.057,0.008,30,388,,13833886.8196411,18822.2365726525
4431,53033005100,51,Census Tract 51,Wallingford,11.2,2025,0.043,0,24,350,Medium,9490350.15280151,13462.5915467426
4432,53033008200,82,Census Tract 82,First Hill,6.1,2025,0.079,0.005,16,2557,,4044773.82589722,9102.1403414799
4433,53033010101,101.01,Census Tract 101.01,Columbia City,4.2,2025,0.087,0.00599999999999999,11,345,,9381810.13056946,15311.6567050508
4434,53033012100,121,Census Tract 121,Arbor Heights,1.1,2025,0,0,0,0,,18538900.9337463,25983.6162383482
4435,53033011901,119.01,Census Tract 119.01,Rainier Beach,4.1,2025,0,0,0,0,,18097640.7372589,20485.6455423004
4436,53033000602,6.02,Census Tract 6.02,Haller Lake,9.5,2025,0.061,0.016,9,396,,25947507.8614197,23221.7047501309
4437,53033000201,2.01,Census Tract 2.01,Olympic Hills/Victory Heights,8.2,2025,0.054,0.006,13,873,,19446176.3249207,18651.5780841956
4438,53033003302,33.02,Census Tract 33.02,Whittier Heights,10.2,2025,0.08,0.00600000000000001,57,552,,6749336.48599243,10550.8179265194
4439,53033005304,53.04,Census Tract 53.04,University District,7.2,2025,0,0,0,0,,786047.098052979,4083.12606626598
4440,53033004202,42.02,Census Tract 42.02,Ravenna/Bryant,7.3,2025,0.033,0,7,213,Medium,13141688.4516602,15651.6663663576
4441,53033007404,74.04,Census Tract 74.04,Capitol Hill,6.2,2025,0.066,-0.018,65,1480,,1654579.82751465,5775.69998668964
4442,53033006701,67.01,Census Tract 67.01,Queen Anne,12.3,2025,0.074,0.01,24,2479,,3639833.1784668,12143.7792365382
4443,53033007800,78,Census Tract 78,Madrona/Leschi,5.1,2025,0.066,0.011,6,91,,22245158.163269,28746.3735215772
4444,53033007503,75.03,Census Tract 75.03,Capitol Hill,6.2,2025,0.066,0.004,26,1782,,2018614.36813354,6484.38948226953
4445,53033007201,72.01,Census Tract 72.01,Cascade/Eastlake,11.3,2025,0.067,-0.084,17,2595,,1622558.90014648,5873.2165106452
4446,53033007203,72.03,Census Tract 72.03,Cascade/Eastlake,11.3,2025,0.057,-0.014,19,2696,,6238804.94293213,12493.9648041578
4447,53033010301,103.01,Census Tract 103.01,Columbia City,4.2,2025,0.096,0,4,52,,10792262.4648438,16924.3685147596
4448,53033009900,99,Census Tract 99,North Delridge,2.1,2025,0.118,-0.017,29,1249,,70254374.707016,64633.6615792341
4449,53033009500,95,Census Tract 95,Mt. Baker/North Rainier,4.4,2025,0.098,-0.014,17,347,,27424305.6749573,29618.2112966095
4450,53033009400,94,Census Tract 94,North Beacon Hill/Jefferson Park,3.6,2025,0.186,-0.178,61,2017,,18150625.6758423,18874.5831831158
4451,53033011801,118.01,Census Tract 118.01,Rainier Beach,4.1,2025,0.039,0.004,12,258,Medium,12671173.5070038,15849.8135377743
4452,53033011602,116.02,Census Tract 116.02,Fauntleroy/Seaview,1.2,2025,0.044,-0.009,13,113,Medium,16924173.2272644,24704.0405747324
4453,53033011401,114.01,Census Tract 114.01,Roxhill/Westwood,2.4,2025,0.048,-0.002,6,565,Medium,13273369.1432037,17478.0591593666
4454,53033010701,107.01,Census Tract 107.01,High Point,2.2,2025,0.07,0.005,5,214,,15726285.722641,21302.3651802902
4455,53033010602,106.02,Census Tract 106.02,Fauntleroy/Seaview,1.2,2025,0.054,0,24,389,,15462014.0646667,23774.9471378089
4456,53033000900,9,Census Tract 9,Cedar Park/Meadowbrook,8.3,2025,0,0,0,0,,10031158.8856812,20828.1661958069
4457,53033000402,4.02,Census Tract 4.02,Broadview/Bitter Lake,9.1,2025,0.046,0.002,28,589,Medium,19362220.5229187,21397.1752981976
4458,53033000300,3,Census Tract 3,Haller Lake,9.5,2025,0.036,0.012,7,83,Medium,13033864.5966187,17298.0295354457
4459,53033003202,32.02,Census Tract 32.02,Sunset Hill/Loyal Heights,10.3,2025,0.057,-0.005,35,387,,10289818.4570313,12945.3948643709
4460,53033003000,30,Census Tract 30,Whittier Heights,10.2,2025,0.049,-0.01,28,409,Medium,16072222.0088196,16061.947620856
4461,53033001701,17.01,Census Tract 17.01,Greenwood/Phinney Ridge,9.3,2025,0.07,-0.04,39,1401,,9609026.08453369,17164.4547776423
4462,53033001600,16,Census Tract 16,North Beach/Blue Ridge,10.1,2025,0.327,0.264,15,416,,20575392.7101746,23147.6459804202
4463,53033002100,21,Census Tract 21,Wedgwood/View Ridge,7.4,2025,0.079,0.027,17,483,,14696796.7441101,16139.9218598102
4464,53033003900,39,Census Tract 39,Wedgwood/View Ridge,7.4,2025,0.019,0,8,108,High,10481334.9800415,13200.9092050947
4465,53033007102,71.02,Census Tract 71.02,Queen Anne,12.3,2025,0.142,0.082,30,1699,,3615500.8977356,11499.9407456685
4466,53033006702,67.02,Census Tract 67.02,Queen Anne,12.3,2025,0.057,0.007,35,1288,,3280147.99505615,8593.8649046644
4467,53033005401,54.01,Census Tract 54.01,Fremont,11.1,2025,0.058,-0.034,38,1418,,7892270.58761597,19740.10787087
4468,53033008004,80.04,Census Tract 80.04,Belltown,13.1,2025,0.075,0.021,10,1067,,2908326.63348389,14944.9795882911
4469,53033008003,80.03,Census Tract 80.03,Belltown,13.1,2025,0.041,-0.00199999999999999,13,1361,Medium,2122043.71142578,8720.99942149515
4470,53033008402,84.02,Census Tract 84.02,Capitol Hill,6.2,2025,0.049,0.005,42,2033,Medium,1565507.71533203,5220.86848686108
4471,53033007303,73.03,Census Tract 73.03,Cascade/Eastlake,11.3,2025,0.045,0.008,13,3277,Medium,3374596.39306641,7984.8635220016
4472,53033010002,100.02,Census Tract 100.02,North Beacon Hill/Jefferson Park,3.6,2025,0.072,-0.001,23,671,,10204645.644455,13732.7653894052
4473,53033011902,119.02,Census Tract 119.02,Rainier Beach,4.1,2025,0,0,0,0,,16290813.6344757,28897.5986341236
4474,53033011802,118.02,Census Tract 118.02,Rainier Beach,4.1,2025,0.045,0,3,67,Medium,12323056.7394714,17201.5467858114
4475,53033004703,47.03,Census Tract 47.03,Ballard,10.4,2025,0.076,-0.035,58,1331,,13030918.1381531,18718.8593915212
4476,53033001000,10,Census Tract 10,Cedar Park/Meadowbrook,8.3,2025,0.082,0.00800000000000001,5,122,,10270271.6852112,13147.0305998084
4477,53033000403,4.03,Census Tract 4.03,Broadview/Bitter Lake,9.1,2025,0.057,0.004,12,454,,7881185.92349243,14097.0266947453
4478,53033003201,32.01,Census Tract 32.01,Sunset Hill/Loyal Heights,10.3,2025,0.061,-0.002,30,1240,,11927788.6225891,32094.5033857248
4479,53033004600,46,Census Tract 46,Green Lake,9.4,2025,0.046,0,7,65,Medium,27829368.7579956,25514.2239990877
4480,53033004702,47.02,Census Tract 47.02,Ballard,10.4,2025,0.056,0.007,47,1770,,2867507.734375,6956.44967487604
4481,53033002700,27,Census Tract 27,Green Lake,9.4,2025,0.045,0,25,359,Medium,17058079.2767029,21942.8352783745
4482,53033001800,18,Census Tract 18,Licton Springs,9.2,2025,0.076,-0.001,65,762,,10182882.2714539,13946.100028213
4483,53033005202,52.02,Census Tract 52.02,Wallingford,11.2,2025,0.056,0.009,57,1708,,2865193.63619995,7845.30321659896
4484,53033005303,53.03,Census Tract 53.03,University District,7.2,2025,0,0,0,0,,24349784.4945679,33904.6213661119
4485,53033004402,44.02,Census Tract 44.02,University District,7.2,2025,0.055,-0.005,65,1303,,3175021.43328857,7487.97985687102
4486,53033004401,44.01,Census Tract 44.01,University District,7.2,2025,0.093,-0.004,32,559,,7479571.76147461,12948.9751357778
4487,53033005307,53.07,Census Tract 53.07,University District,7.2,2025,0.094,0.017,21,491,,1399526.47988892,4758.85069026771
4488,53033004101,41.01,Census Tract 41.01,Laurelhurst/Sand Point,7.5,2025,0.014,0,3,71,High,16716852.6628113,24230.1579430562
4489,53033005402,54.02,Census Tract 54.02,Fremont,11.1,2025,0.045,0.002,45,1068,Medium,4993141.86450195,10063.7978469566
4490,53033007700,77,Census Tract 77,Central Area/Squire Park,5.3,2025,0.068,0.00700000000000001,24,575,,11391208.2196655,15242.2097594939
4491,53033007502,75.02,Census Tract 75.02,Capitol Hill,6.2,2025,0.065,-0.001,69,2171,,3400503.55529785,7403.62929266713
4492,53033007600,76,Census Tract 76,Miller Park,6.4,2025,0.051,0.008,58,1104,,6155389.38891602,9906.36833563623
4493,53033010200,102,Census Tract 102,Seward Park,4.3,2025,0.066,0,4,76,,30129079.2078857,33439.4693972433
4494,53033010401,104.01,Census Tract 104.01,Beacon Hill,3.5,2025,0,0,0,0,,17543421.029068,17342.9302013933
4495,53033010402,104.02,Census Tract 104.02,Beacon Hill,3.5,2025,0.07,0,5,71,,18759692.8948212,18925.0430066197
4496,53033010501,105.01,Census Tract 105.01,West Seattle Junction/Genesee Hill,1.3,2025,0.049,-0.014,21,1930,Medium,7986746.71530151,12490.0968039152
4497,53033010102,101.02,Census Tract 101.02,Columbia City,4.2,2025,0,0,0,0,,17314610.0391541,22274.170768035
4498,53033009802,98.02,Census Tract 98.02,West Seattle Junction/Genesee Hill,1.3,2025,0.054,-0.002,22,467,,9927510.52307129,12982.7549339758
4499,53033009000,90,Census Tract 90,Judkins Park,5.2,2025,0.076,-0.027,22,1006,,9212173.19689941,14319.1029916181
4500,53033026400,264,Census Tract 264,South Park,3.1,2025,0,0,0,0,,461382.048629761,5763.40767367231
